  0
SECTION
  2
HEADER
  9
$ACADVER
  1
AC1024
  9
$ACADMAINTVER
 70
6
  9
$DWGCODEPAGE
  3
ANSI_1250
  9
$LASTSAVEDBY
  1
MarekBabulak
  9
$INSBASE
 10
0.0
 20
0.0
 30
0.0
  9
$EXTMIN
 10
15607.43839598841
 20
13972.54313454251
 30
0.0
  9
$EXTMAX
 10
177641.4380723229
 20
138992.0948667894
 30
2500.0
  9
$LIMMIN
 10
0.0
 20
0.0
  9
$LIMMAX
 10
12.0
 20
9.0
  9
$ORTHOMODE
 70
0
  9
$REGENMODE
 70
1
  9
$FILLMODE
 70
1
  9
$QTEXTMODE
 70
0
  9
$MIRRTEXT
 70
0
  9
$LTSCALE
 40
1.0
  9
$ATTMODE
 70
1
  9
$TEXTSIZE
 40
2.5
  9
$TRACEWID
 40
1.0
  9
$TEXTSTYLE
  7
Standard
  9
$CLAYER
  8
HEIZUNG RÜCKLAUF
  9
$CELTYPE
  6
ByLayer
  9
$CECOLOR
 62
256
  9
$CELTSCALE
 40
1.0
  9
$DISPSILH
 70
0
  9
$DIMSCALE
 40
1.0
  9
$DIMASZ
 40
2.5
  9
$DIMEXO
 40
0.625
  9
$DIMDLI
 40
3.75
  9
$DIMRND
 40
0.0
  9
$DIMDLE
 40
0.0
  9
$DIMEXE
 40
1.25
  9
$DIMTP
 40
0.0
  9
$DIMTM
 40
0.0
  9
$DIMTXT
 40
2.5
  9
$DIMCEN
 40
2.5
  9
$DIMTSZ
 40
0.0
  9
$DIMTOL
 70
0
  9
$DIMLIM
 70
0
  9
$DIMTIH
 70
0
  9
$DIMTOH
 70
0
  9
$DIMSE1
 70
0
  9
$DIMSE2
 70
0
  9
$DIMTAD
 70
1
  9
$DIMZIN
 70
8
  9
$DIMBLK
  1

  9
$DIMASO
 70
1
  9
$DIMSHO
 70
1
  9
$DIMPOST
  1

  9
$DIMAPOST
  1

  9
$DIMALT
 70
0
  9
$DIMALTD
 70
3
  9
$DIMALTF
 40
0.03937007874016
  9
$DIMLFAC
 40
1.0
  9
$DIMTOFL
 70
1
  9
$DIMTVP
 40
0.0
  9
$DIMTIX
 70
0
  9
$DIMSOXD
 70
0
  9
$DIMSAH
 70
0
  9
$DIMBLK1
  1

  9
$DIMBLK2
  1

  9
$DIMSTYLE
  2
ISO-25
  9
$DIMCLRD
 70
0
  9
$DIMCLRE
 70
0
  9
$DIMCLRT
 70
0
  9
$DIMTFAC
 40
1.0
  9
$DIMGAP
 40
0.625
  9
$DIMJUST
 70
0
  9
$DIMSD1
 70
0
  9
$DIMSD2
 70
0
  9
$DIMTOLJ
 70
0
  9
$DIMTZIN
 70
8
  9
$DIMALTZ
 70
0
  9
$DIMALTTZ
 70
0
  9
$DIMUPT
 70
0
  9
$DIMDEC
 70
2
  9
$DIMTDEC
 70
2
  9
$DIMALTU
 70
2
  9
$DIMALTTD
 70
3
  9
$DIMTXSTY
  7
Standard
  9
$DIMAUNIT
 70
0
  9
$DIMADEC
 70
0
  9
$DIMALTRND
 40
0.0
  9
$DIMAZIN
 70
0
  9
$DIMDSEP
 70
44
  9
$DIMATFIT
 70
3
  9
$DIMFRAC
 70
0
  9
$DIMLDRBLK
  1

  9
$DIMLUNIT
 70
2
  9
$DIMLWD
 70
-2
  9
$DIMLWE
 70
-2
  9
$DIMTMOVE
 70
0
  9
$DIMFXL
 40
1.0
  9
$DIMFXLON
 70
0
  9
$DIMJOGANG
 40
0.7853981633974483
  9
$DIMTFILL
 70
0
  9
$DIMTFILLCLR
 70
0
  9
$DIMARCSYM
 70
0
  9
$DIMLTYPE
  6

  9
$DIMLTEX1
  6

  9
$DIMLTEX2
  6

  9
$DIMTXTDIRECTION
 70
0
  9
$LUNITS
 70
2
  9
$LUPREC
 70
4
  9
$SKETCHINC
 40
1.0
  9
$FILLETRAD
 40
0.0
  9
$AUNITS
 70
0
  9
$AUPREC
 70
0
  9
$MENU
  1
.
  9
$ELEVATION
 40
0.0
  9
$PELEVATION
 40
0.0
  9
$THICKNESS
 40
0.0
  9
$LIMCHECK
 70
0
  9
$CHAMFERA
 40
0.0
  9
$CHAMFERB
 40
0.0
  9
$CHAMFERC
 40
0.0
  9
$CHAMFERD
 40
0.0
  9
$SKPOLY
 70
0
  9
$TDCREATE
 40
2461320.1128935185
  9
$TDUCREATE
 40
2455734.318762477
  9
$TDUPDATE
 40
2461320.1129050925
  9
$TDUUPDATE
 40
2461180.960162037
  9
$TDINDWG
 40
2.8661643056
  9
$TDUSRTIMER
 40
2.8661639352
  9
$USRTIMER
 70
1
  9
$ANGBASE
 50
0.0
  9
$ANGDIR
 70
0
  9
$PDMODE
 70
0
  9
$PDSIZE
 40
0.0
  9
$PLINEWID
 40
0.0
  9
$SPLFRAME
 70
0
  9
$SPLINETYPE
 70
6
  9
$SPLINESEGS
 70
8
  9
$HANDSEED
  5
24DAA
  9
$SURFTAB1
 70
6
  9
$SURFTAB2
 70
6
  9
$SURFTYPE
 70
6
  9
$SURFU
 70
6
  9
$SURFV
 70
6
  9
$UCSBASE
  2

  9
$UCSNAME
  2

  9
$UCSORG
 10
0.0
 20
0.0
 30
0.0
  9
$UCSXDIR
 10
1.0
 20
0.0
 30
0.0
  9
$UCSYDIR
 10
0.0
 20
1.0
 30
0.0
  9
$UCSORTHOREF
  2

  9
$UCSORTHOVIEW
 70
0
  9
$UCSORGTOP
 10
0.0
 20
0.0
 30
0.0
  9
$UCSORGBOTTOM
 10
0.0
 20
0.0
 30
0.0
  9
$UCSORGLEFT
 10
0.0
 20
0.0
 30
0.0
  9
$UCSORGRIGHT
 10
0.0
 20
0.0
 30
0.0
  9
$UCSORGFRONT
 10
0.0
 20
0.0
 30
0.0
  9
$UCSORGBACK
 10
0.0
 20
0.0
 30
0.0
  9
$PUCSBASE
  2

  9
$PUCSNAME
  2

  9
$PUCSORG
 10
0.0
 20
0.0
 30
0.0
  9
$PUCSXDIR
 10
1.0
 20
0.0
 30
0.0
  9
$PUCSYDIR
 10
0.0
 20
1.0
 30
0.0
  9
$PUCSORTHOREF
  2

  9
$PUCSORTHOVIEW
 70
0
  9
$PUCSORGTOP
 10
0.0
 20
0.0
 30
0.0
  9
$PUCSORGBOTTOM
 10
0.0
 20
0.0
 30
0.0
  9
$PUCSORGLEFT
 10
0.0
 20
0.0
 30
0.0
  9
$PUCSORGRIGHT
 10
0.0
 20
0.0
 30
0.0
  9
$PUCSORGFRONT
 10
0.0
 20
0.0
 30
0.0
  9
$PUCSORGBACK
 10
0.0
 20
0.0
 30
0.0
  9
$USERI1
 70
0
  9
$USERI2
 70
0
  9
$USERI3
 70
0
  9
$USERI4
 70
0
  9
$USERI5
 70
0
  9
$USERR1
 40
0.0
  9
$USERR2
 40
0.0
  9
$USERR3
 40
0.0
  9
$USERR4
 40
0.0
  9
$USERR5
 40
0.0
  9
$WORLDVIEW
 70
1
  9
$SHADEDGE
 70
3
  9
$SHADEDIF
 70
70
  9
$TILEMODE
 70
0
  9
$MAXACTVP
 70
64
  9
$PINSBASE
 10
0.0
 20
0.0
 30
0.0
  9
$PLIMCHECK
 70
0
  9
$PEXTMIN
 10
49.8412874501455
 20
35.59298613685496
 30
0.0
  9
$PEXTMAX
 10
1238.841287450146
 20
629.5929861368548
 30
0.0
  9
$PLIMMIN
 10
39.67020105151423
 20
-95.10119692559161
  9
$PLIMMAX
 10
1249.012373848777
 20
760.2871691993015
  9
$UNITMODE
 70
0
  9
$VISRETAIN
 70
1
  9
$PLINEGEN
 70
0
  9
$PSLTSCALE
 70
1
  9
$TREEDEPTH
 70
3020
  9
$CMLSTYLE
  2
Standard
  9
$CMLJUST
 70
0
  9
$CMLSCALE
 40
20.0
  9
$PROXYGRAPHICS
 70
1
  9
$MEASUREMENT
 70
1
  9
$CELWEIGHT
370
-1
  9
$ENDCAPS
280
0
  9
$JOINSTYLE
280
0
  9
$LWDISPLAY
290
0
  9
$INSUNITS
 70
4
  9
$HYPERLINKBASE
  1

  9
$STYLESHEET
  1

  9
$XEDIT
290
1
  9
$CEPSNTYPE
380
0
  9
$PSTYLEMODE
290
1
  9
$FINGERPRINTGUID
  2
{3F80C236-E432-484B-A735-151E438C5218}
  9
$VERSIONGUID
  2
{D24893AA-76D9-441C-96FB-EA638F10DADC}
  9
$EXTNAMES
290
1
  9
$PSVPSCALE
 40
0.0
  9
$OLESTARTUP
290
0
  9
$SORTENTS
280
127
  9
$INDEXCTL
280
0
  9
$HIDETEXT
280
1
  9
$XCLIPFRAME
280
2
  9
$HALOGAP
280
0
  9
$OBSCOLOR
 70
257
  9
$OBSLTYPE
280
0
  9
$INTERSECTIONDISPLAY
280
0
  9
$INTERSECTIONCOLOR
 70
257
  9
$DIMASSOC
280
2
  9
$PROJECTNAME
  1

  9
$CAMERADISPLAY
290
0
  9
$LENSLENGTH
 40
50.0
  9
$CAMERAHEIGHT
 40
0.0
  9
$STEPSPERSEC
 40
2.0
  9
$STEPSIZE
 40
6.0
  9
$3DDWFPREC
 40
2.0
  9
$PSOLWIDTH
 40
5.0
  9
$PSOLHEIGHT
 40
80.0
  9
$LOFTANG1
 40
1.570796326794896
  9
$LOFTANG2
 40
1.570796326794896
  9
$LOFTMAG1
 40
0.0
  9
$LOFTMAG2
 40
0.0
  9
$LOFTPARAM
 70
7
  9
$LOFTNORMALS
280
1
  9
$LATITUDE
 40
37.795
  9
$LONGITUDE
 40
-122.394
  9
$NORTHDIRECTION
 40
0.0
  9
$TIMEZONE
 70
-8000
  9
$LIGHTGLYPHDISPLAY
280
1
  9
$TILEMODELIGHTSYNCH
280
1
  9
$CMATERIAL
347
EC
  9
$SOLIDHIST
280
1
  9
$SHOWHIST
280
1
  9
$DWFFRAME
280
2
  9
$DGNFRAME
280
0
  9
$REALWORLDSCALE
290
1
  9
$INTERFERECOLOR
 62
1
  9
$INTERFEREOBJVS
345
F9
  9
$INTERFEREVPVS
346
F6
  9
$CSHADOW
280
0
  9
$SHADOWPLANELOCATION
 40
0.0
  0
ENDSEC
  0
SECTION
  2
CLASSES
  0
CLASS
  1
ACDBDICTIONARYWDFLT
  2
AcDbDictionaryWithDefault
  3
ObjectDBX Classes
 90
0
 91
1
280
0
281
0
  0
CLASS
  1
ACDBPLACEHOLDER
  2
AcDbPlaceHolder
  3
ObjectDBX Classes
 90
0
 91
1
280
0
281
0
  0
CLASS
  1
LAYOUT
  2
AcDbLayout
  3
ObjectDBX Classes
 90
0
 91
2
280
0
281
0
  0
CLASS
  1
DICTIONARYVAR
  2
AcDbDictionaryVar
  3
ObjectDBX Classes
 90
0
 91
9
280
0
281
0
  0
CLASS
  1
TABLESTYLE
  2
AcDbTableStyle
  3
ObjectDBX Classes
 90
4095
 91
1
280
0
281
0
  0
CLASS
  1
MATERIAL
  2
AcDbMaterial
  3
ObjectDBX Classes
 90
1153
 91
3
280
0
281
0
  0
CLASS
  1
VISUALSTYLE
  2
AcDbVisualStyle
  3
ObjectDBX Classes
 90
4095
 91
26
280
0
281
0
  0
CLASS
  1
SCALE
  2
AcDbScale
  3
ObjectDBX Classes
 90
1153
 91
20
280
0
281
0
  0
CLASS
  1
MLEADERSTYLE
  2
AcDbMLeaderStyle
  3
ACDB_MLEADERSTYLE_CLASS
 90
4095
 91
1
280
0
281
0
  0
CLASS
  1
CELLSTYLEMAP
  2
AcDbCellStyleMap
  3
ObjectDBX Classes
 90
1152
 91
1
280
0
281
0
  0
CLASS
  1
EXACXREFPANELOBJECT
  2
ExAcXREFPanelObject
  3
EXAC_ESW
 90
1025
 91
0
280
0
281
0
  0
CLASS
  1
NPOCOLLECTION
  2
AcDbImpNonPersistentObjectsCollection
  3
ObjectDBX Classes
 90
1153
 91
0
280
0
281
0
  0
CLASS
  1
LAYER_INDEX
  2
AcDbLayerIndex
  3
ObjectDBX Classes
 90
0
 91
0
280
0
281
0
  0
CLASS
  1
SPATIAL_INDEX
  2
AcDbSpatialIndex
  3
ObjectDBX Classes
 90
0
 91
0
280
0
281
0
  0
CLASS
  1
IDBUFFER
  2
AcDbIdBuffer
  3
ObjectDBX Classes
 90
0
 91
0
280
0
281
0
  0
CLASS
  1
SORTENTSTABLE
  2
AcDbSortentsTable
  3
ObjectDBX Classes
 90
0
 91
5
280
0
281
0
  0
CLASS
  1
AEC_REFEDIT_STATUS_TRACKER
  2
AecDbRefEditStatusTracker
  3
AecArchBase60|Product Desc: Autodesk Architectural Desktop 2007 |Company: Autodesk,Inc. |WEB Address: www.autodesk.com
 90
129
 91
0
280
0
281
0
  0
CLASS
  1
ACDBSECTIONVIEWSTYLE
  2
AcDbSectionViewStyle
  3
ObjectDBX Classes
 90
1025
 91
2
280
0
281
0
  0
CLASS
  1
ACDBDETAILVIEWSTYLE
  2
AcDbDetailViewStyle
  3
ObjectDBX Classes
 90
1025
 91
2
280
0
281
0
  0
CLASS
  1
RAPIDRTRENDERSETTINGS
  2
AcDbRapidRTRenderSettings
  3
ObjectDBX Classes
 90
1024
 91
6
280
0
281
0
  0
CLASS
  1
SOLID_BACKGROUND
  2
AcDbSolidBackground
  3
SCENEOE
 90
4095
 91
0
280
0
281
0
  0
CLASS
  1
IMAGE
  2
AcDbRasterImage
  3
ISM
 90
2175
 91
1
280
0
281
1
  0
CLASS
  1
IMAGEDEF_REACTOR
  2
AcDbRasterImageDefReactor
  3
ISM
 90
1
 91
1
280
0
281
0
  0
CLASS
  1
IMAGEDEF
  2
AcDbRasterImageDef
  3
ISM
 90
0
 91
1
280
0
281
0
  0
CLASS
  1
RASTERVARIABLES
  2
AcDbRasterVariables
  3
ISM
 90
0
 91
1
280
0
281
0
  0
CLASS
  1
SUN
  2
AcDbSun
  3
SCENEOE
 90
1153
 91
0
280
0
281
0
  0
CLASS
  1
MENTALRAYRENDERSETTINGS
  2
AcDbMentalRayRenderSettings
  3
SCENEOE
 90
1024
 91
0
280
0
281
0
  0
ENDSEC
  0
SECTION
  2
TABLES
  0
TABLE
  2
VPORT
  5
8
330
0
100
AcDbSymbolTable
 70
1
  0
VPORT
  5
EA
330
8
100
AcDbSymbolTableRecord
100
AcDbViewportTableRecord
  2
*Active
 70
0
 10
0.0
 20
0.0
 11
1.0
 21
1.0
 12
-13228.46286007821
 22
21267.36897227321
 13
0.0
 23
0.0
 14
10.0
 24
10.0
 15
10.0
 25
10.0
 16
-1.600711e-10
 26
0.0
 36
705409.3280786359
 17
110302.5488357053
 27
42543.47974430054
 37
1250.0
 40
114580.8575509646
 41
1.914634146341463
 42
50.0
 43
0.0
 44
0.0
 50
0.0
 51
0.0
 71
0
 72
1000
 73
1
 74
1
 75
0
 76
1
 77
0
 78
0
281
0
 65
1
110
0.0
120
0.0
130
0.0
111
1.0
121
0.0
131
0.0
112
0.0
122
1.0
132
0.0
 79
0
146
0.0
 60
2
 61
5
348
F5
292
1
282
1
141
0.0
142
0.0
 63
250
421
3355443
1001
ACAD_NAV_VCDISPLAY
1070
3
  0
ENDTAB
  0
TABLE
  2
LTYPE
  5
5
330
0
100
AcDbSymbolTable
 70
9
  0
LTYPE
  5
14
330
5
100
AcDbSymbolTableRecord
100
AcDbLinetypeTableRecord
  2
ByBlock
 70
0
  3

 72
65
 73
0
 40
0.0
  0
LTYPE
  5
15
330
5
100
AcDbSymbolTableRecord
100
AcDbLinetypeTableRecord
  2
ByLayer
 70
0
  3

 72
65
 73
0
 40
0.0
  0
LTYPE
  5
16
330
5
100
AcDbSymbolTableRecord
100
AcDbLinetypeTableRecord
  2
Continuous
 70
0
  3
Solid line
 72
65
 73
0
 40
0.0
  0
LTYPE
  5
83E
330
5
100
AcDbSymbolTableRecord
100
AcDbLinetypeTableRecord
  2
ACAD_ISO10W100
 70
0
  3
ISO Strichpunktlinie __ . __ . __ . __ . __ . _
 72
65
 73
4
 40
18.0
 49
12.0
 74
0
 49
-3.0
 74
0
 49
0.0
 74
0
 49
-3.0
 74
0
  0
LTYPE
  5
228A5
330
5
100
AcDbSymbolTableRecord
100
AcDbLinetypeTableRecord
  2
DASHED
 70
0
  3
__ __ __ __ __ __ __ __ __ __ __ __ __ __ __
 72
65
 73
2
 40
0.75
 49
0.5
 74
0
 49
-0.25
 74
0
  0
LTYPE
  5
228DC
330
5
100
AcDbSymbolTableRecord
100
AcDbLinetypeTableRecord
  2
HIDDEN
 70
0
  3
Verdeckt
 72
65
 73
2
 40
0.375
 49
0.25
 74
0
 49
-0.125
 74
0
  0
LTYPE
  5
22D48
330
5
100
AcDbSymbolTableRecord
100
AcDbLinetypeTableRecord
  2
DASHDOT
 70
0
  3
__ . __ . __ . __ . __ . __ . __ . __ . __ . __
 72
65
 73
4
 40
1.0
 49
0.5
 74
0
 49
-0.25
 74
0
 49
0.0
 74
0
 49
-0.25
 74
0
  0
LTYPE
  5
23462
330
5
100
AcDbSymbolTableRecord
100
AcDbLinetypeTableRecord
  2
DOT
 70
0
  3
. . . . . . . . . . . . . . . . . . . . . . 
 72
65
 73
2
 40
0.25
 49
0.0
 74
0
 49
-0.25
 74
0
  0
LTYPE
  5
242CF
330
5
100
AcDbSymbolTableRecord
100
AcDbLinetypeTableRecord
  2
DGN Style 2
 70
0
  3

 72
65
 73
2
 40
249.0680976910589
 49
149.4408586146353
 74
0
 49
-99.62723907642356
 74
0
  0
ENDTAB
  0
TABLE
  2
LAYER
  5
2
102
{ACAD_XDICTIONARY
360
85A
102
}
330
0
100
AcDbSymbolTable
 70
7
  0
LAYER
  5
10
102
{ACAD_XDICTIONARY
360
13C
102
}
330
2
100
AcDbSymbolTableRecord
100
AcDbLayerTableRecord
  2
0
 70
0
 62
7
  6
Continuous
370
-3
390
F
347
EE
  0
LAYER
  5
848
102
{ACAD_XDICTIONARY
360
849
102
}
330
2
100
AcDbSymbolTableRecord
100
AcDbLayerTableRecord
  2
A06_Text
 70
0
 62
7
  6
Continuous
370
-3
390
F
347
EE
  0
LAYER
  5
C00A
102
{ACAD_XDICTIONARY
360
C00B
102
}
330
2
100
AcDbSymbolTableRecord
100
AcDbLayerTableRecord
  2
A05_Bemaßung
 70
0
 62
-3
  6
Continuous
370
-3
390
F
347
EE
  0
LAYER
  5
C00C
102
{ACAD_XDICTIONARY
360
C00D
102
}
330
2
100
AcDbSymbolTableRecord
100
AcDbLayerTableRecord
  2
A07_Achslinien
 70
0
 62
253
  6
ACAD_ISO10W100
370
-3
390
F
347
EE
  0
LAYER
  5
C014
102
{ACAD_XDICTIONARY
360
C015
102
}
330
2
100
AcDbSymbolTableRecord
100
AcDbLayerTableRecord
  2
A0_Grundriß
 70
0
 62
7
  6
Continuous
370
50
390
F
347
EE
  0
LAYER
  5
C016
102
{ACAD_XDICTIONARY
360
C017
102
}
330
2
100
AcDbSymbolTableRecord
100
AcDbLayerTableRecord
  2
A03_Türen
 70
0
 62
254
  6
Continuous
370
25
390
F
347
EE
  0
LAYER
  5
24DA5
330
2
100
AcDbSymbolTableRecord
100
AcDbLayerTableRecord
  2
Defpoints
 70
0
 62
7
  6
Continuous
290
0
370
-3
390
F
347
EE
  0
ENDTAB
  0
TABLE
  2
STYLE
  5
3
330
0
100
AcDbSymbolTable
 70
10
  0
STYLE
  5
11
330
3
100
AcDbSymbolTableRecord
100
AcDbTextStyleTableRecord
  2
Standard
 70
0
 40
0.0
 41
1.0
 50
0.0
 71
0
 42
2.5
  3
arial.ttf
  4

1001
ACAD
1000
Arial
1071
34
  0
STYLE
  5
44A6
330
3
100
AcDbSymbolTableRecord
100
AcDbTextStyleTableRecord
  2
ACDINTS
 70
0
 40
1.0
 41
1.0
 50
0.0
 71
0
 42
2.5
  3
isocp.shx
  4

  0
STYLE
  5
4557
330
3
100
AcDbSymbolTableRecord
100
AcDbTextStyleTableRecord
  2
ISO Proportional
 70
0
 40
0.0
 41
1.0
 50
0.0
 71
0
 42
2.5
  3
wingding.ttf
  4

1001
ACAD
1000
Wingdings
1071
514
  0
STYLE
  5
129A0
330
3
100
AcDbSymbolTableRecord
100
AcDbTextStyleTableRecord
  2
1
 70
0
 40
0.0
 41
1.0
 50
0.0
 71
0
 42
0.2
  3
TXT
  4

  0
STYLE
  5
214AA
330
3
100
AcDbSymbolTableRecord
100
AcDbTextStyleTableRecord
  2
USER1
 70
0
 40
0.0
 41
1.0
 50
0.0
 71
0
 42
0.2
  3
TXT
  4

  0
STYLE
  5
234C8
330
3
100
AcDbSymbolTableRecord
100
AcDbTextStyleTableRecord
  2
2
 70
0
 40
0.0
 41
1.0
 50
0.0
 71
0
 42
0.2
  3
TXT
  4

  0
STYLE
  5
234D0
330
3
100
AcDbSymbolTableRecord
100
AcDbTextStyleTableRecord
  2
3
 70
0
 40
0.0
 41
1.0
 50
0.0
 71
0
 42
0.2
  3
TXT
  4

  0
STYLE
  5
23E31
330
3
100
AcDbSymbolTableRecord
100
AcDbTextStyleTableRecord
  2
ARIAL
 70
0
 40
0.0
 41
1.0
 50
0.0
 71
0
 42
0.2
  3
arial.ttf
  4

1001
ACAD
1000
Arial
1071
34
  0
STYLE
  5
240BB
330
3
100
AcDbSymbolTableRecord
100
AcDbTextStyleTableRecord
  2
Style-Arial
 70
0
 40
0.0
 41
1.0
 50
0.0
 71
0
 42
90.0
  3
arial.ttf
  4

1001
ACAD
1000
Arial
1071
39
  0
STYLE
  5
240BC
330
3
100
AcDbSymbolTableRecord
100
AcDbTextStyleTableRecord
  2
MtXpl_Arial_Unicode_
 70
0
 40
0.0
 41
1.0
 50
0.0
 71
0
 42
761.4490392546867
  3
ARIALUNI.ttf
  4

1001
ACAD
1000
@Arial Unicode MS
1071
60962
  0
ENDTAB
  0
TABLE
  2
VIEW
  5
6
330
0
100
AcDbSymbolTable
 70
0
  0
ENDTAB
  0
TABLE
  2
UCS
  5
7
330
0
100
AcDbSymbolTable
 70
0
  0
ENDTAB
  0
TABLE
  2
APPID
  5
9
330
0
100
AcDbSymbolTable
 70
23
  0
APPID
  5
12
330
9
100
AcDbSymbolTableRecord
100
AcDbRegAppTableRecord
  2
ACAD
 70
0
  0
APPID
  5
9E
330
9
100
AcDbSymbolTableRecord
100
AcDbRegAppTableRecord
  2
ACAD_PSEXT
 70
0
  0
APPID
  5
133
330
9
100
AcDbSymbolTableRecord
100
AcDbRegAppTableRecord
  2
AcadAnnoPO
 70
0
  0
APPID
  5
134
330
9
100
AcDbSymbolTableRecord
100
AcDbRegAppTableRecord
  2
AcadAnnotative
 70
0
  0
APPID
  5
135
330
9
100
AcDbSymbolTableRecord
100
AcDbRegAppTableRecord
  2
ACAD_DSTYLE_DIMJAG
 70
0
  0
APPID
  5
136
330
9
100
AcDbSymbolTableRecord
100
AcDbRegAppTableRecord
  2
ACAD_DSTYLE_DIMTALN
 70
0
  0
APPID
  5
165
330
9
100
AcDbSymbolTableRecord
100
AcDbRegAppTableRecord
  2
ACAD_MLEADERVER
 70
0
  0
APPID
  5
858
330
9
100
AcDbSymbolTableRecord
100
AcDbRegAppTableRecord
  2
AcAecLayerStandard
 70
0
  0
APPID
  5
859
330
9
100
AcDbSymbolTableRecord
100
AcDbRegAppTableRecord
  2
AcDbBlockRepETag
 70
0
  0
APPID
  5
4710
330
9
100
AcDbSymbolTableRecord
100
AcDbRegAppTableRecord
  2
ACAD_EXEMPT_FROM_CAD_STANDARDS
 70
0
  0
APPID
  5
B546
330
9
100
AcDbSymbolTableRecord
100
AcDbRegAppTableRecord
  2
ACAD_DSTYLE_DIMBREAK
 70
0
  0
APPID
  5
C01C
330
9
100
AcDbSymbolTableRecord
100
AcDbRegAppTableRecord
  2
GENIUS_GENODEF_13
 70
0
  0
APPID
  5
C01D
330
9
100
AcDbSymbolTableRecord
100
AcDbRegAppTableRecord
  2
GENIUS_GENREC_14
 70
0
  0
APPID
  5
C01E
330
9
100
AcDbSymbolTableRecord
100
AcDbRegAppTableRecord
  2
GENIUS_GENOBJ-N-REC_13
 70
0
  0
APPID
  5
C01F
330
9
100
AcDbSymbolTableRecord
100
AcDbRegAppTableRecord
  2
GENIUS_GENOBJ-N-FIL_13
 70
0
  0
APPID
  5
C020
330
9
100
AcDbSymbolTableRecord
100
AcDbRegAppTableRecord
  2
GENIUS_GENOREF_13
 70
0
  0
APPID
  5
C021
330
9
100
AcDbSymbolTableRecord
100
AcDbRegAppTableRecord
  2
GENIUS_GENOBJ-N-CEN_13
 70
0
  0
APPID
  5
24026
330
9
100
AcDbSymbolTableRecord
100
AcDbRegAppTableRecord
  2
ACAD_NAV_VCDISPLAY
 70
0
  0
APPID
  5
240BD
330
9
100
AcDbSymbolTableRecord
100
AcDbRegAppTableRecord
  2
ACCMTRANSPARENCY
 70
0
  0
APPID
  5
240BE
330
9
100
AcDbSymbolTableRecord
100
AcDbRegAppTableRecord
  2
GRADIENTCOLOR1ACI
 70
0
  0
APPID
  5
240BF
330
9
100
AcDbSymbolTableRecord
100
AcDbRegAppTableRecord
  2
GRADIENTCOLOR2ACI
 70
0
  0
APPID
  5
24DA6
330
9
100
AcDbSymbolTableRecord
100
AcDbRegAppTableRecord
  2
HATCHBACKGROUNDCOLOR
 70
0
  0
APPID
  5
24DA7
330
9
100
AcDbSymbolTableRecord
100
AcDbRegAppTableRecord
  2
EZDXF
 70
0
  0
ENDTAB
  0
TABLE
  2
DIMSTYLE
  5
A
330
0
100
AcDbSymbolTable
 70
5
100
AcDbDimStyleTable
  0
DIMSTYLE
105
27
330
A
100
AcDbSymbolTableRecord
100
AcDbDimStyleTableRecord
  2
ISO-25
 70
0
 40
1.0
 41
2.5
 42
0.625
 43
3.75
 44
1.25
 45
0.0
 46
0.0
 47
0.0
 48
0.0
 49
2.5
140
2.5
141
2.5
142
0.0
143
0.03937007874016
144
1.0
145
0.0
146
1.0
147
0.625
148
0.0
 69
0
 70
0
 71
0
 72
0
 73
0
 74
0
 75
0
 76
0
 77
1
 78
8
 79
3
170
0
171
3
172
1
173
0
174
0
175
0
176
0
177
0
178
0
179
2
271
2
272
2
273
2
274
3
275
0
276
0
277
2
278
44
279
0
280
0
281
0
282
0
283
0
284
8
285
0
286
0
288
0
289
3
290
0
340
11
371
-2
372
-2
  0
DIMSTYLE
105
2447D
330
A
100
AcDbSymbolTableRecord
100
AcDbDimStyleTableRecord
  2
AM_DIN
 70
0
 40
1.0
 41
3.5
 42
1.0
 43
10.0
 44
1.0
 45
0.0
 46
0.0
 47
0.1
 48
0.1
 49
2.5
140
3.5
141
0.0
142
0.0
143
0.0393701
144
1.0
145
0.0
146
0.71
147
1.5
148
0.0
 69
0
 70
0
 71
0
 72
0
 73
0
 74
0
 75
0
 76
0
 77
1
 78
8
 79
2
170
0
171
3
172
1
173
0
174
0
175
0
176
256
177
256
178
2
179
2
271
2
272
3
273
2
274
4
275
0
276
0
277
2
278
44
279
0
280
0
281
0
282
0
283
0
284
8
285
0
286
0
288
0
289
3
290
0
340
11
345
14
346
14
347
14
371
-1
372
-1
1001
ACAD_DSTYLE_DIMJAG
1070
388
1040
1.5
1001
ACAD_DSTYLE_DIMBREAK
1070
391
1040
3.75
  0
DIMSTYLE
105
24676
330
A
100
AcDbSymbolTableRecord
100
AcDbDimStyleTableRecord
  2
M1-100
 70
0
 40
1.0
 41
150.0
 42
100.0
 43
200.0
 44
75.0
 45
0.0005
 46
0.0
 47
0.0
 48
0.0
 49
2.5
140
300.0
141
100.0
142
0.0
143
0.03937007874
144
0.001
145
0.0
146
1.0
147
50.0
148
0.0
 69
0
 70
0
 71
0
 72
0
 73
0
 74
0
 75
0
 76
0
 77
1
 78
8
 79
3
170
0
171
3
172
1
173
0
174
0
175
0
176
256
177
256
178
256
179
1
271
2
272
2
273
2
274
3
275
0
276
0
277
2
278
44
279
2
280
0
281
0
282
0
283
0
284
8
285
0
286
0
288
1
289
3
290
0
340
23E31
341
24671
342
24671
371
-1
372
-1
1001
ACAD_DSTYLE_DIMJAG
1070
388
1040
1.5
1001
ACAD_DSTYLE_DIMTALN
1070
392
1070
0
  0
DIMSTYLE
105
24A6D
330
A
100
AcDbSymbolTableRecord
100
AcDbDimStyleTableRecord
  2
Standard
 70
0
 40
1.0
 41
2.5
 42
0.0625
 43
3.75
 44
0.18
 45
0.0
 46
0.0
 47
0.0
 48
0.0
 49
2.5
140
2.5
141
2.5
142
0.0
143
0.03937007874
144
1.0
145
0.0
146
1.0
147
0.09
148
0.0
 69
0
 70
0
 71
0
 72
0
 73
0
 74
0
 75
0
 76
0
 77
1
 78
8
 79
3
170
0
171
3
172
1
173
0
174
0
175
0
176
0
177
0
178
0
179
2
271
2
272
2
273
2
274
3
275
0
276
0
277
2
278
44
279
0
280
0
281
0
282
0
283
0
284
8
285
0
286
0
288
0
289
3
290
0
340
11
371
-2
372
-2
  0
DIMSTYLE
105
24CE4
330
A
100
AcDbSymbolTableRecord
100
AcDbDimStyleTableRecord
  2
AM_ANSI
 70
0
 40
1.0
 41
0.12
 42
0.05
 43
0.5
 44
0.1
 45
0.0
 46
0.0
 47
0.1
 48
0.1
 49
2.5
140
0.12
141
0.0
142
0.0
143
0.03937007874
144
1.0
145
0.0
146
0.71
147
0.06
148
0.0
 69
0
 70
0
 71
0
 72
0
 73
0
 74
0
 75
0
 76
0
 77
1
 78
7
 79
2
 90
1
170
0
171
3
172
1
173
0
174
0
175
0
176
256
177
256
178
2
179
2
271
2
272
2
273
2
274
4
275
0
276
0
277
2
278
44
279
0
280
0
281
0
282
0
283
0
284
7
285
0
286
0
288
0
289
3
290
0
340
11
345
14
346
14
347
14
371
-1
372
-1
1001
ACAD_DSTYLE_DIMJAG
1070
388
1040
1.5
1001
ACAD_DSTYLE_DIMBREAK
1070
391
1040
0.125
  0
ENDTAB
  0
TABLE
  2
BLOCK_RECORD
  5
1
330
0
100
AcDbSymbolTable
 70
5
  0
BLOCK_RECORD
  5
1F
102
{ACAD_XDICTIONARY
360
1CE
102
}
330
1
100
AcDbSymbolTableRecord
100
AcDbBlockTableRecord
  2
*Model_Space
340
22
 70
0
280
1
281
0
  0
BLOCK_RECORD
  5
D2
102
{ACAD_XDICTIONARY
360
4721
102
}
330
1
100
AcDbSymbolTableRecord
100
AcDbBlockTableRecord
  2
*Paper_Space
340
D3
 70
0
280
1
281
0
  0
BLOCK_RECORD
  5
F38F
330
1
100
AcDbSymbolTableRecord
100
AcDbBlockTableRecord
  2
Nord-Pfeil 05
340
0
 70
4
280
1
281
0
  0
BLOCK_RECORD
  5
24671
330
1
100
AcDbSymbolTableRecord
100
AcDbBlockTableRecord
  2
_ArchTick
340
0
 70
0
280
1
281
0
  0
BLOCK_RECORD
  5
24A68
330
1
100
AcDbSymbolTableRecord
100
AcDbBlockTableRecord
  2
_Oblique
340
0
 70
0
280
1
281
0
  0
ENDTAB
  0
ENDSEC
  0
SECTION
  2
BLOCKS
  0
BLOCK
  5
20
330
1F
100
AcDbEntity
  8
0
100
AcDbBlockBegin
  2
*Model_Space
 70
0
 10
0.0
 20
0.0
 30
0.0
  3
*Model_Space
  1

  0
ENDBLK
  5
21
330
1F
100
AcDbEntity
  8
0
100
AcDbBlockEnd
  0
BLOCK
  5
D4
330
D2
100
AcDbEntity
 67
1
  8
0
100
AcDbBlockBegin
  2
*Paper_Space
 70
0
 10
0.0
 20
0.0
 30
0.0
  3
*Paper_Space
  1

  0
ENDBLK
  5
D5
330
D2
100
AcDbEntity
 67
1
  8
0
100
AcDbBlockEnd
  0
BLOCK
  5
F390
330
F38F
100
AcDbEntity
  8
0
100
AcDbBlockBegin
  2
Nord-Pfeil 05
 70
0
 10
0.0
 20
0.0
 30
0.0
  3
Nord-Pfeil 05
  1

  0
LINE
  5
F391
102
{ACAD_REACTORS
330
F39D
102
}
330
F38F
100
AcDbEntity
  8
0
  6
Continuous
370
20
 48
0.0396874994039536
100
AcDbLine
 10
0.0
 20
0.0
 30
0.0
 11
5.551471331214997
 21
-20986.89483309118
 31
0.0
1001
AcDbBlockRepETag
1070
1
1071
1
1005
0
  0
LINE
  5
F392
330
F38F
100
AcDbEntity
  8
0
  6
Continuous
370
20
 48
0.0396874994039536
100
AcDbLine
 10
7226.873965775419
 20
-37960.02798003523
 30
0.0
 11
0.0
 21
0.0
 31
0.0
1001
AcDbBlockRepETag
1070
1
1071
2
1005
0
  0
LINE
  5
F393
330
F38F
100
AcDbEntity
  8
0
  6
Continuous
370
20
 48
0.0396874994039536
100
AcDbLine
 10
5.551471331214997
 20
-20986.89483309118
 30
0.0
 11
7226.873965775419
 21
-37960.02798003523
 31
0.0
1001
AcDbBlockRepETag
1070
1
1071
3
1005
0
  0
LINE
  5
F394
102
{ACAD_REACTORS
330
F39D
102
}
330
F38F
100
AcDbEntity
  8
0
  6
Continuous
370
20
 48
0.0396874994039536
100
AcDbLine
 10
-7206.790517841582
 20
-37963.84598528198
 30
0.0
 11
5.551471331214997
 21
-20986.89483309118
 31
0.0
1001
AcDbBlockRepETag
1070
1
1071
4
1005
0
  0
LINE
  5
F395
102
{ACAD_REACTORS
330
F39D
102
}
330
F38F
100
AcDbEntity
  8
0
  6
Continuous
370
20
 48
0.0396874994039536
100
AcDbLine
 10
0.0
 20
0.0
 30
0.0
 11
-7206.790517841582
 21
-37963.84598528198
 31
0.0
1001
AcDbBlockRepETag
1070
1
1071
5
1005
0
  0
LINE
  5
F396
330
F38F
100
AcDbEntity
  8
0
100
AcDbLine
 10
5.551471331214997
 20
-20986.89483309118
 30
0.0
 11
14.01269568438874
 21
-52973.87901530665
 31
0.0
1001
AcDbBlockRepETag
1070
1
1071
7
1005
0
  0
LINE
  5
F397
330
F38F
100
AcDbEntity
  8
0
  6
Continuous
370
20
 48
0.0396874994039536
100
AcDbLine
 10
14.01269568438874
 20
-52973.87901530671
 30
0.0
 11
3231.676801053517
 21
-60536.73766406404
 31
0.0
1001
AcDbBlockRepETag
1070
1
1071
8
1005
0
  0
LINE
  5
F398
330
F38F
100
AcDbEntity
  8
0
  6
Continuous
370
20
 48
0.0396874994039536
100
AcDbLine
 10
-3199.649892028945
 20
-60538.43888408935
 30
0.0
 11
14.01269568438874
 21
-52973.87901530671
 31
0.0
1001
AcDbBlockRepETag
1070
1
1071
9
1005
0
  0
LINE
  5
F399
330
F38F
100
AcDbEntity
  8
0
  6
Continuous
370
20
 48
0.0396874994039536
100
AcDbLine
 10
16.50218949222471
 20
-62385.21190610417
 30
0.0
 11
3234.166294861352
 21
-69948.07055486151
 31
0.0
1001
AcDbBlockRepETag
1070
1
1071
10
1005
0
  0
LINE
  5
F39A
330
F38F
100
AcDbEntity
  8
0
  6
Continuous
370
20
 48
0.0396874994039536
100
AcDbLine
 10
-3197.16039822111
 20
-69949.77177488682
 30
0.0
 11
16.50218949222471
 21
-62385.21190610417
 31
0.0
1001
AcDbBlockRepETag
1070
1
1071
11
1005
0
  0
LINE
  5
F39B
330
F38F
100
AcDbEntity
  8
0
100
AcDbLine
 10
-3197.16039822111
 20
-69949.77177488682
 30
0.0
 11
-3199.649892028945
 21
-60538.43888408935
 31
0.0
1001
AcDbBlockRepETag
1070
1
1071
12
1005
0
  0
LINE
  5
F39C
330
F38F
100
AcDbEntity
  8
0
100
AcDbLine
 10
3234.166294861352
 20
-69948.07055486151
 30
0.0
 11
3231.676801053517
 21
-60536.73766406404
 31
0.0
1001
AcDbBlockRepETag
1070
1
1071
13
1005
0
  0
HATCH
  5
F39D
330
F38F
100
AcDbEntity
  8
0
100
AcDbHatch
 10
0.0
 20
0.0
 30
0.0
210
0.0
220
0.0
230
1.0
  2
SOLID
 70
1
 71
1
 91
1
 92
7
 72
0
 73
1
 93
3
 10
-7206.790517841582
 20
-37963.84598528198
 10
5.551471331214997
 20
-20986.89483309118
 10
0.0
 20
0.0
 97
3
330
F395
330
F394
330
F391
 75
0
 76
1
 47
0.0057444882023282
 98
1
 10
-2455.874085204676
 20
-20585.06390343438
450
0
451
0
460
0.0
461
0.0
452
0
462
0.0
453
0
470

1001
ACAD
1010
0.0
1020
0.0
1030
0.0
1001
AcDbBlockRepETag
1070
1
1071
14
1005
0
  0
HATCH
  5
F39E
330
F38F
100
AcDbEntity
  8
0
100
AcDbHatch
 10
0.0
 20
0.0
 30
0.0
210
0.0
220
0.0
230
1.0
  2
SOLID
 70
1
 71
0
 91
1
 92
7
 72
0
 73
1
 93
4
 10
3231.676801053517
 20
-60536.73766406404
 10
14.01269568438874
 20
-52973.87901530671
 10
16.50218949222471
 20
-62385.21190610417
 10
3234.166294861352
 20
-69948.07055486151
 97
0
 75
0
 76
1
 47
0.0019821712438277
 98
1
 10
1033.311787183222
 20
-60539.00484491017
450
0
451
0
460
0.0
461
0.0
452
0
462
0.0
453
0
470

1001
ACAD
1010
0.0
1020
0.0
1030
0.0
1001
AcDbBlockRepETag
1070
1
1071
15
1005
0
  0
LWPOLYLINE
  5
F39F
102
{ACAD_REACTORS
330
F3A2
102
}
330
F38F
100
AcDbEntity
  8
0
100
AcDbPolyline
 90
4
 70
1
 10
-3439.961664453848
 20
-47995.19670479739
 10
-2245.809566984011
 20
-47994.88082666544
 10
-2247.603377093503
 20
-41213.52470083354
 10
-3442.229700224125
 20
-39421.068271328
1001
AcDbBlockRepETag
1070
1
1071
16
1005
0
  0
LWPOLYLINE
  5
F3A0
102
{ACAD_REACTORS
330
F3A3
102
}
330
F38F
100
AcDbEntity
  8
0
100
AcDbPolyline
 90
4
 70
1
 10
2270.726318931382
 20
-46200.91367565851
 10
3465.352642061946
 20
-47993.37010516406
 10
3463.084606291668
 20
-39419.24167169474
 10
2268.93250882189
 20
-39419.55754982663
1001
AcDbBlockRepETag
1070
1
1071
17
1005
0
  0
LWPOLYLINE
  5
F3A1
102
{ACAD_REACTORS
330
F3A4
102
}
330
F38F
100
AcDbEntity
  8
0
100
AcDbPolyline
 90
5
 70
0
 10
-2248.077602754289
 20
-39420.75239319611
 10
2270.726318931382
 20
-46200.91367565851
 10
2271.20054459211
 20
-47993.68598329602
 10
-2247.603377093503
 20
-41213.52470083354
 10
-2248.077602754289
 20
-39420.75239319611
1001
AcDbBlockRepETag
1070
1
1071
18
1005
0
  0
HATCH
  5
F3A2
330
F38F
100
AcDbEntity
  8
0
100
AcDbHatch
 10
0.0
 20
0.0
 30
0.0
210
0.0
220
0.0
230
1.0
  2
SOLID
 70
1
 71
1
 91
1
 92
7
 72
0
 73
1
 93
4
 10
-2247.603377093502
 20
-41213.52470083355
 10
-3442.229700224125
 20
-39421.068271328
 10
-3439.961664453846
 20
-47995.19670479739
 10
-2245.809566984011
 20
-47994.88082666544
 97
1
330
F39F
 75
0
 76
1
 47
0.0030642449832743
 98
1
 10
-2687.951391675218
 20
-44877.13267813122
450
0
451
0
460
0.0
461
0.0
452
0
462
0.0
453
0
470

1001
ACAD
1010
0.0
1020
0.0
1030
0.0
1001
AcDbBlockRepETag
1070
1
1071
19
1005
0
  0
HATCH
  5
F3A3
330
F38F
100
AcDbEntity
  8
0
100
AcDbHatch
 10
0.0
 20
0.0
 30
0.0
210
0.0
220
0.0
230
1.0
  2
SOLID
 70
1
 71
1
 91
1
 92
7
 72
0
 73
1
 93
4
 10
2270.726318931382
 20
-46200.91367565852
 10
3465.352642061946
 20
-47993.37010516406
 10
3463.084606291668
 20
-39419.24167169473
 10
2268.93250882189
 20
-39419.55754982664
 97
1
330
F3A0
 75
0
 76
1
 47
0.0030642449832743
 98
1
 10
2763.062705570308
 20
-42797.11403726716
450
0
451
0
460
0.0
461
0.0
452
0
462
0.0
453
0
470

1001
ACAD
1010
0.0
1020
0.0
1030
0.0
1001
AcDbBlockRepETag
1070
1
1071
20
1005
0
  0
HATCH
  5
F3A4
330
F38F
100
AcDbEntity
  8
0
100
AcDbHatch
 10
0.0
 20
0.0
 30
0.0
210
0.0
220
0.0
230
1.0
  2
SOLID
 70
1
 71
1
 91
1
 92
7
 72
0
 73
1
 93
4
 10
-2248.077602754289
 20
-39420.7523931961
 10
-2247.603377093503
 20
-41213.52470083355
 10
2271.20054459211
 20
-47993.68598329603
 10
2270.726318931382
 20
-46200.91367565852
 97
1
330
F3A1
 75
0
 76
1
 47
0.002150450342261
 98
1
 10
375.1021524143871
 20
-44096.85616384918
450
0
451
0
460
0.0
461
0.0
452
0
462
0.0
453
0
470

1001
ACAD
1010
0.0
1020
0.0
1030
0.0
1001
AcDbBlockRepETag
1070
1
1071
21
1005
0
  0
ENDBLK
  5
F3A5
330
F38F
100
AcDbEntity
  8
0
100
AcDbBlockEnd
  0
BLOCK
  5
24672
330
24671
100
AcDbEntity
  8
0
100
AcDbBlockBegin
  2
_ArchTick
 70
0
 10
0.0
 20
0.0
 30
0.0
  3
_ArchTick
  1

  0
LWPOLYLINE
  5
24673
330
24671
100
AcDbEntity
  8
0
  6
ByBlock
 62
0
100
AcDbPolyline
 90
2
 70
0
 43
0.15
 10
-0.5
 20
-0.5
 10
0.5
 20
0.5
  0
ENDBLK
  5
24674
330
24671
100
AcDbEntity
  8
0
100
AcDbBlockEnd
  0
BLOCK
  5
24A69
330
24A68
100
AcDbEntity
  8
0
100
AcDbBlockBegin
  2
_Oblique
 70
0
 10
0.0
 20
0.0
 30
0.0
  3
_Oblique
  1

  0
LINE
  5
24A6A
330
24A68
100
AcDbEntity
  8
0
 62
0
370
-2
100
AcDbLine
 10
-0.5
 20
-0.5
 30
0.0
 11
0.5
 21
0.5
 31
0.0
  0
ENDBLK
  5
24A6B
330
24A68
100
AcDbEntity
  8
0
100
AcDbBlockEnd
  0
ENDSEC
  0
SECTION
  2
ENTITIES
  0
LINE
  5
21905
330
1F
100
AcDbEntity
  8
A0_Grundriß
100
AcDbLine
 10
5840.3108895122095
 20
15880.38026312973
 30
0.0
 11
5840.3108895122095
 21
19750.380263129744
 31
0.0
  0
LINE
  5
21906
330
1F
100
AcDbEntity
  8
A03_Türen
100
AcDbLine
 10
-574.6891104877905
 20
7350.380263129729
 30
0.0
 11
-2999.6891104877905
 21
7350.380263129729
 31
0.0
  0
ARC
  5
21907
330
1F
100
AcDbEntity
  8
A03_Türen
100
AcDbCircle
 10
-2799.6891104877905
 20
7350.380263129729
 30
0.0
 40
2225.0
100
AcDbArc
 50
270.0
 51
0.0
  0
ARC
  5
21908
330
1F
100
AcDbEntity
  8
A03_Türen
100
AcDbCircle
 10
-2799.6891104877905
 20
2900.3802631297294
 30
0.0
 40
2225.0
100
AcDbArc
 50
0.0
 51
90.0
  0
LINE
  5
21909
330
1F
100
AcDbEntity
  8
A03_Türen
100
AcDbLine
 10
-574.6891104877905
 20
2900.3802631297294
 30
0.0
 11
-2999.6891104877905
 21
2900.3802631297294
 31
0.0
  0
LINE
  5
2190A
330
1F
100
AcDbEntity
  8
A0_Grundriß
100
AcDbLine
 10
11875.310889512213
 20
19493.790177398958
 30
0.0
 11
48175.31088951221
 21
19502.11231548153
 31
0.0
  0
LINE
  5
2190B
330
1F
100
AcDbEntity
  8
A0_Grundriß
100
AcDbLine
 10
3300.3108895122095
 20
19750.380263129744
 30
0.0
 11
3300.3108895122095
 21
14710.380263129715
 31
0.0
  0
LINE
  5
2190C
330
1F
100
AcDbEntity
  8
A0_Grundriß
100
AcDbLine
 10
10250.310889512213
 20
14710.380263129715
 30
0.0
 11
10250.310889512213
 21
11860.380263129715
 31
0.0
  0
LINE
  5
2190D
330
1F
100
AcDbEntity
  8
A0_Grundriß
100
AcDbLine
 10
10410.310889512213
 20
14970.380263129715
 30
0.0
 11
10410.310889512213
 21
12030.38026312973
 31
0.0
  0
LINE
  5
2190E
330
1F
100
AcDbEntity
  8
A0_Grundriß
100
AcDbLine
 10
3300.3108895122095
 20
14710.380263129715
 30
0.0
 11
10250.310889512213
 21
14710.380263129715
 31
0.0
  0
LINE
  5
2190F
330
1F
100
AcDbEntity
  8
A0_Grundriß
100
AcDbLine
 10
3540.3108895122095
 20
14930.38026312973
 30
0.0
 11
10410.310889512213
 21
14930.38026312973
 31
0.0
  0
LINE
  5
21910
330
1F
100
AcDbEntity
  8
A0_Grundriß
100
AcDbLine
 10
4870.3108895122095
 20
15880.38026312973
 30
0.0
 11
4870.3108895122095
 21
18750.380263129715
 31
0.0
  0
LINE
  5
21911
330
1F
100
AcDbEntity
  8
A0_Grundriß
100
AcDbLine
 10
3540.3108895122095
 20
14930.38026312973
 30
0.0
 11
3540.3108895122095
 21
15880.38026312973
 31
0.0
  0
LINE
  5
21912
330
1F
100
AcDbEntity
  8
A0_Grundriß
100
AcDbLine
 10
4630.3108895122095
 20
16040.38026312973
 30
0.0
 11
4630.3108895122095
 21
18520.38026312973
 31
0.0
  0
LINE
  5
21913
330
1F
100
AcDbEntity
  8
A0_Grundriß
100
AcDbLine
 10
4870.3108895122095
 20
16630.380263129715
 30
0.0
 11
5840.3108895122095
 21
16630.380263129715
 31
0.0
  0
LINE
  5
21914
330
1F
100
AcDbEntity
  8
A0_Grundriß
100
AcDbLine
 10
13660.310889512213
 20
15000.380263129715
 30
0.0
 11
13660.310889512213
 21
19500.38026312973
 31
0.0
  0
LINE
  5
21915
330
1F
100
AcDbEntity
  8
A0_Grundriß
100
AcDbLine
 10
13500.310889512213
 20
14930.38026312973
 30
0.0
 11
13500.310889512213
 21
15880.38026312973
 31
0.0
  0
LINE
  5
21916
330
1F
100
AcDbEntity
  8
A0_Grundriß
100
AcDbLine
 10
13500.310889512213
 20
16030.380263129744
 30
0.0
 11
13500.310889512213
 21
18810.380263129715
 31
0.0
  0
LINE
  5
21917
330
1F
100
AcDbEntity
  8
A0_Grundriß
100
AcDbLine
 10
11500.310889512213
 20
11930.380263129744
 30
0.0
 11
11500.310889512213
 21
5010.380263129729
 31
0.0
  0
LINE
  5
21918
330
1F
100
AcDbEntity
  8
A0_Grundriß
100
AcDbLine
 10
13746.310889512213
 20
15000.380263129715
 30
0.0
 11
14022.310889512213
 21
15000.380263129715
 31
0.0
  0
LINE
  5
21919
330
1F
100
AcDbEntity
  8
A0_Grundriß
100
AcDbLine
 10
11500.310889512213
 20
14930.38026312973
 30
0.0
 11
13500.310889512213
 21
14930.38026312973
 31
0.0
  0
LINE
  5
2191A
330
1F
100
AcDbEntity
  8
A0_Grundriß
100
AcDbLine
 10
13660.310889512213
 20
15000.380263129715
 30
0.0
 11
48030.31088951221
 21
15000.380263129715
 31
0.0
  0
LINE
  5
2191B
330
1F
100
AcDbEntity
  8
A0_Grundriß
100
AcDbLine
 10
4560.3108895122095
 20
15880.38026312973
 30
0.0
 11
4560.3108895122095
 21
16040.38026312973
 31
0.0
  0
LINE
  5
2191C
330
1F
100
AcDbEntity
  8
A03_Türen
100
AcDbLine
 10
3640.3108895122095
 20
14960.38026312973
 30
0.0
 11
3640.3108895122095
 21
16040.38026312973
 31
0.0
  0
LINE
  5
2191D
330
1F
100
AcDbEntity
  8
A0_Grundriß
100
AcDbLine
 10
3540.3108895122095
 20
15880.38026312973
 30
0.0
 11
3640.3108895122095
 21
15880.38026312973
 31
0.0
  0
LINE
  5
2191E
330
1F
100
AcDbEntity
  8
A0_Grundriß
100
AcDbLine
 10
4560.3108895122095
 20
15880.38026312973
 30
0.0
 11
4870.3108895122095
 21
15880.38026312973
 31
0.0
  0
LINE
  5
2191F
330
1F
100
AcDbEntity
  8
A0_Grundriß
100
AcDbLine
 10
3540.3108895122095
 20
16040.38026312973
 30
0.0
 11
3640.3108895122095
 21
16040.38026312973
 31
0.0
  0
LINE
  5
21920
330
1F
100
AcDbEntity
  8
A0_Grundriß
100
AcDbLine
 10
4560.3108895122095
 20
16040.38026312973
 30
0.0
 11
4630.3108895122095
 21
16040.38026312973
 31
0.0
  0
ARC
  5
21921
330
1F
100
AcDbEntity
  8
A03_Türen
100
AcDbCircle
 10
3640.3108895122095
 20
15880.38026312973
 30
0.0
 40
920.0
100
AcDbArc
 50
270.0
 51
0.0
  0
LINE
  5
21922
330
1F
100
AcDbEntity
  8
A03_Türen
100
AcDbLine
 10
6270.3108895122095
 20
15880.38026312973
 30
0.0
 11
6270.3108895122095
 21
17050.380263129715
 31
0.0
  0
LINE
  5
21923
330
1F
100
AcDbEntity
  8
A0_Grundriß
100
AcDbLine
 10
7290.3108895122095
 20
15880.38026312973
 30
0.0
 11
7290.3108895122095
 21
16030.380263129744
 31
0.0
  0
LINE
  5
21924
330
1F
100
AcDbEntity
  8
A0_Grundriß
100
AcDbLine
 10
6020.3108895122095
 20
16030.380263129744
 30
0.0
 11
6020.3108895122095
 21
19750.380263129744
 31
0.0
  0
LINE
  5
21925
330
1F
100
AcDbEntity
  8
A0_Grundriß
100
AcDbLine
 10
13500.310889512213
 20
15880.38026312973
 30
0.0
 11
7290.3108895122095
 21
15880.38026312973
 31
0.0
  0
LINE
  5
21926
330
1F
100
AcDbEntity
  8
A0_Grundriß
100
AcDbLine
 10
6270.3108895122095
 20
15880.38026312973
 30
0.0
 11
5840.3108895122095
 21
15880.38026312973
 31
0.0
  0
LINE
  5
21927
330
1F
100
AcDbEntity
  8
A0_Grundriß
100
AcDbLine
 10
13500.310889512213
 20
16030.380263129744
 30
0.0
 11
7290.3108895122095
 21
16030.380263129744
 31
0.0
  0
LINE
  5
21928
330
1F
100
AcDbEntity
  8
A0_Grundriß
100
AcDbLine
 10
6270.3108895122095
 20
16030.380263129744
 30
0.0
 11
6020.3108895122095
 21
16030.380263129744
 31
0.0
  0
ARC
  5
21929
330
1F
100
AcDbEntity
  8
A03_Türen
100
AcDbCircle
 10
6270.3108895122095
 20
16030.380263129744
 30
0.0
 40
1020.0
100
AcDbArc
 50
0.0
 51
90.0
  0
LINE
  5
2192A
330
1F
100
AcDbEntity
  8
A0_Grundriß
100
AcDbLine
 10
3540.3108895122095
 20
18520.38026312973
 30
0.0
 11
4630.3108895122095
 21
18520.38026312973
 31
0.0
  0
LINE
  5
2192B
330
1F
100
AcDbEntity
  8
A0_Grundriß
100
AcDbLine
 10
3540.3108895122095
 20
18750.380263129715
 30
0.0
 11
4870.3108895122095
 21
18750.380263129715
 31
0.0
  0
LINE
  5
2192C
330
1F
100
AcDbEntity
  8
A0_Grundriß
100
AcDbLine
 10
3540.3108895122095
 20
16040.38026312973
 30
0.0
 11
3540.3108895122095
 21
18520.38026312973
 31
0.0
  0
LINE
  5
2192D
330
1F
100
AcDbEntity
  8
A0_Grundriß
100
AcDbLine
 10
3540.3108895122095
 20
18750.380263129715
 30
0.0
 11
3540.3108895122095
 21
19750.380263129744
 31
0.0
  0
LINE
  5
2192E
330
1F
100
AcDbEntity
  8
A0_Grundriß
100
AcDbLine
 10
48030.31088951221
 20
15000.380263129715
 30
0.0
 11
48030.31088951221
 21
5010.380263129729
 31
0.0
  0
LINE
  5
2192F
330
1F
100
AcDbEntity
  8
A03_Türen
100
AcDbLine
 10
11440.31088951222
 20
12030.38026312973
 30
0.0
 11
11440.31088951222
 21
10880.38026312973
 31
0.0
  0
LINE
  5
21930
330
1F
100
AcDbEntity
  8
A0_Grundriß
100
AcDbLine
 10
10460.31088951222
 20
12030.38026312973
 30
0.0
 11
10460.31088951222
 21
11860.380263129715
 31
0.0
  0
LINE
  5
21931
330
1F
100
AcDbEntity
  8
A0_Grundriß
100
AcDbLine
 10
10250.310889512213
 20
11860.380263129715
 30
0.0
 11
10460.31088951222
 21
11860.380263129715
 31
0.0
  0
LINE
  5
21932
330
1F
100
AcDbEntity
  8
A0_Grundriß
100
AcDbLine
 10
11440.31088951222
 20
11860.380263129715
 30
0.0
 11
11500.310889512213
 21
11860.380263129715
 31
0.0
  0
LINE
  5
21933
330
1F
100
AcDbEntity
  8
A0_Grundriß
100
AcDbLine
 10
10410.310889512213
 20
12030.38026312973
 30
0.0
 11
10460.31088951222
 21
12030.38026312973
 31
0.0
  0
LINE
  5
21934
330
1F
100
AcDbEntity
  8
A0_Grundriß
100
AcDbLine
 10
11440.31088951222
 20
12030.38026312973
 30
0.0
 11
11500.310889512213
 21
12030.38026312973
 31
0.0
  0
ARC
  5
21935
330
1F
100
AcDbEntity
  8
A03_Türen
100
AcDbCircle
 10
11440.31088951222
 20
11860.380263129715
 30
0.0
 40
980.0
100
AcDbArc
 50
180.0
 51
270.0
  0
LINE
  5
21936
330
1F
100
AcDbEntity
  8
A03_Türen
100
AcDbLine
 10
11710.31088951222
 20
12140.38026312973
 30
0.0
 11
10530.310889512213
 21
12140.38026312973
 31
0.0
  0
LINE
  5
21937
330
1F
100
AcDbEntity
  8
A0_Grundriß
100
AcDbLine
 10
11710.31088951222
 20
13110.380263129715
 30
0.0
 11
11500.310889512213
 21
13110.380263129715
 31
0.0
  0
LINE
  5
21938
330
1F
100
AcDbEntity
  8
A0_Grundriß
100
AcDbLine
 10
11500.310889512213
 20
14970.380263129715
 30
0.0
 11
11500.310889512213
 21
13110.380263129715
 31
0.0
  0
LINE
  5
21939
330
1F
100
AcDbEntity
  8
A0_Grundriß
100
AcDbLine
 10
11500.310889512213
 20
12140.38026312973
 30
0.0
 11
11500.310889512213
 21
11930.380263129744
 31
0.0
  0
LINE
  5
2193A
330
1F
100
AcDbEntity
  8
A0_Grundriß
100
AcDbLine
 10
11710.31088951222
 20
14790.38026312973
 30
0.0
 11
11710.31088951222
 21
13110.380263129715
 31
0.0
  0
LINE
  5
2193B
330
1F
100
AcDbEntity
  8
A0_Grundriß
100
AcDbLine
 10
11710.31088951222
 20
12140.38026312973
 30
0.0
 11
11710.31088951222
 21
5220.380263129715
 31
0.0
  0
ARC
  5
2193C
330
1F
100
AcDbEntity
  8
A03_Türen
100
AcDbCircle
 10
11500.310889512213
 20
12140.38026312973
 30
0.0
 40
970.0
100
AcDbArc
 50
90.0
 51
180.0
  0
LINE
  5
2193D
330
1F
100
AcDbEntity
  8
A0_Grundriß
100
AcDbLine
 10
11710.31088951222
 20
14790.38026312973
 30
0.0
 11
29900.310889512213
 21
14790.38026312973
 31
0.0
  0
LINE
  5
2193E
330
1F
100
AcDbEntity
  8
A03_Türen
100
AcDbLine
 10
12780.310889512213
 20
5220.380263129715
 30
0.0
 11
12780.310889512213
 21
3650.380263129715
 31
0.0
  0
LINE
  5
2193F
330
1F
100
AcDbEntity
  8
A03_Türen
100
AcDbLine
 10
15500.31088951222
 20
5220.380263129715
 30
0.0
 11
15500.31088951222
 21
3650.380263129715
 31
0.0
  0
LINE
  5
21940
330
1F
100
AcDbEntity
  8
A03_Türen
100
AcDbLine
 10
26730.310889512213
 20
5220.380263129715
 30
0.0
 11
26730.310889512213
 21
3650.380263129715
 31
0.0
  0
LINE
  5
21941
330
1F
100
AcDbEntity
  8
A03_Türen
100
AcDbLine
 10
24010.310889512213
 20
5220.380263129715
 30
0.0
 11
24010.310889512213
 21
3650.380263129715
 31
0.0
  0
ARC
  5
21942
330
1F
100
AcDbEntity
  8
A03_Türen
100
AcDbCircle
 10
12780.310889512213
 20
5010.380263129729
 30
0.0
 40
1360.0
100
AcDbArc
 50
270.0
 51
0.0
  0
ARC
  5
21943
330
1F
100
AcDbEntity
  8
A03_Türen
100
AcDbCircle
 10
15500.31088951222
 20
5010.380263129729
 30
0.0
 40
1360.0
100
AcDbArc
 50
180.0
 51
270.0
  0
ARC
  5
21944
330
1F
100
AcDbEntity
  8
A03_Türen
100
AcDbCircle
 10
24000.310889512213
 20
5010.380263129729
 30
0.0
 40
1360.0
100
AcDbArc
 50
270.0
 51
0.0
  0
ARC
  5
21945
330
1F
100
AcDbEntity
  8
A03_Türen
100
AcDbCircle
 10
26730.310889512213
 20
5010.380263129729
 30
0.0
 40
1360.0
100
AcDbArc
 50
180.0
 51
270.0
  0
LINE
  5
21946
330
1F
100
AcDbEntity
  8
A0_Grundriß
100
AcDbLine
 10
12780.310889512213
 20
5220.380263129715
 30
0.0
 11
11710.31088951222
 21
5220.380263129715
 31
0.0
  0
LINE
  5
21947
330
1F
100
AcDbEntity
  8
A0_Grundriß
100
AcDbLine
 10
12780.310889512213
 20
5010.380263129729
 30
0.0
 11
11500.310889512213
 21
5010.380263129729
 31
0.0
  0
LINE
  5
21948
330
1F
100
AcDbEntity
  8
A0_Grundriß
100
AcDbLine
 10
29900.310889512213
 20
5220.380263129715
 30
0.0
 11
26730.310889512213
 21
5220.380263129715
 31
0.0
  0
LINE
  5
21949
330
1F
100
AcDbEntity
  8
A0_Grundriß
100
AcDbLine
 10
24010.310889512213
 20
5220.380263129715
 30
0.0
 11
15500.31088951222
 21
5220.380263129715
 31
0.0
  0
LINE
  5
2194A
330
1F
100
AcDbEntity
  8
A0_Grundriß
100
AcDbLine
 10
24010.310889512213
 20
5010.380263129729
 30
0.0
 11
15500.31088951222
 21
5010.380263129729
 31
0.0
  0
LINE
  5
2194B
330
1F
100
AcDbEntity
  8
A03_Türen
100
AcDbLine
 10
29900.310889512213
 20
14630.38026312973
 30
0.0
 11
31060.310889512213
 21
14630.38026312973
 31
0.0
  0
LINE
  5
2194C
330
1F
100
AcDbEntity
  8
A0_Grundriß
100
AcDbLine
 10
29900.310889512213
 20
13670.38026312973
 30
0.0
 11
30100.310889512213
 21
13670.38026312973
 31
0.0
  0
LINE
  5
2194D
330
1F
100
AcDbEntity
  8
A0_Grundriß
100
AcDbLine
 10
29900.310889512213
 20
14790.38026312973
 30
0.0
 11
29900.310889512213
 21
14630.38026312973
 31
0.0
  0
LINE
  5
2194E
330
1F
100
AcDbEntity
  8
A0_Grundriß
100
AcDbLine
 10
29900.310889512213
 20
13670.38026312973
 30
0.0
 11
29900.310889512213
 21
5220.380263129715
 31
0.0
  0
LINE
  5
2194F
330
1F
100
AcDbEntity
  8
A0_Grundriß
100
AcDbLine
 10
30100.310889512213
 20
14790.38026312973
 30
0.0
 11
30100.310889512213
 21
14630.38026312973
 31
0.0
  0
ARC
  5
21950
330
1F
100
AcDbEntity
  8
A03_Türen
100
AcDbCircle
 10
30100.310889512213
 20
14630.38026312973
 30
0.0
 40
960.0
100
AcDbArc
 50
270.0
 51
0.0
  0
LINE
  5
21951
330
1F
100
AcDbEntity
  8
A0_Grundriß
100
AcDbLine
 10
30100.310889512213
 20
13600.38026312973
 30
0.0
 11
30160.310889512213
 21
13600.38026312973
 31
0.0
  0
LINE
  5
21952
330
1F
100
AcDbEntity
  8
A0_Grundriß
100
AcDbLine
 10
30160.310889512213
 20
10500.38026312973
 30
0.0
 11
35780.31088951221
 21
10500.38026312973
 31
0.0
  0
LINE
  5
21953
330
1F
100
AcDbEntity
  8
A0_Grundriß
100
AcDbLine
 10
30160.310889512213
 20
13600.38026312973
 30
0.0
 11
30160.310889512213
 21
10500.38026312973
 31
0.0
  0
LINE
  5
21954
330
1F
100
AcDbEntity
  8
A0_Grundriß
100
AcDbLine
 10
30100.310889512213
 20
13670.38026312973
 30
0.0
 11
30100.310889512213
 21
13600.38026312973
 31
0.0
  0
LINE
  5
21955
330
1F
100
AcDbEntity
  8
A0_Grundriß
100
AcDbLine
 10
30160.310889512213
 20
10420.38026312973
 30
0.0
 11
30160.310889512213
 21
5220.380263129715
 31
0.0
  0
LINE
  5
21956
330
1F
100
AcDbEntity
  8
A0_Grundriß
100
AcDbLine
 10
35910.31088951221
 20
10420.38026312973
 30
0.0
 11
30160.310889512213
 21
10420.38026312973
 31
0.0
  0
LINE
  5
21957
330
1F
100
AcDbEntity
  8
A0_Grundriß
100
AcDbLine
 10
35910.31088951221
 20
10610.38026312973
 30
0.0
 11
35910.31088951221
 21
10420.38026312973
 31
0.0
  0
LINE
  5
21958
330
1F
100
AcDbEntity
  8
A0_Grundriß
100
AcDbLine
 10
36030.31088951221
 20
10610.38026312973
 30
0.0
 11
35910.31088951221
 21
10610.38026312973
 31
0.0
  0
LINE
  5
21959
330
1F
100
AcDbEntity
  8
A0_Grundriß
100
AcDbLine
 10
30100.310889512213
 20
14790.38026312973
 30
0.0
 11
35780.31088951221
 21
14790.38026312973
 31
0.0
  0
LINE
  5
2195A
330
1F
100
AcDbEntity
  8
A0_Grundriß
100
AcDbLine
 10
36030.31088951221
 20
14790.38026312973
 30
0.0
 11
47820.31088951221
 21
14790.38026312973
 31
0.0
  0
LINE
  5
2195B
330
1F
100
AcDbEntity
  8
A0_Grundriß
100
AcDbLine
 10
41750.31088951221
 20
14790.38026312973
 30
0.0
 11
41750.310889512184
 21
10930.38026312973
 31
0.0
  0
LINE
  5
2195C
330
1F
100
AcDbEntity
  8
A0_Grundriß
100
AcDbLine
 10
35780.31088951221
 20
11320.38026312973
 30
0.0
 11
36030.31088951221
 21
11320.38026312973
 31
0.0
  0
LINE
  5
2195D
330
1F
100
AcDbEntity
  8
A03_Türen
100
AcDbLine
 10
35780.31088951221
 20
12310.380263129715
 30
0.0
 11
37020.31088951221
 21
12310.380263129715
 31
0.0
  0
LINE
  5
2195E
330
1F
100
AcDbEntity
  8
A0_Grundriß
100
AcDbLine
 10
35780.31088951221
 20
14790.38026312973
 30
0.0
 11
35780.31088951221
 21
12310.380263129715
 31
0.0
  0
LINE
  5
2195F
330
1F
100
AcDbEntity
  8
A0_Grundriß
100
AcDbLine
 10
35780.31088951221
 20
11320.38026312973
 30
0.0
 11
35780.31088951221
 21
10500.38026312973
 31
0.0
  0
LINE
  5
21960
330
1F
100
AcDbEntity
  8
A0_Grundriß
100
AcDbLine
 10
36030.31088951221
 20
14790.38026312973
 30
0.0
 11
36030.31088951221
 21
12310.380263129715
 31
0.0
  0
LINE
  5
21961
330
1F
100
AcDbEntity
  8
A0_Grundriß
100
AcDbLine
 10
36030.31088951221
 20
11320.38026312973
 30
0.0
 11
36030.31088951221
 21
10610.38026312973
 31
0.0
  0
ARC
  5
21962
330
1F
100
AcDbEntity
  8
A03_Türen
100
AcDbCircle
 10
36030.31088951221
 20
12310.380263129715
 30
0.0
 40
990.0
100
AcDbArc
 50
270.0
 51
0.0
  0
LINE
  5
21963
330
1F
100
AcDbEntity
  8
A03_Türen
100
AcDbLine
 10
41830.3108895121
 20
11030.38026312973
 30
0.0
 11
41170.3108895121
 21
11030.38026312973
 31
0.0
  0
LINE
  5
21964
330
1F
100
AcDbEntity
  8
A03_Türen
100
AcDbLine
 10
41830.3108895121
 20
9550.38026312973
 30
0.0
 11
40850.3108895121
 21
9550.38026312973
 31
0.0
  0
LINE
  5
21965
330
1F
100
AcDbEntity
  8
A0_Grundriß
100
AcDbLine
 10
41750.31088951221
 20
9550.38026312973
 30
0.0
 11
41750.31088951221
 21
5220.380263129715
 31
0.0
  0
LINE
  5
21966
330
1F
100
AcDbEntity
  8
A03_Türen
100
AcDbLine
 10
41720.31088951221
 20
5220.380263129715
 30
0.0
 11
41720.31088951221
 21
3650.380263129715
 31
0.0
  0
LINE
  5
21967
330
1F
100
AcDbEntity
  8
A03_Türen
100
AcDbLine
 10
39000.31088951221
 20
5220.380263129715
 30
0.0
 11
39000.31088951221
 21
3650.380263129715
 31
0.0
  0
LINE
  5
21968
330
1F
100
AcDbEntity
  8
A0_Grundriß
100
AcDbLine
 10
48030.31088951221
 20
5010.380263129729
 30
0.0
 11
41720.31088951221
 21
5010.380263129729
 31
0.0
  0
LINE
  5
21969
330
1F
100
AcDbEntity
  8
A0_Grundriß
100
AcDbLine
 10
39000.31088951221
 20
5010.380263129729
 30
0.0
 11
26730.310889512213
 21
5010.380263129729
 31
0.0
  0
LINE
  5
2196A
330
1F
100
AcDbEntity
  8
A0_Grundriß
100
AcDbLine
 10
39000.31088951221
 20
5220.380263129715
 30
0.0
 11
30160.310889512213
 21
5220.380263129715
 31
0.0
  0
ARC
  5
2196B
330
1F
100
AcDbEntity
  8
A03_Türen
100
AcDbCircle
 10
39000.31088951221
 20
5010.380263129729
 30
0.0
 40
1360.0
100
AcDbArc
 50
270.0
 51
0.0
  0
ARC
  5
2196C
330
1F
100
AcDbEntity
  8
A03_Türen
100
AcDbCircle
 10
41720.31088951221
 20
5010.380263129729
 30
0.0
 40
1360.0
100
AcDbArc
 50
180.0
 51
270.0
  0
LINE
  5
2196D
330
1F
100
AcDbEntity
  8
A0_Grundriß
100
AcDbLine
 10
41830.31088951221
 20
14790.38026312973
 30
0.0
 11
41830.31088951208
 21
10930.38026312973
 31
0.0
  0
LINE
  5
2196E
330
1F
100
AcDbEntity
  8
A03_Türen
100
AcDbLine
 10
42770.31088951221
 20
10190.38026312973
 30
0.0
 11
42770.31088951221
 21
9230.38026312973
 31
0.0
  0
LINE
  5
2196F
330
1F
100
AcDbEntity
  8
A0_Grundriß
100
AcDbLine
 10
42010.31088951221
 20
9230.38026312973
 30
0.0
 11
42010.31088951221
 21
5220.380263129715
 31
0.0
  0
ARC
  5
21970
330
1F
100
AcDbEntity
  8
A03_Türen
100
AcDbCircle
 10
41750.3108895121
 20
9550.38026312973
 30
0.0
 40
900.0
100
AcDbArc
 50
90.0
 51
180.0
  0
ARC
  5
21971
330
1F
100
AcDbEntity
  8
A03_Türen
100
AcDbCircle
 10
41750.3108895121
 20
11030.38026312973
 30
0.0
 40
580.0
100
AcDbArc
 50
180.0
 51
270.0
  0
LINE
  5
21972
330
1F
100
AcDbEntity
  8
A0_Grundriß
100
AcDbLine
 10
47820.31088951221
 20
5220.380263129715
 30
0.0
 11
42010.31088951221
 21
5220.380263129715
 31
0.0
  0
LINE
  5
21973
330
1F
100
AcDbEntity
  8
A0_Grundriß
100
AcDbLine
 10
41750.31088951221
 20
5220.380263129715
 30
0.0
 11
41720.31088951221
 21
5220.380263129715
 31
0.0
  0
LINE
  5
21974
330
1F
100
AcDbEntity
  8
A0_Grundriß
100
AcDbLine
 10
47820.31088951221
 20
14790.38026312973
 30
0.0
 11
47820.31088951221
 21
9450.380263129715
 31
0.0
  0
LINE
  5
21975
330
1F
100
AcDbEntity
  8
A0_Grundriß
100
AcDbLine
 10
47820.31088951221
 20
9230.38026312973
 30
0.0
 11
47820.31088951221
 21
5220.380263129715
 31
0.0
  0
LINE
  5
21976
330
1F
100
AcDbEntity
  8
A03_Türen
100
AcDbLine
 10
44250.31088951221
 20
10190.38026312973
 30
0.0
 11
44250.31088951221
 21
9230.38026312973
 31
0.0
  0
LINE
  5
21977
330
1F
100
AcDbEntity
  8
A0_Grundriß
100
AcDbLine
 10
41750.31088951221
 20
9450.380263129715
 30
0.0
 11
42770.31088951221
 21
9450.380263129715
 31
0.0
  0
LINE
  5
21978
330
1F
100
AcDbEntity
  8
A0_Grundriß
100
AcDbLine
 10
44250.31088951221
 20
9450.380263129715
 30
0.0
 11
47820.31088951221
 21
9450.380263129715
 31
0.0
  0
LINE
  5
21979
330
1F
100
AcDbEntity
  8
A0_Grundriß
100
AcDbLine
 10
42010.31088951221
 20
9230.38026312973
 30
0.0
 11
42770.31088951221
 21
9230.38026312973
 31
0.0
  0
LINE
  5
2197A
330
1F
100
AcDbEntity
  8
A0_Grundriß
100
AcDbLine
 10
44250.31088951221
 20
9230.38026312973
 30
0.0
 11
47820.31088951221
 21
9230.38026312973
 31
0.0
  0
ARC
  5
2197B
330
1F
100
AcDbEntity
  8
A03_Türen
100
AcDbCircle
 10
42770.31088951221
 20
9450.380263129715
 30
0.0
 40
740.0
100
AcDbArc
 50
0.0
 51
90.0
  0
ARC
  5
2197C
330
1F
100
AcDbEntity
  8
A03_Türen
100
AcDbCircle
 10
44250.31088951221
 20
9450.380263129715
 30
0.0
 40
740.0
100
AcDbArc
 50
90.0
 51
180.0
  0
LINE
  5
2197D
330
1F
100
AcDbEntity
  8
A0_Grundriß
100
AcDbLine
 10
49230.31088951221
 20
14390.380263129715
 30
0.0
 11
49230.31088951221
 21
10180.38026312973
 31
0.0
  0
LINE
  5
2197E
330
1F
100
AcDbEntity
  8
A0_Grundriß
100
AcDbLine
 10
49230.31088951221
 20
14390.380263129715
 30
0.0
 11
54630.31088951221
 21
14390.380263129715
 31
0.0
  0
LINE
  5
2197F
330
1F
100
AcDbEntity
  8
A0_Grundriß
100
AcDbLine
 10
49230.31088951221
 20
10180.38026312973
 30
0.0
 11
54630.31088951221
 21
10180.38026312973
 31
0.0
  0
LINE
  5
21980
330
1F
100
AcDbEntity
  8
A0_Grundriß
100
AcDbLine
 10
54630.31088951221
 20
14390.380263129715
 30
0.0
 11
54630.31088951221
 21
10180.38026312973
 31
0.0
  0
LINE
  5
21981
330
1F
100
AcDbEntity
  8
A0_Grundriß
100
AcDbLine
 10
49340.31088951221
 20
14280.38026312973
 30
0.0
 11
54520.31088951221
 21
14280.38026312973
 31
0.0
  0
LINE
  5
21982
330
1F
100
AcDbEntity
  8
A0_Grundriß
100
AcDbLine
 10
49340.31088951221
 20
14280.38026312973
 30
0.0
 11
49340.31088951221
 21
10290.38026312973
 31
0.0
  0
LINE
  5
21983
330
1F
100
AcDbEntity
  8
A0_Grundriß
100
AcDbLine
 10
49340.31088951221
 20
10290.38026312973
 30
0.0
 11
54520.31088951221
 21
10290.38026312973
 31
0.0
  0
LINE
  5
21984
330
1F
100
AcDbEntity
  8
A0_Grundriß
100
AcDbLine
 10
54520.31088951221
 20
14280.38026312973
 30
0.0
 11
54520.31088951221
 21
10290.38026312973
 31
0.0
  0
LINE
  5
21985
330
1F
100
AcDbEntity
  8
A0_Grundriß
100
AcDbLine
 10
48730.31088951221
 20
9350.38026312973
 30
0.0
 11
48730.31088951221
 21
5150.380263129729
 31
0.0
  0
LINE
  5
21986
330
1F
100
AcDbEntity
  8
A0_Grundriß
100
AcDbLine
 10
54130.31088951221
 20
9350.38026312973
 30
0.0
 11
54130.31088951221
 21
5150.380263129729
 31
0.0
  0
LINE
  5
21987
330
1F
100
AcDbEntity
  8
A0_Grundriß
100
AcDbLine
 10
54130.31088951221
 20
5150.380263129729
 30
0.0
 11
48730.31088951221
 21
5150.380263129729
 31
0.0
  0
LINE
  5
21988
330
1F
100
AcDbEntity
  8
A0_Grundriß
100
AcDbLine
 10
54130.31088951221
 20
9350.38026312973
 30
0.0
 11
48730.31088951221
 21
9350.38026312973
 31
0.0
  0
LINE
  5
21989
330
1F
100
AcDbEntity
  8
A0_Grundriß
100
AcDbLine
 10
54020.31088951221
 20
9240.38026312973
 30
0.0
 11
48840.31088951221
 21
9240.38026312973
 31
0.0
  0
LINE
  5
2198A
330
1F
100
AcDbEntity
  8
A0_Grundriß
100
AcDbLine
 10
48840.31088951221
 20
9240.38026312973
 30
0.0
 11
48840.31088951221
 21
5260.380263129729
 31
0.0
  0
LINE
  5
2198B
330
1F
100
AcDbEntity
  8
A0_Grundriß
100
AcDbLine
 10
54020.31088951221
 20
5260.380263129729
 30
0.0
 11
48840.31088951221
 21
5260.380263129729
 31
0.0
  0
LINE
  5
2198C
330
1F
100
AcDbEntity
  8
A0_Grundriß
100
AcDbLine
 10
54020.31088951221
 20
9240.38026312973
 30
0.0
 11
54020.31088951221
 21
5260.380263129729
 31
0.0
  0
LINE
  5
2198D
330
1F
100
AcDbEntity
  8
A0_Grundriß
100
AcDbLine
 10
4150.3108895122095
 20
14010.380263129715
 30
0.0
 11
9550.310889512213
 21
14010.380263129715
 31
0.0
  0
LINE
  5
2198E
330
1F
100
AcDbEntity
  8
A0_Grundriß
100
AcDbLine
 10
4150.3108895122095
 20
9800.38026312973
 30
0.0
 11
9550.310889512213
 21
9800.38026312973
 31
0.0
  0
LINE
  5
2198F
330
1F
100
AcDbEntity
  8
A0_Grundriß
100
AcDbLine
 10
4250.3108895122095
 20
13910.380263129715
 30
0.0
 11
9450.310889512213
 21
13910.380263129715
 31
0.0
  0
LINE
  5
21990
330
1F
100
AcDbEntity
  8
A0_Grundriß
100
AcDbLine
 10
9450.310889512213
 20
13910.380263129715
 30
0.0
 11
9450.310889512213
 21
9900.380263129715
 31
0.0
  0
LINE
  5
21991
330
1F
100
AcDbEntity
  8
A0_Grundriß
100
AcDbLine
 10
4250.3108895122095
 20
9900.380263129715
 30
0.0
 11
9450.310889512213
 21
9900.380263129715
 31
0.0
  0
LINE
  5
21992
330
1F
100
AcDbEntity
  8
A0_Grundriß
100
AcDbLine
 10
4250.3108895122095
 20
13910.380263129715
 30
0.0
 11
4250.3108895122095
 21
9900.380263129715
 31
0.0
  0
LINE
  5
21993
330
1F
100
AcDbEntity
  8
A0_Grundriß
100
AcDbLine
 10
4150.3108895122095
 20
9100.38026312973
 30
0.0
 11
9550.310889512213
 21
9100.38026312973
 31
0.0
  0
LINE
  5
21994
330
1F
100
AcDbEntity
  8
A0_Grundriß
100
AcDbLine
 10
4150.3108895122095
 20
4890.380263129729
 30
0.0
 11
9550.310889512213
 21
4890.380263129729
 31
0.0
  0
LINE
  5
21995
330
1F
100
AcDbEntity
  8
A0_Grundriß
100
AcDbLine
 10
4150.3108895122095
 20
14010.380263129715
 30
0.0
 11
4150.3108895122095
 21
9800.38026312973
 31
0.0
  0
LINE
  5
21996
330
1F
100
AcDbEntity
  8
A0_Grundriß
100
AcDbLine
 10
4150.3108895122095
 20
9100.38026312973
 30
0.0
 11
4150.3108895122095
 21
4890.380263129729
 31
0.0
  0
LINE
  5
21997
330
1F
100
AcDbEntity
  8
A0_Grundriß
100
AcDbLine
 10
9550.310889512213
 20
14010.380263129715
 30
0.0
 11
9550.310889512213
 21
9800.38026312973
 31
0.0
  0
LINE
  5
21998
330
1F
100
AcDbEntity
  8
A0_Grundriß
100
AcDbLine
 10
9550.310889512213
 20
9100.38026312973
 30
0.0
 11
9550.310889512213
 21
4890.380263129729
 31
0.0
  0
LINE
  5
21999
330
1F
100
AcDbEntity
  8
A0_Grundriß
100
AcDbLine
 10
4260.3108895122095
 20
8990.38026312973
 30
0.0
 11
9440.310889512213
 21
8990.38026312973
 31
0.0
  0
LINE
  5
2199A
330
1F
100
AcDbEntity
  8
A0_Grundriß
100
AcDbLine
 10
4260.3108895122095
 20
5000.380263129729
 30
0.0
 11
9440.310889512213
 21
5000.380263129729
 31
0.0
  0
LINE
  5
2199B
330
1F
100
AcDbEntity
  8
A0_Grundriß
100
AcDbLine
 10
9440.310889512213
 20
8990.38026312973
 30
0.0
 11
9440.310889512213
 21
5000.380263129729
 31
0.0
  0
LINE
  5
2199C
330
1F
100
AcDbEntity
  8
A0_Grundriß
100
AcDbLine
 10
4260.3108895122095
 20
8990.38026312973
 30
0.0
 11
4260.3108895122095
 21
5000.380263129729
 31
0.0
  0
LINE
  5
2199D
330
1F
100
AcDbEntity
  8
A0_Grundriß
100
AcDbLine
 10
10410.310889512213
 20
14970.380263129715
 30
0.0
 11
11500.310889512213
 21
14970.380263129715
 31
0.0
  0
LINE
  5
2199E
330
1F
100
AcDbEntity
  8
A0_Grundriß
100
AcDbLine
 10
10410.310889512213
 20
14720.38026312973
 30
0.0
 11
11500.310889512213
 21
14720.38026312973
 31
0.0
  0
LINE
  5
2199F
330
1F
100
AcDbEntity
  8
A0_Grundriß
100
AcDbLine
 10
12650.31088951222
 20
18810.380263129715
 30
0.0
 11
13500.310889512213
 21
18810.380263129715
 31
0.0
  0
LINE
  5
219A0
330
1F
100
AcDbEntity
  8
A0_Grundriß
100
AcDbLine
 10
12650.31088951222
 20
18810.380263129715
 30
0.0
 11
12650.31088951222
 21
19500.38026312973
 31
0.0
  0
LINE
  5
219A1
330
1F
100
AcDbEntity
  8
A0_Grundriß
100
AcDbLine
 10
3540.3108895122095
 20
19750.380263129744
 30
0.0
 11
5840.3108895122095
 21
19750.380263129744
 31
0.0
  0
LINE
  5
219A2
330
1F
100
AcDbEntity
  8
A0_Grundriß
100
AcDbLine
 10
6020.3108895122095
 20
19750.380263129744
 30
0.0
 11
11875.310889512213
 21
19750.380263129744
 31
0.0
  0
LINE
  5
219A3
330
1F
100
AcDbEntity
  8
A0_Grundriß
100
AcDbLine
 10
17915.310889512213
 20
18480.38026312973
 30
0.0
 11
24085.310889512213
 21
18480.38026312973
 31
0.0
  0
LINE
  5
219A4
330
1F
100
AcDbEntity
  8
A0_Grundriß
100
AcDbLine
 10
17915.310889512213
 20
18180.380263129744
 30
0.0
 11
24085.310889512213
 21
18180.380263129744
 31
0.0
  0
LINE
  5
219A5
330
1F
100
AcDbEntity
  8
A0_Grundriß
100
AcDbLine
 10
17915.310889512213
 20
18480.38026312973
 30
0.0
 11
17915.310889512213
 21
18180.380263129744
 31
0.0
  0
LINE
  5
219A6
330
1F
100
AcDbEntity
  8
A0_Grundriß
100
AcDbLine
 10
17915.310889512213
 20
16830.380263129715
 30
0.0
 11
17915.310889512213
 21
16530.38026312973
 31
0.0
  0
LINE
  5
219A7
330
1F
100
AcDbEntity
  8
A0_Grundriß
100
AcDbLine
 10
24085.310889512213
 20
18480.38026312973
 30
0.0
 11
24085.310889512213
 21
18180.380263129744
 31
0.0
  0
LINE
  5
219A8
330
1F
100
AcDbEntity
  8
A0_Grundriß
100
AcDbLine
 10
24085.310889512213
 20
16830.380263129715
 30
0.0
 11
24085.310889512213
 21
16530.38026312973
 31
0.0
  0
LINE
  5
219A9
330
1F
100
AcDbEntity
  8
A0_Grundriß
100
AcDbLine
 10
17915.310889512213
 20
16830.380263129715
 30
0.0
 11
24085.310889512213
 21
16830.380263129715
 31
0.0
  0
LINE
  5
219AA
330
1F
100
AcDbEntity
  8
A0_Grundriß
100
AcDbLine
 10
17915.310889512213
 20
16530.38026312973
 30
0.0
 11
24085.310889512213
 21
16530.38026312973
 31
0.0
  0
LINE
  5
219AB
330
1F
100
AcDbEntity
  8
A0_Grundriß
100
AcDbLine
 10
18865.310889512213
 20
16000.380263129744
 30
0.0
 11
23085.310889512213
 21
16000.380263129744
 31
0.0
  0
LINE
  5
219AC
330
1F
100
AcDbEntity
  8
A0_Grundriß
100
AcDbLine
 10
18865.310889512213
 20
19010.380263129715
 30
0.0
 11
23085.310889512213
 21
19010.380263129715
 31
0.0
  0
ARC
  5
219AD
330
1F
100
AcDbEntity
  8
A0_Grundriß
100
AcDbCircle
 10
19903.87088951221
 20
17505.38026312973
 30
0.0
 40
1828.56
100
AcDbArc
 50
124.608513997794
 51
235.3914829983075
  0
ARC
  5
219AE
330
1F
100
AcDbEntity
  8
A0_Grundriß
100
AcDbCircle
 10
22046.75088951221
 20
17505.38026312973
 30
0.0
 40
1828.56
100
AcDbArc
 50
304.608513997794
 51
55.39148299830746
  0
LINE
  5
219AF
330
1F
100
AcDbEntity
  8
A0_Grundriß
100
AcDbLine
 10
42055.31088951221
 20
18710.38026312973
 30
0.0
 11
54020.31088951221
 21
18710.38026312973
 31
0.0
  0
LINE
  5
219B0
330
1F
100
AcDbEntity
  8
A0_Grundriß
100
AcDbLine
 10
42055.31088951221
 20
18410.38026312973
 30
0.0
 11
54020.31088951221
 21
18410.38026312973
 31
0.0
  0
LINE
  5
219B1
330
1F
100
AcDbEntity
  8
A0_Grundriß
100
AcDbLine
 10
42055.31088951221
 20
18710.38026312973
 30
0.0
 11
42055.31088951221
 21
18410.38026312973
 31
0.0
  0
LINE
  5
219B2
330
1F
100
AcDbEntity
  8
A0_Grundriß
100
AcDbLine
 10
42055.31088951221
 20
16720.38026312973
 30
0.0
 11
42055.31088951221
 21
16420.38026312973
 31
0.0
  0
LINE
  5
219B3
330
1F
100
AcDbEntity
  8
A0_Grundriß
100
AcDbLine
 10
54020.31088951221
 20
18710.38026312973
 30
0.0
 11
54020.31088951221
 21
18410.38026312973
 31
0.0
  0
LINE
  5
219B4
330
1F
100
AcDbEntity
  8
A0_Grundriß
100
AcDbLine
 10
54020.31088951221
 20
16720.38026312973
 30
0.0
 11
54020.31088951221
 21
16420.38026312973
 31
0.0
  0
LINE
  5
219B5
330
1F
100
AcDbEntity
  8
A0_Grundriß
100
AcDbLine
 10
42055.31088951221
 20
16720.38026312973
 30
0.0
 11
54020.31088951221
 21
16720.38026312973
 31
0.0
  0
LINE
  5
219B6
330
1F
100
AcDbEntity
  8
A0_Grundriß
100
AcDbLine
 10
42055.31088951221
 20
16420.38026312973
 30
0.0
 11
54020.31088951221
 21
16420.38026312973
 31
0.0
  0
LINE
  5
219B7
330
1F
100
AcDbEntity
  8
A0_Grundriß
100
AcDbLine
 10
42955.31088951221
 20
16240.38026312973
 30
0.0
 11
53090.31088951221
 21
16240.38026312973
 31
0.0
  0
LINE
  5
219B8
330
1F
100
AcDbEntity
  8
A0_Grundriß
100
AcDbLine
 10
42955.31088951221
 20
18890.38026312973
 30
0.0
 11
53090.31088951221
 21
18890.38026312973
 31
0.0
  0
ARC
  5
219B9
330
1F
100
AcDbEntity
  8
A0_Grundriß
100
AcDbCircle
 10
43906.21188951221
 20
17565.38026312973
 30
0.0
 40
1630.901
100
AcDbArc
 50
125.6655280019536
 51
234.3344750029332
  0
ARC
  5
219BA
330
1F
100
AcDbEntity
  8
A0_Grundriß
100
AcDbCircle
 10
52139.409889512215
 20
17565.38026312973
 30
0.0
 40
1630.901
100
AcDbArc
 50
305.6655280019537
 51
54.33447500293322
  0
LINE
  5
219BB
330
1F
100
AcDbEntity
  8
A0_Grundriß
100
AcDbLine
 10
72365.31088951221
 20
18280.38026312973
 30
0.0
 11
72365.31088951221
 21
16290.380263129744
 31
0.0
  0
LINE
  5
219BC
330
1F
100
AcDbEntity
  8
A0_Grundriß
100
AcDbLine
 10
73605.31088951221
 20
18680.38026312973
 30
0.0
 11
72865.31088951221
 21
18680.38026312973
 31
0.0
  0
LINE
  5
219BD
330
1F
100
AcDbEntity
  8
A0_Grundriß
100
AcDbLine
 10
72865.31088951221
 20
18680.38026312973
 30
0.0
 11
72865.31088951221
 21
18280.38026312973
 31
0.0
  0
LINE
  5
219BE
330
1F
100
AcDbEntity
  8
A0_Grundriß
100
AcDbLine
 10
73605.31088951221
 20
18680.38026312973
 30
0.0
 11
73605.31088951221
 21
16290.380263129744
 31
0.0
  0
LINE
  5
219BF
330
1F
100
AcDbEntity
  8
A0_Grundriß
100
AcDbLine
 10
73605.31088951221
 20
16290.380263129744
 30
0.0
 11
72365.31088951221
 21
16290.380263129744
 31
0.0
  0
LINE
  5
219C0
330
1F
100
AcDbEntity
  8
A0_Grundriß
100
AcDbLine
 10
72865.31088951221
 20
18280.38026312973
 30
0.0
 11
72365.31088951221
 21
18280.38026312973
 31
0.0
  0
LINE
  5
219C1
330
1F
100
AcDbEntity
  8
A0_Grundriß
100
AcDbLine
 10
41830.3108895121
 20
9550.38026312973
 30
0.0
 11
41830.3108895121
 21
9450.380263129715
 31
0.0
  0
LINE
  5
219C2
330
1F
100
AcDbEntity
  8
A0_Grundriß
100
AcDbLine
 10
145170.3108895122
 20
768.7246587991394
 30
0.0
 11
145170.3108895122
 21
18108.724658799125
 31
0.0
  0
LINE
  5
219C3
330
1F
100
AcDbEntity
  8
A0_Grundriß
100
AcDbLine
 10
145470.3108895122
 20
548.7246587991394
 30
0.0
 11
145470.3108895122
 21
18318.72465879914
 31
0.0
  0
LINE
  5
219C4
330
1F
100
AcDbEntity
  8
A0_Grundriß
100
AcDbLine
 10
-2749.6891104878014
 20
20000.380263129715
 30
0.0
 11
11875.310889512213
 21
20000.380263129715
 31
0.0
  0
LINE
  5
219C5
330
1F
100
AcDbEntity
  8
A0_Grundriß
100
AcDbLine
 10
11875.310889512213
 20
19500.38026312973
 30
0.0
 11
12125.310889512213
 21
19500.38026312973
 31
0.0
  0
LINE
  5
219C6
330
1F
100
AcDbEntity
  8
A0_Grundriß
100
AcDbLine
 10
12125.310889512213
 20
19500.38026312973
 30
0.0
 11
12125.310889512213
 21
20500.38026312973
 31
0.0
  0
LINE
  5
219C7
330
1F
100
AcDbEntity
  8
A0_Grundriß
100
AcDbLine
 10
12125.310889512213
 20
20500.38026312973
 30
0.0
 11
11875.310889512213
 21
20500.38026312973
 31
0.0
  0
LINE
  5
219C8
330
1F
100
AcDbEntity
  8
A0_Grundriß
100
AcDbLine
 10
11875.310889512213
 20
20500.38026312973
 30
0.0
 11
11875.310889512213
 21
19500.38026312973
 31
0.0
  0
LINE
  5
219C9
330
1F
100
AcDbEntity
  8
A0_Grundriß
100
AcDbLine
 10
-2999.6891104878014
 20
19500.38026312973
 30
0.0
 11
-2749.6891104878014
 21
19500.38026312973
 31
0.0
  0
LINE
  5
219CA
330
1F
100
AcDbEntity
  8
A0_Grundriß
100
AcDbLine
 10
-2749.6891104878014
 20
19500.38026312973
 30
0.0
 11
-2749.6891104878014
 21
20500.38026312973
 31
0.0
  0
LINE
  5
219CB
330
1F
100
AcDbEntity
  8
A0_Grundriß
100
AcDbLine
 10
-2749.6891104878014
 20
20500.38026312973
 30
0.0
 11
-2999.6891104878014
 21
20500.38026312973
 31
0.0
  0
LINE
  5
219CC
330
1F
100
AcDbEntity
  8
A0_Grundriß
100
AcDbLine
 10
-2999.6891104878014
 20
20500.38026312973
 30
0.0
 11
-2999.6891104878014
 21
19500.38026312973
 31
0.0
  0
LINE
  5
219CD
330
1F
100
AcDbEntity
  8
A0_Grundriß
100
AcDbLine
 10
14825.310889512213
 20
19500.38026312973
 30
0.0
 11
15175.310889512213
 21
19500.38026312973
 31
0.0
  0
LINE
  5
219CE
330
1F
100
AcDbEntity
  8
A0_Grundriß
100
AcDbLine
 10
15175.310889512213
 20
19500.38026312973
 30
0.0
 11
15175.310889512213
 21
20500.38026312973
 31
0.0
  0
LINE
  5
219CF
330
1F
100
AcDbEntity
  8
A0_Grundriß
100
AcDbLine
 10
15175.310889512213
 20
20500.38026312973
 30
0.0
 11
14825.310889512213
 21
20500.38026312973
 31
0.0
  0
LINE
  5
219D0
330
1F
100
AcDbEntity
  8
A0_Grundriß
100
AcDbLine
 10
14825.310889512213
 20
20500.38026312973
 30
0.0
 11
14825.310889512213
 21
19500.38026312973
 31
0.0
  0
LINE
  5
219D1
330
1F
100
AcDbEntity
  8
A0_Grundriß
100
AcDbLine
 10
17825.310889512213
 20
19500.38026312973
 30
0.0
 11
18175.310889512213
 21
19500.38026312973
 31
0.0
  0
LINE
  5
219D2
330
1F
100
AcDbEntity
  8
A0_Grundriß
100
AcDbLine
 10
18175.310889512213
 20
19500.38026312973
 30
0.0
 11
18175.310889512213
 21
20500.38026312973
 31
0.0
  0
LINE
  5
219D3
330
1F
100
AcDbEntity
  8
A0_Grundriß
100
AcDbLine
 10
18175.310889512213
 20
20500.38026312973
 30
0.0
 11
17825.310889512213
 21
20500.38026312973
 31
0.0
  0
LINE
  5
219D4
330
1F
100
AcDbEntity
  8
A0_Grundriß
100
AcDbLine
 10
17825.310889512213
 20
20500.38026312973
 30
0.0
 11
17825.310889512213
 21
19500.38026312973
 31
0.0
  0
LINE
  5
219D5
330
1F
100
AcDbEntity
  8
A0_Grundriß
100
AcDbLine
 10
20825.310889512213
 20
19500.38026312973
 30
0.0
 11
21175.310889512213
 21
19500.38026312973
 31
0.0
  0
LINE
  5
219D6
330
1F
100
AcDbEntity
  8
A0_Grundriß
100
AcDbLine
 10
21175.310889512213
 20
19500.38026312973
 30
0.0
 11
21175.310889512213
 21
20500.38026312973
 31
0.0
  0
LINE
  5
219D7
330
1F
100
AcDbEntity
  8
A0_Grundriß
100
AcDbLine
 10
21175.310889512213
 20
20500.38026312973
 30
0.0
 11
20825.310889512213
 21
20500.38026312973
 31
0.0
  0
LINE
  5
219D8
330
1F
100
AcDbEntity
  8
A0_Grundriß
100
AcDbLine
 10
20825.310889512213
 20
20500.38026312973
 30
0.0
 11
20825.310889512213
 21
19500.38026312973
 31
0.0
  0
LINE
  5
219D9
330
1F
100
AcDbEntity
  8
A0_Grundriß
100
AcDbLine
 10
23825.310889512213
 20
19500.38026312973
 30
0.0
 11
24175.310889512213
 21
19500.38026312973
 31
0.0
  0
LINE
  5
219DA
330
1F
100
AcDbEntity
  8
A0_Grundriß
100
AcDbLine
 10
24175.310889512213
 20
19500.38026312973
 30
0.0
 11
24175.310889512213
 21
20500.38026312973
 31
0.0
  0
LINE
  5
219DB
330
1F
100
AcDbEntity
  8
A0_Grundriß
100
AcDbLine
 10
24175.310889512213
 20
20500.38026312973
 30
0.0
 11
23825.310889512213
 21
20500.38026312973
 31
0.0
  0
LINE
  5
219DC
330
1F
100
AcDbEntity
  8
A0_Grundriß
100
AcDbLine
 10
23825.310889512213
 20
20500.38026312973
 30
0.0
 11
23825.310889512213
 21
19500.38026312973
 31
0.0
  0
LINE
  5
219DD
330
1F
100
AcDbEntity
  8
A0_Grundriß
100
AcDbLine
 10
26780.310889512213
 20
19500.38026312973
 30
0.0
 11
27130.310889512213
 21
19500.38026312973
 31
0.0
  0
LINE
  5
219DE
330
1F
100
AcDbEntity
  8
A0_Grundriß
100
AcDbLine
 10
27130.310889512213
 20
19500.38026312973
 30
0.0
 11
27130.310889512213
 21
20500.38026312973
 31
0.0
  0
LINE
  5
219DF
330
1F
100
AcDbEntity
  8
A0_Grundriß
100
AcDbLine
 10
27130.310889512213
 20
20500.38026312973
 30
0.0
 11
26780.310889512213
 21
20500.38026312973
 31
0.0
  0
LINE
  5
219E0
330
1F
100
AcDbEntity
  8
A0_Grundriß
100
AcDbLine
 10
26780.310889512213
 20
20500.38026312973
 30
0.0
 11
26780.310889512213
 21
19500.38026312973
 31
0.0
  0
LINE
  5
219E1
330
1F
100
AcDbEntity
  8
A0_Grundriß
100
AcDbLine
 10
29740.310889512213
 20
19500.38026312973
 30
0.0
 11
29990.310889512213
 21
19500.38026312973
 31
0.0
  0
LINE
  5
219E2
330
1F
100
AcDbEntity
  8
A0_Grundriß
100
AcDbLine
 10
29990.310889512213
 20
19500.38026312973
 30
0.0
 11
29990.310889512213
 21
20500.38026312973
 31
0.0
  0
LINE
  5
219E3
330
1F
100
AcDbEntity
  8
A0_Grundriß
100
AcDbLine
 10
29990.310889512213
 20
20500.38026312973
 30
0.0
 11
29740.310889512213
 21
20500.38026312973
 31
0.0
  0
LINE
  5
219E4
330
1F
100
AcDbEntity
  8
A0_Grundriß
100
AcDbLine
 10
29740.310889512213
 20
20500.38026312973
 30
0.0
 11
29740.310889512213
 21
19500.38026312973
 31
0.0
  0
LINE
  5
219E5
330
1F
100
AcDbEntity
  8
A0_Grundriß
100
AcDbLine
 10
30010.310889512213
 20
19500.38026312973
 30
0.0
 11
30260.310889512213
 21
19500.38026312973
 31
0.0
  0
LINE
  5
219E6
330
1F
100
AcDbEntity
  8
A0_Grundriß
100
AcDbLine
 10
30260.310889512213
 20
19500.38026312973
 30
0.0
 11
30260.310889512213
 21
20500.38026312973
 31
0.0
  0
LINE
  5
219E7
330
1F
100
AcDbEntity
  8
A0_Grundriß
100
AcDbLine
 10
30260.310889512213
 20
20500.38026312973
 30
0.0
 11
30010.310889512213
 21
20500.38026312973
 31
0.0
  0
LINE
  5
219E8
330
1F
100
AcDbEntity
  8
A0_Grundriß
100
AcDbLine
 10
30010.310889512213
 20
20500.38026312973
 30
0.0
 11
30010.310889512213
 21
19500.38026312973
 31
0.0
  0
LINE
  5
219E9
330
1F
100
AcDbEntity
  8
A0_Grundriß
100
AcDbLine
 10
32870.31088951221
 20
19500.38026312973
 30
0.0
 11
33220.31088951221
 21
19500.38026312973
 31
0.0
  0
LINE
  5
219EA
330
1F
100
AcDbEntity
  8
A0_Grundriß
100
AcDbLine
 10
33220.31088951221
 20
19500.38026312973
 30
0.0
 11
33220.31088951221
 21
20500.38026312973
 31
0.0
  0
LINE
  5
219EB
330
1F
100
AcDbEntity
  8
A0_Grundriß
100
AcDbLine
 10
33220.31088951221
 20
20500.38026312973
 30
0.0
 11
32870.31088951221
 21
20500.38026312973
 31
0.0
  0
LINE
  5
219EC
330
1F
100
AcDbEntity
  8
A0_Grundriß
100
AcDbLine
 10
32870.31088951221
 20
20500.38026312973
 30
0.0
 11
32870.31088951221
 21
19500.38026312973
 31
0.0
  0
LINE
  5
219ED
330
1F
100
AcDbEntity
  8
A0_Grundriß
100
AcDbLine
 10
35825.31088951221
 20
19500.38026312973
 30
0.0
 11
36175.31088951221
 21
19500.38026312973
 31
0.0
  0
LINE
  5
219EE
330
1F
100
AcDbEntity
  8
A0_Grundriß
100
AcDbLine
 10
36175.31088951221
 20
19500.38026312973
 30
0.0
 11
36175.31088951221
 21
20500.38026312973
 31
0.0
  0
LINE
  5
219EF
330
1F
100
AcDbEntity
  8
A0_Grundriß
100
AcDbLine
 10
36175.31088951221
 20
20500.38026312973
 30
0.0
 11
35825.31088951221
 21
20500.38026312973
 31
0.0
  0
LINE
  5
219F0
330
1F
100
AcDbEntity
  8
A0_Grundriß
100
AcDbLine
 10
35825.31088951221
 20
20500.38026312973
 30
0.0
 11
35825.31088951221
 21
19500.38026312973
 31
0.0
  0
LINE
  5
219F1
330
1F
100
AcDbEntity
  8
A0_Grundriß
100
AcDbLine
 10
38825.31088951221
 20
19500.38026312973
 30
0.0
 11
39175.31088951221
 21
19500.38026312973
 31
0.0
  0
LINE
  5
219F2
330
1F
100
AcDbEntity
  8
A0_Grundriß
100
AcDbLine
 10
39175.31088951221
 20
19500.38026312973
 30
0.0
 11
39175.31088951221
 21
20500.38026312973
 31
0.0
  0
LINE
  5
219F3
330
1F
100
AcDbEntity
  8
A0_Grundriß
100
AcDbLine
 10
39175.31088951221
 20
20500.38026312973
 30
0.0
 11
38825.31088951221
 21
20500.38026312973
 31
0.0
  0
LINE
  5
219F4
330
1F
100
AcDbEntity
  8
A0_Grundriß
100
AcDbLine
 10
38825.31088951221
 20
20500.38026312973
 30
0.0
 11
38825.31088951221
 21
19500.38026312973
 31
0.0
  0
LINE
  5
219F5
330
1F
100
AcDbEntity
  8
A0_Grundriß
100
AcDbLine
 10
41825.31088951221
 20
19500.38026312973
 30
0.0
 11
42175.31088951221
 21
19500.38026312973
 31
0.0
  0
LINE
  5
219F6
330
1F
100
AcDbEntity
  8
A0_Grundriß
100
AcDbLine
 10
42175.31088951221
 20
19500.38026312973
 30
0.0
 11
42175.31088951221
 21
20500.38026312973
 31
0.0
  0
LINE
  5
219F7
330
1F
100
AcDbEntity
  8
A0_Grundriß
100
AcDbLine
 10
42175.31088951221
 20
20500.38026312973
 30
0.0
 11
41825.31088951221
 21
20500.38026312973
 31
0.0
  0
LINE
  5
219F8
330
1F
100
AcDbEntity
  8
A0_Grundriß
100
AcDbLine
 10
41825.31088951221
 20
20500.38026312973
 30
0.0
 11
41825.31088951221
 21
19500.38026312973
 31
0.0
  0
LINE
  5
219F9
330
1F
100
AcDbEntity
  8
A0_Grundriß
100
AcDbLine
 10
44825.31088951221
 20
19500.38026312973
 30
0.0
 11
45175.31088951221
 21
19500.38026312973
 31
0.0
  0
LINE
  5
219FA
330
1F
100
AcDbEntity
  8
A0_Grundriß
100
AcDbLine
 10
45175.31088951221
 20
19500.38026312973
 30
0.0
 11
45175.31088951221
 21
20500.38026312973
 31
0.0
  0
LINE
  5
219FB
330
1F
100
AcDbEntity
  8
A0_Grundriß
100
AcDbLine
 10
45175.31088951221
 20
20500.38026312973
 30
0.0
 11
44825.31088951221
 21
20500.38026312973
 31
0.0
  0
LINE
  5
219FC
330
1F
100
AcDbEntity
  8
A0_Grundriß
100
AcDbLine
 10
44825.31088951221
 20
20500.38026312973
 30
0.0
 11
44825.31088951221
 21
19500.38026312973
 31
0.0
  0
LINE
  5
219FD
330
1F
100
AcDbEntity
  8
A0_Grundriß
100
AcDbLine
 10
47825.31088951221
 20
19500.38026312973
 30
0.0
 11
48175.31088951221
 21
19500.38026312973
 31
0.0
  0
LINE
  5
219FE
330
1F
100
AcDbEntity
  8
A0_Grundriß
100
AcDbLine
 10
48175.31088951221
 20
19500.38026312973
 30
0.0
 11
48175.31088951221
 21
20500.38026312973
 31
0.0
  0
LINE
  5
219FF
330
1F
100
AcDbEntity
  8
A0_Grundriß
100
AcDbLine
 10
48175.31088951221
 20
20500.38026312973
 30
0.0
 11
47825.31088951221
 21
20500.38026312973
 31
0.0
  0
LINE
  5
21A00
330
1F
100
AcDbEntity
  8
A0_Grundriß
100
AcDbLine
 10
47825.31088951221
 20
20500.38026312973
 30
0.0
 11
47825.31088951221
 21
19500.38026312973
 31
0.0
  0
LINE
  5
21A01
330
1F
100
AcDbEntity
  8
A0_Grundriß
100
AcDbLine
 10
60320.31088951221
 20
19750.380263129744
 30
0.0
 11
71875.3108895122
 21
19750.380263129744
 31
0.0
  0
LINE
  5
21A02
330
1F
100
AcDbEntity
  8
A0_Grundriß
100
AcDbLine
 10
60330.31088951221
 20
20000.380263129715
 30
0.0
 11
71875.3108895122
 21
20000.380263129715
 31
0.0
  0
LINE
  5
21A03
330
1F
100
AcDbEntity
  8
A0_Grundriß
100
AcDbLine
 10
60000.3108895122
 20
19500.38026312973
 30
0.0
 11
60320.31088951221
 21
19500.38026312973
 31
0.0
  0
LINE
  5
21A04
330
1F
100
AcDbEntity
  8
A0_Grundriß
100
AcDbLine
 10
60320.31088951221
 20
19500.38026312973
 30
0.0
 11
60320.31088951221
 21
20500.38026312973
 31
0.0
  0
LINE
  5
21A05
330
1F
100
AcDbEntity
  8
A0_Grundriß
100
AcDbLine
 10
60320.31088951221
 20
20500.38026312973
 30
0.0
 11
60000.3108895122
 21
20500.38026312973
 31
0.0
  0
LINE
  5
21A06
330
1F
100
AcDbEntity
  8
A0_Grundriß
100
AcDbLine
 10
60000.3108895122
 20
20500.38026312973
 30
0.0
 11
60000.3108895122
 21
19500.38026312973
 31
0.0
  0
LINE
  5
21A07
330
1F
100
AcDbEntity
  8
A0_Grundriß
100
AcDbLine
 10
71875.3108895122
 20
19500.38026312973
 30
0.0
 11
72125.31088951221
 21
19500.38026312973
 31
0.0
  0
LINE
  5
21A08
330
1F
100
AcDbEntity
  8
A0_Grundriß
100
AcDbLine
 10
72125.31088951221
 20
19500.38026312973
 30
0.0
 11
72125.31088951221
 21
20500.38026312973
 31
0.0
  0
LINE
  5
21A09
330
1F
100
AcDbEntity
  8
A0_Grundriß
100
AcDbLine
 10
72125.31088951221
 20
20500.38026312973
 30
0.0
 11
71875.3108895122
 21
20500.38026312973
 31
0.0
  0
LINE
  5
21A0A
330
1F
100
AcDbEntity
  8
A0_Grundriß
100
AcDbLine
 10
71875.3108895122
 20
20500.38026312973
 30
0.0
 11
71875.3108895122
 21
19500.38026312973
 31
0.0
  0
LINE
  5
21A0B
330
1F
100
AcDbEntity
  8
A0_Grundriß
100
AcDbLine
 10
74875.31088951221
 20
19500.38026312973
 30
0.0
 11
75125.31088951221
 21
19500.38026312973
 31
0.0
  0
LINE
  5
21A0C
330
1F
100
AcDbEntity
  8
A0_Grundriß
100
AcDbLine
 10
75125.31088951221
 20
19500.38026312973
 30
0.0
 11
75125.31088951221
 21
20500.38026312973
 31
0.0
  0
LINE
  5
21A0D
330
1F
100
AcDbEntity
  8
A0_Grundriß
100
AcDbLine
 10
75125.31088951221
 20
20500.38026312973
 30
0.0
 11
74875.31088951221
 21
20500.38026312973
 31
0.0
  0
LINE
  5
21A0E
330
1F
100
AcDbEntity
  8
A0_Grundriß
100
AcDbLine
 10
74875.31088951221
 20
20500.38026312973
 30
0.0
 11
74875.31088951221
 21
19500.38026312973
 31
0.0
  0
LINE
  5
21A0F
330
1F
100
AcDbEntity
  8
A0_Grundriß
100
AcDbLine
 10
77875.3108895122
 20
19500.38026312973
 30
0.0
 11
78125.3108895122
 21
19500.38026312973
 31
0.0
  0
LINE
  5
21A10
330
1F
100
AcDbEntity
  8
A0_Grundriß
100
AcDbLine
 10
78125.3108895122
 20
19500.38026312973
 30
0.0
 11
78125.3108895122
 21
20500.38026312973
 31
0.0
  0
LINE
  5
21A11
330
1F
100
AcDbEntity
  8
A0_Grundriß
100
AcDbLine
 10
78125.3108895122
 20
20500.38026312973
 30
0.0
 11
77875.3108895122
 21
20500.38026312973
 31
0.0
  0
LINE
  5
21A12
330
1F
100
AcDbEntity
  8
A0_Grundriß
100
AcDbLine
 10
77875.3108895122
 20
20500.38026312973
 30
0.0
 11
77875.3108895122
 21
19500.38026312973
 31
0.0
  0
LINE
  5
21A13
330
1F
100
AcDbEntity
  8
A0_Grundriß
100
AcDbLine
 10
80875.3108895122
 20
19500.38026312973
 30
0.0
 11
81125.3108895122
 21
19500.38026312973
 31
0.0
  0
LINE
  5
21A14
330
1F
100
AcDbEntity
  8
A0_Grundriß
100
AcDbLine
 10
81125.3108895122
 20
19500.38026312973
 30
0.0
 11
81125.3108895122
 21
20500.38026312973
 31
0.0
  0
LINE
  5
21A15
330
1F
100
AcDbEntity
  8
A0_Grundriß
100
AcDbLine
 10
81125.3108895122
 20
20500.38026312973
 30
0.0
 11
80875.3108895122
 21
20500.38026312973
 31
0.0
  0
LINE
  5
21A16
330
1F
100
AcDbEntity
  8
A0_Grundriß
100
AcDbLine
 10
80875.3108895122
 20
20500.38026312973
 30
0.0
 11
80875.3108895122
 21
19500.38026312973
 31
0.0
  0
LINE
  5
21A17
330
1F
100
AcDbEntity
  8
A0_Grundriß
100
AcDbLine
 10
83875.3108895122
 20
19500.38026312973
 30
0.0
 11
84125.3108895122
 21
19500.38026312973
 31
0.0
  0
LINE
  5
21A18
330
1F
100
AcDbEntity
  8
A0_Grundriß
100
AcDbLine
 10
84125.3108895122
 20
19500.38026312973
 30
0.0
 11
84125.3108895122
 21
20500.38026312973
 31
0.0
  0
LINE
  5
21A19
330
1F
100
AcDbEntity
  8
A0_Grundriß
100
AcDbLine
 10
84125.3108895122
 20
20500.38026312973
 30
0.0
 11
83875.3108895122
 21
20500.38026312973
 31
0.0
  0
LINE
  5
21A1A
330
1F
100
AcDbEntity
  8
A0_Grundriß
100
AcDbLine
 10
83875.3108895122
 20
20500.38026312973
 30
0.0
 11
83875.3108895122
 21
19500.38026312973
 31
0.0
  0
LINE
  5
21A1B
330
1F
100
AcDbEntity
  8
A0_Grundriß
100
AcDbLine
 10
86875.3108895122
 20
19500.38026312973
 30
0.0
 11
87125.3108895122
 21
19500.38026312973
 31
0.0
  0
LINE
  5
21A1C
330
1F
100
AcDbEntity
  8
A0_Grundriß
100
AcDbLine
 10
87125.3108895122
 20
19500.38026312973
 30
0.0
 11
87125.3108895122
 21
20500.38026312973
 31
0.0
  0
LINE
  5
21A1D
330
1F
100
AcDbEntity
  8
A0_Grundriß
100
AcDbLine
 10
87125.3108895122
 20
20500.38026312973
 30
0.0
 11
86875.3108895122
 21
20500.38026312973
 31
0.0
  0
LINE
  5
21A1E
330
1F
100
AcDbEntity
  8
A0_Grundriß
100
AcDbLine
 10
86875.3108895122
 20
20500.38026312973
 30
0.0
 11
86875.3108895122
 21
19500.38026312973
 31
0.0
  0
LINE
  5
21A1F
330
1F
100
AcDbEntity
  8
A0_Grundriß
100
AcDbLine
 10
89740.3108895122
 20
19500.38026312973
 30
0.0
 11
89990.3108895122
 21
19500.38026312973
 31
0.0
  0
LINE
  5
21A20
330
1F
100
AcDbEntity
  8
A0_Grundriß
100
AcDbLine
 10
89990.3108895122
 20
19500.38026312973
 30
0.0
 11
89990.3108895122
 21
20500.38026312973
 31
0.0
  0
LINE
  5
21A21
330
1F
100
AcDbEntity
  8
A0_Grundriß
100
AcDbLine
 10
89990.3108895122
 20
20500.38026312973
 30
0.0
 11
89740.3108895122
 21
20500.38026312973
 31
0.0
  0
LINE
  5
21A22
330
1F
100
AcDbEntity
  8
A0_Grundriß
100
AcDbLine
 10
89740.3108895122
 20
20500.38026312973
 30
0.0
 11
89740.3108895122
 21
19500.38026312973
 31
0.0
  0
LINE
  5
21A23
330
1F
100
AcDbEntity
  8
A0_Grundriß
100
AcDbLine
 10
90010.3108895122
 20
19500.38026312973
 30
0.0
 11
90260.3108895122
 21
19500.38026312973
 31
0.0
  0
LINE
  5
21A24
330
1F
100
AcDbEntity
  8
A0_Grundriß
100
AcDbLine
 10
90260.3108895122
 20
19500.38026312973
 30
0.0
 11
90260.3108895122
 21
20500.38026312973
 31
0.0
  0
LINE
  5
21A25
330
1F
100
AcDbEntity
  8
A0_Grundriß
100
AcDbLine
 10
90260.3108895122
 20
20500.38026312973
 30
0.0
 11
90010.3108895122
 21
20500.38026312973
 31
0.0
  0
LINE
  5
21A26
330
1F
100
AcDbEntity
  8
A0_Grundriß
100
AcDbLine
 10
90010.3108895122
 20
20500.38026312973
 30
0.0
 11
90010.3108895122
 21
19500.38026312973
 31
0.0
  0
LINE
  5
21A27
330
1F
100
AcDbEntity
  8
A0_Grundriß
100
AcDbLine
 10
92875.3108895122
 20
19500.38026312973
 30
0.0
 11
93125.3108895122
 21
19500.38026312973
 31
0.0
  0
LINE
  5
21A28
330
1F
100
AcDbEntity
  8
A0_Grundriß
100
AcDbLine
 10
93125.3108895122
 20
19500.38026312973
 30
0.0
 11
93125.3108895122
 21
20500.38026312973
 31
0.0
  0
LINE
  5
21A29
330
1F
100
AcDbEntity
  8
A0_Grundriß
100
AcDbLine
 10
93125.3108895122
 20
20500.38026312973
 30
0.0
 11
92875.3108895122
 21
20500.38026312973
 31
0.0
  0
LINE
  5
21A2A
330
1F
100
AcDbEntity
  8
A0_Grundriß
100
AcDbLine
 10
92875.3108895122
 20
20500.38026312973
 30
0.0
 11
92875.3108895122
 21
19500.38026312973
 31
0.0
  0
LINE
  5
21A2B
330
1F
100
AcDbEntity
  8
A0_Grundriß
100
AcDbLine
 10
95875.3108895122
 20
19500.38026312973
 30
0.0
 11
96125.3108895122
 21
19500.38026312973
 31
0.0
  0
LINE
  5
21A2C
330
1F
100
AcDbEntity
  8
A0_Grundriß
100
AcDbLine
 10
96125.3108895122
 20
19500.38026312973
 30
0.0
 11
96125.3108895122
 21
20500.38026312973
 31
0.0
  0
LINE
  5
21A2D
330
1F
100
AcDbEntity
  8
A0_Grundriß
100
AcDbLine
 10
96125.3108895122
 20
20500.38026312973
 30
0.0
 11
95875.3108895122
 21
20500.38026312973
 31
0.0
  0
LINE
  5
21A2E
330
1F
100
AcDbEntity
  8
A0_Grundriß
100
AcDbLine
 10
95875.3108895122
 20
20500.38026312973
 30
0.0
 11
95875.3108895122
 21
19500.38026312973
 31
0.0
  0
LINE
  5
21A2F
330
1F
100
AcDbEntity
  8
A0_Grundriß
100
AcDbLine
 10
98875.3108895122
 20
19500.38026312973
 30
0.0
 11
99125.3108895122
 21
19500.38026312973
 31
0.0
  0
LINE
  5
21A30
330
1F
100
AcDbEntity
  8
A0_Grundriß
100
AcDbLine
 10
99125.3108895122
 20
19500.38026312973
 30
0.0
 11
99125.3108895122
 21
20500.38026312973
 31
0.0
  0
LINE
  5
21A31
330
1F
100
AcDbEntity
  8
A0_Grundriß
100
AcDbLine
 10
99125.3108895122
 20
20500.38026312973
 30
0.0
 11
98875.3108895122
 21
20500.38026312973
 31
0.0
  0
LINE
  5
21A32
330
1F
100
AcDbEntity
  8
A0_Grundriß
100
AcDbLine
 10
98875.3108895122
 20
20500.38026312973
 30
0.0
 11
98875.3108895122
 21
19500.38026312973
 31
0.0
  0
LINE
  5
21A33
330
1F
100
AcDbEntity
  8
A0_Grundriß
100
AcDbLine
 10
101875.3108895122
 20
19500.38026312973
 30
0.0
 11
102125.3108895122
 21
19500.38026312973
 31
0.0
  0
LINE
  5
21A34
330
1F
100
AcDbEntity
  8
A0_Grundriß
100
AcDbLine
 10
102125.3108895122
 20
19500.38026312973
 30
0.0
 11
102125.3108895122
 21
20500.38026312973
 31
0.0
  0
LINE
  5
21A35
330
1F
100
AcDbEntity
  8
A0_Grundriß
100
AcDbLine
 10
102125.3108895122
 20
20500.38026312973
 30
0.0
 11
101875.3108895122
 21
20500.38026312973
 31
0.0
  0
LINE
  5
21A36
330
1F
100
AcDbEntity
  8
A0_Grundriß
100
AcDbLine
 10
101875.3108895122
 20
20500.38026312973
 30
0.0
 11
101875.3108895122
 21
19500.38026312973
 31
0.0
  0
LINE
  5
21A37
330
1F
100
AcDbEntity
  8
A0_Grundriß
100
AcDbLine
 10
104875.3108895122
 20
19500.38026312973
 30
0.0
 11
105125.3108895122
 21
19500.38026312973
 31
0.0
  0
LINE
  5
21A38
330
1F
100
AcDbEntity
  8
A0_Grundriß
100
AcDbLine
 10
105125.3108895122
 20
19500.38026312973
 30
0.0
 11
105125.3108895122
 21
20500.38026312973
 31
0.0
  0
LINE
  5
21A39
330
1F
100
AcDbEntity
  8
A0_Grundriß
100
AcDbLine
 10
105125.3108895122
 20
20500.38026312973
 30
0.0
 11
104875.3108895122
 21
20500.38026312973
 31
0.0
  0
LINE
  5
21A3A
330
1F
100
AcDbEntity
  8
A0_Grundriß
100
AcDbLine
 10
104875.3108895122
 20
20500.38026312973
 30
0.0
 11
104875.3108895122
 21
19500.38026312973
 31
0.0
  0
LINE
  5
21A3B
330
1F
100
AcDbEntity
  8
A0_Grundriß
100
AcDbLine
 10
107875.31088951221
 20
19500.38026312973
 30
0.0
 11
108125.31088951221
 21
19500.38026312973
 31
0.0
  0
LINE
  5
21A3C
330
1F
100
AcDbEntity
  8
A0_Grundriß
100
AcDbLine
 10
108125.31088951221
 20
19500.38026312973
 30
0.0
 11
108125.31088951221
 21
20500.38026312973
 31
0.0
  0
LINE
  5
21A3D
330
1F
100
AcDbEntity
  8
A0_Grundriß
100
AcDbLine
 10
108125.31088951221
 20
20500.38026312973
 30
0.0
 11
107875.31088951221
 21
20500.38026312973
 31
0.0
  0
LINE
  5
21A3E
330
1F
100
AcDbEntity
  8
A0_Grundriß
100
AcDbLine
 10
107875.31088951221
 20
20500.38026312973
 30
0.0
 11
107875.31088951221
 21
19500.38026312973
 31
0.0
  0
LINE
  5
21A3F
330
1F
100
AcDbEntity
  8
A0_Grundriß
100
AcDbLine
 10
110875.31088951221
 20
19500.38026312973
 30
0.0
 11
111125.31088951221
 21
19500.38026312973
 31
0.0
  0
LINE
  5
21A40
330
1F
100
AcDbEntity
  8
A0_Grundriß
100
AcDbLine
 10
111125.31088951221
 20
19500.38026312973
 30
0.0
 11
111125.31088951221
 21
20500.38026312973
 31
0.0
  0
LINE
  5
21A41
330
1F
100
AcDbEntity
  8
A0_Grundriß
100
AcDbLine
 10
111125.31088951221
 20
20500.38026312973
 30
0.0
 11
110875.31088951221
 21
20500.38026312973
 31
0.0
  0
LINE
  5
21A42
330
1F
100
AcDbEntity
  8
A0_Grundriß
100
AcDbLine
 10
110875.31088951221
 20
20500.38026312973
 30
0.0
 11
110875.31088951221
 21
19500.38026312973
 31
0.0
  0
LINE
  5
21A43
330
1F
100
AcDbEntity
  8
A0_Grundriß
100
AcDbLine
 10
113850.31088951221
 20
19500.38026312973
 30
0.0
 11
114100.31088951221
 21
19500.38026312973
 31
0.0
  0
LINE
  5
21A44
330
1F
100
AcDbEntity
  8
A0_Grundriß
100
AcDbLine
 10
114100.31088951221
 20
19500.38026312973
 30
0.0
 11
114100.31088951221
 21
20500.38026312973
 31
0.0
  0
LINE
  5
21A45
330
1F
100
AcDbEntity
  8
A0_Grundriß
100
AcDbLine
 10
114100.31088951221
 20
20500.38026312973
 30
0.0
 11
113850.31088951221
 21
20500.38026312973
 31
0.0
  0
LINE
  5
21A46
330
1F
100
AcDbEntity
  8
A0_Grundriß
100
AcDbLine
 10
113850.31088951221
 20
20500.38026312973
 30
0.0
 11
113850.31088951221
 21
19500.38026312973
 31
0.0
  0
LINE
  5
21A47
330
1F
100
AcDbEntity
  8
A0_Grundriß
100
AcDbLine
 10
113850.31088951221
 20
19500.38026312973
 30
0.0
 11
114100.31088951221
 21
19500.38026312973
 31
0.0
  0
LINE
  5
21A48
330
1F
100
AcDbEntity
  8
A0_Grundriß
100
AcDbLine
 10
114100.31088951221
 20
19500.38026312973
 30
0.0
 11
114100.31088951221
 21
20500.38026312973
 31
0.0
  0
LINE
  5
21A49
330
1F
100
AcDbEntity
  8
A0_Grundriß
100
AcDbLine
 10
114100.31088951221
 20
20500.38026312973
 30
0.0
 11
113850.31088951221
 21
20500.38026312973
 31
0.0
  0
LINE
  5
21A4A
330
1F
100
AcDbEntity
  8
A0_Grundriß
100
AcDbLine
 10
113850.31088951221
 20
20500.38026312973
 30
0.0
 11
113850.31088951221
 21
19500.38026312973
 31
0.0
  0
LINE
  5
21A4B
330
1F
100
AcDbEntity
  8
A0_Grundriß
100
AcDbLine
 10
47825.31088951221
 20
19500.38026312973
 30
0.0
 11
48175.31088951221
 21
19500.38026312973
 31
0.0
  0
LINE
  5
21A4C
330
1F
100
AcDbEntity
  8
A0_Grundriß
100
AcDbLine
 10
48175.31088951221
 20
19500.38026312973
 30
0.0
 11
48175.31088951221
 21
20500.38026312973
 31
0.0
  0
LINE
  5
21A4D
330
1F
100
AcDbEntity
  8
A0_Grundriß
100
AcDbLine
 10
48175.31088951221
 20
20500.38026312973
 30
0.0
 11
47825.31088951221
 21
20500.38026312973
 31
0.0
  0
LINE
  5
21A4E
330
1F
100
AcDbEntity
  8
A0_Grundriß
100
AcDbLine
 10
47825.31088951221
 20
20500.38026312973
 30
0.0
 11
47825.31088951221
 21
19500.38026312973
 31
0.0
  0
LINE
  5
21A4F
330
1F
100
AcDbEntity
  8
A0_Grundriß
100
AcDbLine
 10
59670.31088951221
 20
19500.38026312973
 30
0.0
 11
59990.31088951221
 21
19500.38026312973
 31
0.0
  0
LINE
  5
21A50
330
1F
100
AcDbEntity
  8
A0_Grundriß
100
AcDbLine
 10
59990.31088951221
 20
19500.38026312973
 30
0.0
 11
59990.31088951221
 21
20500.38026312973
 31
0.0
  0
LINE
  5
21A51
330
1F
100
AcDbEntity
  8
A0_Grundriß
100
AcDbLine
 10
59990.31088951221
 20
20500.38026312973
 30
0.0
 11
59670.31088951221
 21
20500.38026312973
 31
0.0
  0
LINE
  5
21A52
330
1F
100
AcDbEntity
  8
A0_Grundriß
100
AcDbLine
 10
59670.31088951221
 20
20500.38026312973
 30
0.0
 11
59670.31088951221
 21
19500.38026312973
 31
0.0
  0
LINE
  5
21A53
330
1F
100
AcDbEntity
  8
A0_Grundriß
100
AcDbLine
 10
48175.31088951221
 20
20000.380263129715
 30
0.0
 11
59670.31088951221
 21
20000.380263129715
 31
0.0
  0
LINE
  5
21A54
330
1F
100
AcDbEntity
  8
A0_Grundriß
100
AcDbLine
 10
83875.3108895122
 20
-389.6197368702851
 30
0.0
 11
84125.3108895122
 21
-389.6197368702851
 31
0.0
  0
LINE
  5
21A55
330
1F
100
AcDbEntity
  8
A0_Grundriß
100
AcDbLine
 10
84125.3108895122
 20
-389.6197368702851
 30
0.0
 11
84125.3108895122
 21
610.3802631297294
 31
0.0
  0
LINE
  5
21A56
330
1F
100
AcDbEntity
  8
A0_Grundriß
100
AcDbLine
 10
84125.3108895122
 20
610.3802631297294
 30
0.0
 11
83875.3108895122
 21
610.3802631297294
 31
0.0
  0
LINE
  5
21A57
330
1F
100
AcDbEntity
  8
A0_Grundriß
100
AcDbLine
 10
83875.3108895122
 20
610.3802631297294
 30
0.0
 11
83875.3108895122
 21
-389.6197368702851
 31
0.0
  0
LINE
  5
21A58
330
1F
100
AcDbEntity
  8
A0_Grundriß
100
AcDbLine
 10
80875.3108895122
 20
-389.6197368702851
 30
0.0
 11
81125.3108895122
 21
-389.6197368702851
 31
0.0
  0
LINE
  5
21A59
330
1F
100
AcDbEntity
  8
A0_Grundriß
100
AcDbLine
 10
81125.3108895122
 20
-389.6197368702851
 30
0.0
 11
81125.3108895122
 21
610.3802631297294
 31
0.0
  0
LINE
  5
21A5A
330
1F
100
AcDbEntity
  8
A0_Grundriß
100
AcDbLine
 10
81125.3108895122
 20
610.3802631297294
 30
0.0
 11
80875.3108895122
 21
610.3802631297294
 31
0.0
  0
LINE
  5
21A5B
330
1F
100
AcDbEntity
  8
A0_Grundriß
100
AcDbLine
 10
80875.3108895122
 20
610.3802631297294
 30
0.0
 11
80875.3108895122
 21
-389.6197368702851
 31
0.0
  0
LINE
  5
21A5C
330
1F
100
AcDbEntity
  8
A0_Grundriß
100
AcDbLine
 10
77875.3108895122
 20
-389.6197368702851
 30
0.0
 11
78125.3108895122
 21
-389.6197368702851
 31
0.0
  0
LINE
  5
21A5D
330
1F
100
AcDbEntity
  8
A0_Grundriß
100
AcDbLine
 10
78125.3108895122
 20
-389.6197368702851
 30
0.0
 11
78125.3108895122
 21
610.3802631297294
 31
0.0
  0
LINE
  5
21A5E
330
1F
100
AcDbEntity
  8
A0_Grundriß
100
AcDbLine
 10
78125.3108895122
 20
610.3802631297294
 30
0.0
 11
77875.3108895122
 21
610.3802631297294
 31
0.0
  0
LINE
  5
21A5F
330
1F
100
AcDbEntity
  8
A0_Grundriß
100
AcDbLine
 10
77875.3108895122
 20
610.3802631297294
 30
0.0
 11
77875.3108895122
 21
-389.6197368702851
 31
0.0
  0
LINE
  5
21A60
330
1F
100
AcDbEntity
  8
A0_Grundriß
100
AcDbLine
 10
74875.31088951221
 20
-389.6197368702851
 30
0.0
 11
75125.31088951221
 21
-389.6197368702851
 31
0.0
  0
LINE
  5
21A61
330
1F
100
AcDbEntity
  8
A0_Grundriß
100
AcDbLine
 10
75125.31088951221
 20
-389.6197368702851
 30
0.0
 11
75125.31088951221
 21
610.3802631297294
 31
0.0
  0
LINE
  5
21A62
330
1F
100
AcDbEntity
  8
A0_Grundriß
100
AcDbLine
 10
75125.31088951221
 20
610.3802631297294
 30
0.0
 11
74875.31088951221
 21
610.3802631297294
 31
0.0
  0
LINE
  5
21A63
330
1F
100
AcDbEntity
  8
A0_Grundriß
100
AcDbLine
 10
74875.31088951221
 20
610.3802631297294
 30
0.0
 11
74875.31088951221
 21
-389.6197368702851
 31
0.0
  0
LINE
  5
21A64
330
1F
100
AcDbEntity
  8
A0_Grundriß
100
AcDbLine
 10
71875.3108895122
 20
-389.6197368702851
 30
0.0
 11
72125.31088951221
 21
-389.6197368702851
 31
0.0
  0
LINE
  5
21A65
330
1F
100
AcDbEntity
  8
A0_Grundriß
100
AcDbLine
 10
72125.31088951221
 20
-389.6197368702851
 30
0.0
 11
72125.31088951221
 21
610.3802631297294
 31
0.0
  0
LINE
  5
21A66
330
1F
100
AcDbEntity
  8
A0_Grundriß
100
AcDbLine
 10
72125.31088951221
 20
610.3802631297294
 30
0.0
 11
71875.3108895122
 21
610.3802631297294
 31
0.0
  0
LINE
  5
21A67
330
1F
100
AcDbEntity
  8
A0_Grundriß
100
AcDbLine
 10
71875.3108895122
 20
610.3802631297294
 30
0.0
 11
71875.3108895122
 21
-389.6197368702851
 31
0.0
  0
LINE
  5
21A68
330
1F
100
AcDbEntity
  8
A0_Grundriß
100
AcDbLine
 10
68875.31088951221
 20
-389.6197368702851
 30
0.0
 11
69125.31088951221
 21
-389.6197368702851
 31
0.0
  0
LINE
  5
21A69
330
1F
100
AcDbEntity
  8
A0_Grundriß
100
AcDbLine
 10
69125.31088951221
 20
-389.6197368702851
 30
0.0
 11
69125.31088951221
 21
610.3802631297294
 31
0.0
  0
LINE
  5
21A6A
330
1F
100
AcDbEntity
  8
A0_Grundriß
100
AcDbLine
 10
69125.31088951221
 20
610.3802631297294
 30
0.0
 11
68875.31088951221
 21
610.3802631297294
 31
0.0
  0
LINE
  5
21A6B
330
1F
100
AcDbEntity
  8
A0_Grundriß
100
AcDbLine
 10
68875.31088951221
 20
610.3802631297294
 30
0.0
 11
68875.31088951221
 21
-389.6197368702851
 31
0.0
  0
LINE
  5
21A6C
330
1F
100
AcDbEntity
  8
A0_Grundriß
100
AcDbLine
 10
65875.31088951221
 20
-389.6197368702851
 30
0.0
 11
66125.31088951221
 21
-389.6197368702851
 31
0.0
  0
LINE
  5
21A6D
330
1F
100
AcDbEntity
  8
A0_Grundriß
100
AcDbLine
 10
66125.31088951221
 20
-389.6197368702851
 30
0.0
 11
66125.31088951221
 21
610.3802631297294
 31
0.0
  0
LINE
  5
21A6E
330
1F
100
AcDbEntity
  8
A0_Grundriß
100
AcDbLine
 10
66125.31088951221
 20
610.3802631297294
 30
0.0
 11
65875.31088951221
 21
610.3802631297294
 31
0.0
  0
LINE
  5
21A6F
330
1F
100
AcDbEntity
  8
A0_Grundriß
100
AcDbLine
 10
65875.31088951221
 20
610.3802631297294
 30
0.0
 11
65875.31088951221
 21
-389.6197368702851
 31
0.0
  0
LINE
  5
21A70
330
1F
100
AcDbEntity
  8
A0_Grundriß
100
AcDbLine
 10
62955.31088951221
 20
-389.6197368702851
 30
0.0
 11
63205.31088951221
 21
-389.6197368702851
 31
0.0
  0
LINE
  5
21A71
330
1F
100
AcDbEntity
  8
A0_Grundriß
100
AcDbLine
 10
63205.31088951221
 20
-389.6197368702851
 30
0.0
 11
63205.31088951221
 21
610.3802631297294
 31
0.0
  0
LINE
  5
21A72
330
1F
100
AcDbEntity
  8
A0_Grundriß
100
AcDbLine
 10
63205.31088951221
 20
610.3802631297294
 30
0.0
 11
62955.31088951221
 21
610.3802631297294
 31
0.0
  0
LINE
  5
21A73
330
1F
100
AcDbEntity
  8
A0_Grundriß
100
AcDbLine
 10
62955.31088951221
 20
610.3802631297294
 30
0.0
 11
62955.31088951221
 21
-389.6197368702851
 31
0.0
  0
LINE
  5
21A74
330
1F
100
AcDbEntity
  8
A0_Grundriß
100
AcDbLine
 10
60010.31088951221
 20
-389.6197368702851
 30
0.0
 11
60260.31088951221
 21
-389.6197368702851
 31
0.0
  0
LINE
  5
21A75
330
1F
100
AcDbEntity
  8
A0_Grundriß
100
AcDbLine
 10
60260.31088951221
 20
-389.6197368702851
 30
0.0
 11
60260.31088951221
 21
610.3802631297294
 31
0.0
  0
LINE
  5
21A76
330
1F
100
AcDbEntity
  8
A0_Grundriß
100
AcDbLine
 10
60260.31088951221
 20
610.3802631297294
 30
0.0
 11
60010.31088951221
 21
610.3802631297294
 31
0.0
  0
LINE
  5
21A77
330
1F
100
AcDbEntity
  8
A0_Grundriß
100
AcDbLine
 10
60010.31088951221
 20
610.3802631297294
 30
0.0
 11
60010.31088951221
 21
-389.6197368702851
 31
0.0
  0
LINE
  5
21A78
330
1F
100
AcDbEntity
  8
A0_Grundriß
100
AcDbLine
 10
86875.3108895122
 20
-389.6197368702851
 30
0.0
 11
87125.3108895122
 21
-389.6197368702851
 31
0.0
  0
LINE
  5
21A79
330
1F
100
AcDbEntity
  8
A0_Grundriß
100
AcDbLine
 10
87125.3108895122
 20
-389.6197368702851
 30
0.0
 11
87125.3108895122
 21
610.3802631297294
 31
0.0
  0
LINE
  5
21A7A
330
1F
100
AcDbEntity
  8
A0_Grundriß
100
AcDbLine
 10
87125.3108895122
 20
610.3802631297294
 30
0.0
 11
86875.3108895122
 21
610.3802631297294
 31
0.0
  0
LINE
  5
21A7B
330
1F
100
AcDbEntity
  8
A0_Grundriß
100
AcDbLine
 10
86875.3108895122
 20
610.3802631297294
 30
0.0
 11
86875.3108895122
 21
-389.6197368702851
 31
0.0
  0
LINE
  5
21A7C
330
1F
100
AcDbEntity
  8
A0_Grundriß
100
AcDbLine
 10
90010.3108895122
 20
-389.6197368702851
 30
0.0
 11
90260.3108895122
 21
-389.6197368702851
 31
0.0
  0
LINE
  5
21A7D
330
1F
100
AcDbEntity
  8
A0_Grundriß
100
AcDbLine
 10
90260.3108895122
 20
-389.6197368702851
 30
0.0
 11
90260.3108895122
 21
610.3802631297294
 31
0.0
  0
LINE
  5
21A7E
330
1F
100
AcDbEntity
  8
A0_Grundriß
100
AcDbLine
 10
90260.3108895122
 20
610.3802631297294
 30
0.0
 11
90010.3108895122
 21
610.3802631297294
 31
0.0
  0
LINE
  5
21A7F
330
1F
100
AcDbEntity
  8
A0_Grundriß
100
AcDbLine
 10
90010.3108895122
 20
610.3802631297294
 30
0.0
 11
90010.3108895122
 21
-389.6197368702851
 31
0.0
  0
LINE
  5
21A80
330
1F
100
AcDbEntity
  8
A0_Grundriß
100
AcDbLine
 10
89740.3108895122
 20
-389.6197368702851
 30
0.0
 11
89990.3108895122
 21
-389.6197368702851
 31
0.0
  0
LINE
  5
21A81
330
1F
100
AcDbEntity
  8
A0_Grundriß
100
AcDbLine
 10
89990.3108895122
 20
-389.6197368702851
 30
0.0
 11
89990.3108895122
 21
610.3802631297294
 31
0.0
  0
LINE
  5
21A82
330
1F
100
AcDbEntity
  8
A0_Grundriß
100
AcDbLine
 10
89990.3108895122
 20
610.3802631297294
 30
0.0
 11
89740.3108895122
 21
610.3802631297294
 31
0.0
  0
LINE
  5
21A83
330
1F
100
AcDbEntity
  8
A0_Grundriß
100
AcDbLine
 10
89740.3108895122
 20
610.3802631297294
 30
0.0
 11
89740.3108895122
 21
-389.6197368702851
 31
0.0
  0
LINE
  5
21A84
330
1F
100
AcDbEntity
  8
A0_Grundriß
100
AcDbLine
 10
92875.3108895122
 20
-389.6197368702851
 30
0.0
 11
93125.3108895122
 21
-389.6197368702851
 31
0.0
  0
LINE
  5
21A85
330
1F
100
AcDbEntity
  8
A0_Grundriß
100
AcDbLine
 10
93125.3108895122
 20
-389.6197368702851
 30
0.0
 11
93125.3108895122
 21
610.3802631297294
 31
0.0
  0
LINE
  5
21A86
330
1F
100
AcDbEntity
  8
A0_Grundriß
100
AcDbLine
 10
93125.3108895122
 20
610.3802631297294
 30
0.0
 11
92875.3108895122
 21
610.3802631297294
 31
0.0
  0
LINE
  5
21A87
330
1F
100
AcDbEntity
  8
A0_Grundriß
100
AcDbLine
 10
92875.3108895122
 20
610.3802631297294
 30
0.0
 11
92875.3108895122
 21
-389.6197368702851
 31
0.0
  0
LINE
  5
21A88
330
1F
100
AcDbEntity
  8
A0_Grundriß
100
AcDbLine
 10
95875.3108895122
 20
-389.6197368702851
 30
0.0
 11
96125.3108895122
 21
-389.6197368702851
 31
0.0
  0
LINE
  5
21A89
330
1F
100
AcDbEntity
  8
A0_Grundriß
100
AcDbLine
 10
96125.3108895122
 20
-389.6197368702851
 30
0.0
 11
96125.3108895122
 21
610.3802631297294
 31
0.0
  0
LINE
  5
21A8A
330
1F
100
AcDbEntity
  8
A0_Grundriß
100
AcDbLine
 10
96125.3108895122
 20
610.3802631297294
 30
0.0
 11
95875.3108895122
 21
610.3802631297294
 31
0.0
  0
LINE
  5
21A8B
330
1F
100
AcDbEntity
  8
A0_Grundriß
100
AcDbLine
 10
95875.3108895122
 20
610.3802631297294
 30
0.0
 11
95875.3108895122
 21
-389.6197368702851
 31
0.0
  0
LINE
  5
21A8C
330
1F
100
AcDbEntity
  8
A0_Grundriß
100
AcDbLine
 10
98875.3108895122
 20
-389.6197368702851
 30
0.0
 11
99125.3108895122
 21
-389.6197368702851
 31
0.0
  0
LINE
  5
21A8D
330
1F
100
AcDbEntity
  8
A0_Grundriß
100
AcDbLine
 10
99125.3108895122
 20
-389.6197368702851
 30
0.0
 11
99125.3108895122
 21
610.3802631297294
 31
0.0
  0
LINE
  5
21A8E
330
1F
100
AcDbEntity
  8
A0_Grundriß
100
AcDbLine
 10
99125.3108895122
 20
610.3802631297294
 30
0.0
 11
98875.3108895122
 21
610.3802631297294
 31
0.0
  0
LINE
  5
21A8F
330
1F
100
AcDbEntity
  8
A0_Grundriß
100
AcDbLine
 10
98875.3108895122
 20
610.3802631297294
 30
0.0
 11
98875.3108895122
 21
-389.6197368702851
 31
0.0
  0
LINE
  5
21A90
330
1F
100
AcDbEntity
  8
A0_Grundriß
100
AcDbLine
 10
101875.3108895122
 20
-389.6197368702851
 30
0.0
 11
102125.3108895122
 21
-389.6197368702851
 31
0.0
  0
LINE
  5
21A91
330
1F
100
AcDbEntity
  8
A0_Grundriß
100
AcDbLine
 10
102125.3108895122
 20
-389.6197368702851
 30
0.0
 11
102125.3108895122
 21
610.3802631297294
 31
0.0
  0
LINE
  5
21A92
330
1F
100
AcDbEntity
  8
A0_Grundriß
100
AcDbLine
 10
102125.3108895122
 20
610.3802631297294
 30
0.0
 11
101875.3108895122
 21
610.3802631297294
 31
0.0
  0
LINE
  5
21A93
330
1F
100
AcDbEntity
  8
A0_Grundriß
100
AcDbLine
 10
101875.3108895122
 20
610.3802631297294
 30
0.0
 11
101875.3108895122
 21
-389.6197368702851
 31
0.0
  0
LINE
  5
21A94
330
1F
100
AcDbEntity
  8
A0_Grundriß
100
AcDbLine
 10
104875.3108895122
 20
-389.6197368702851
 30
0.0
 11
105125.3108895122
 21
-389.6197368702851
 31
0.0
  0
LINE
  5
21A95
330
1F
100
AcDbEntity
  8
A0_Grundriß
100
AcDbLine
 10
105125.3108895122
 20
-389.6197368702851
 30
0.0
 11
105125.3108895122
 21
610.3802631297294
 31
0.0
  0
LINE
  5
21A96
330
1F
100
AcDbEntity
  8
A0_Grundriß
100
AcDbLine
 10
105125.3108895122
 20
610.3802631297294
 30
0.0
 11
104875.3108895122
 21
610.3802631297294
 31
0.0
  0
LINE
  5
21A97
330
1F
100
AcDbEntity
  8
A0_Grundriß
100
AcDbLine
 10
104875.3108895122
 20
610.3802631297294
 30
0.0
 11
104875.3108895122
 21
-389.6197368702851
 31
0.0
  0
LINE
  5
21A98
330
1F
100
AcDbEntity
  8
A0_Grundriß
100
AcDbLine
 10
107875.31088951221
 20
-389.6197368702851
 30
0.0
 11
108125.31088951221
 21
-389.6197368702851
 31
0.0
  0
LINE
  5
21A99
330
1F
100
AcDbEntity
  8
A0_Grundriß
100
AcDbLine
 10
108125.31088951221
 20
-389.6197368702851
 30
0.0
 11
108125.31088951221
 21
610.3802631297294
 31
0.0
  0
LINE
  5
21A9A
330
1F
100
AcDbEntity
  8
A0_Grundriß
100
AcDbLine
 10
108125.31088951221
 20
610.3802631297294
 30
0.0
 11
107875.31088951221
 21
610.3802631297294
 31
0.0
  0
LINE
  5
21A9B
330
1F
100
AcDbEntity
  8
A0_Grundriß
100
AcDbLine
 10
107875.31088951221
 20
610.3802631297294
 30
0.0
 11
107875.31088951221
 21
-389.6197368702851
 31
0.0
  0
LINE
  5
21A9C
330
1F
100
AcDbEntity
  8
A0_Grundriß
100
AcDbLine
 10
110875.31088951221
 20
-389.6197368702851
 30
0.0
 11
111125.31088951221
 21
-389.6197368702851
 31
0.0
  0
LINE
  5
21A9D
330
1F
100
AcDbEntity
  8
A0_Grundriß
100
AcDbLine
 10
111125.31088951221
 20
-389.6197368702851
 30
0.0
 11
111125.31088951221
 21
610.3802631297294
 31
0.0
  0
LINE
  5
21A9E
330
1F
100
AcDbEntity
  8
A0_Grundriß
100
AcDbLine
 10
111125.31088951221
 20
610.3802631297294
 30
0.0
 11
110875.31088951221
 21
610.3802631297294
 31
0.0
  0
LINE
  5
21A9F
330
1F
100
AcDbEntity
  8
A0_Grundriß
100
AcDbLine
 10
110875.31088951221
 20
610.3802631297294
 30
0.0
 11
110875.31088951221
 21
-389.6197368702851
 31
0.0
  0
LINE
  5
21AA0
330
1F
100
AcDbEntity
  8
A0_Grundriß
100
AcDbLine
 10
113850.31088951221
 20
-389.6197368702851
 30
0.0
 11
114100.31088951221
 21
-389.6197368702851
 31
0.0
  0
LINE
  5
21AA1
330
1F
100
AcDbEntity
  8
A0_Grundriß
100
AcDbLine
 10
114100.31088951221
 20
-389.6197368702851
 30
0.0
 11
114100.31088951221
 21
610.3802631297294
 31
0.0
  0
LINE
  5
21AA2
330
1F
100
AcDbEntity
  8
A0_Grundriß
100
AcDbLine
 10
114100.31088951221
 20
610.3802631297294
 30
0.0
 11
113850.31088951221
 21
610.3802631297294
 31
0.0
  0
LINE
  5
21AA3
330
1F
100
AcDbEntity
  8
A0_Grundriß
100
AcDbLine
 10
113850.31088951221
 20
610.3802631297294
 30
0.0
 11
113850.31088951221
 21
-389.6197368702851
 31
0.0
  0
LINE
  5
21AA4
330
1F
100
AcDbEntity
  8
A0_Grundriß
100
AcDbLine
 10
-2999.6891104878014
 20
-489.6197368702706
 30
0.0
 11
-2749.6891104878014
 21
-489.6197368702706
 31
0.0
  0
LINE
  5
21AA5
330
1F
100
AcDbEntity
  8
A0_Grundriß
100
AcDbLine
 10
-2749.6891104878014
 20
-489.6197368702706
 30
0.0
 11
-2749.6891104878014
 21
510.3802631297149
 31
0.0
  0
LINE
  5
21AA6
330
1F
100
AcDbEntity
  8
A0_Grundriß
100
AcDbLine
 10
-2999.6891104878014
 20
510.3802631297149
 30
0.0
 11
-2999.6891104878014
 21
-489.6197368702706
 31
0.0
  0
LINE
  5
21AA7
330
1F
100
AcDbEntity
  8
A0_Grundriß
100
AcDbLine
 10
-174.68911048780137
 20
-489.6197368702706
 30
0.0
 11
175.31088951219863
 21
-489.6197368702706
 31
0.0
  0
LINE
  5
21AA8
330
1F
100
AcDbEntity
  8
A0_Grundriß
100
AcDbLine
 10
175.31088951219863
 20
-489.6197368702706
 30
0.0
 11
175.31088951219863
 21
510.3802631297149
 31
0.0
  0
LINE
  5
21AA9
330
1F
100
AcDbEntity
  8
A0_Grundriß
100
AcDbLine
 10
175.31088951219863
 20
510.3802631297149
 30
0.0
 11
-174.68911048780137
 21
510.3802631297149
 31
0.0
  0
LINE
  5
21AAA
330
1F
100
AcDbEntity
  8
A0_Grundriß
100
AcDbLine
 10
-174.68911048780137
 20
510.3802631297149
 30
0.0
 11
-174.68911048780137
 21
-489.6197368702706
 31
0.0
  0
LINE
  5
21AAB
330
1F
100
AcDbEntity
  8
A0_Grundriß
100
AcDbLine
 10
2825.3108895121986
 20
-489.6197368702706
 30
0.0
 11
3175.3108895121986
 21
-489.6197368702706
 31
0.0
  0
LINE
  5
21AAC
330
1F
100
AcDbEntity
  8
A0_Grundriß
100
AcDbLine
 10
3175.3108895121986
 20
-489.6197368702706
 30
0.0
 11
3175.3108895121986
 21
510.3802631297149
 31
0.0
  0
LINE
  5
21AAD
330
1F
100
AcDbEntity
  8
A0_Grundriß
100
AcDbLine
 10
3175.3108895121986
 20
510.3802631297149
 30
0.0
 11
2825.3108895121986
 21
510.3802631297149
 31
0.0
  0
LINE
  5
21AAE
330
1F
100
AcDbEntity
  8
A0_Grundriß
100
AcDbLine
 10
2825.3108895121986
 20
510.3802631297149
 30
0.0
 11
2825.3108895121986
 21
-489.6197368702706
 31
0.0
  0
LINE
  5
21AAF
330
1F
100
AcDbEntity
  8
A0_Grundriß
100
AcDbLine
 10
5825.3108895122095
 20
-489.6197368702706
 30
0.0
 11
6175.310889512199
 21
-489.6197368702706
 31
0.0
  0
LINE
  5
21AB0
330
1F
100
AcDbEntity
  8
A0_Grundriß
100
AcDbLine
 10
6175.310889512199
 20
-489.6197368702706
 30
0.0
 11
6175.310889512199
 21
510.3802631297149
 31
0.0
  0
LINE
  5
21AB1
330
1F
100
AcDbEntity
  8
A0_Grundriß
100
AcDbLine
 10
6175.310889512199
 20
510.3802631297149
 30
0.0
 11
5825.3108895122095
 21
510.3802631297149
 31
0.0
  0
LINE
  5
21AB2
330
1F
100
AcDbEntity
  8
A0_Grundriß
100
AcDbLine
 10
5825.3108895122095
 20
510.3802631297149
 30
0.0
 11
5825.3108895122095
 21
-489.6197368702706
 31
0.0
  0
LINE
  5
21AB3
330
1F
100
AcDbEntity
  8
A0_Grundriß
100
AcDbLine
 10
8825.310889512213
 20
-489.6197368702706
 30
0.0
 11
9175.310889512213
 21
-489.6197368702706
 31
0.0
  0
LINE
  5
21AB4
330
1F
100
AcDbEntity
  8
A0_Grundriß
100
AcDbLine
 10
9175.310889512213
 20
-489.6197368702706
 30
0.0
 11
9175.310889512213
 21
510.3802631297149
 31
0.0
  0
LINE
  5
21AB5
330
1F
100
AcDbEntity
  8
A0_Grundriß
100
AcDbLine
 10
9175.310889512213
 20
510.3802631297149
 30
0.0
 11
8825.310889512213
 21
510.3802631297149
 31
0.0
  0
LINE
  5
21AB6
330
1F
100
AcDbEntity
  8
A0_Grundriß
100
AcDbLine
 10
8825.310889512213
 20
510.3802631297149
 30
0.0
 11
8825.310889512213
 21
-489.6197368702706
 31
0.0
  0
LINE
  5
21AB7
330
1F
100
AcDbEntity
  8
A0_Grundriß
100
AcDbLine
 10
11825.310889512213
 20
-489.6197368702706
 30
0.0
 11
12175.31088951222
 21
-489.6197368702706
 31
0.0
  0
LINE
  5
21AB8
330
1F
100
AcDbEntity
  8
A0_Grundriß
100
AcDbLine
 10
12175.31088951222
 20
-489.6197368702706
 30
0.0
 11
12175.31088951222
 21
510.3802631297149
 31
0.0
  0
LINE
  5
21AB9
330
1F
100
AcDbEntity
  8
A0_Grundriß
100
AcDbLine
 10
12175.31088951222
 20
510.3802631297149
 30
0.0
 11
11825.310889512213
 21
510.3802631297149
 31
0.0
  0
LINE
  5
21ABA
330
1F
100
AcDbEntity
  8
A0_Grundriß
100
AcDbLine
 10
11825.310889512213
 20
510.3802631297149
 30
0.0
 11
11825.310889512213
 21
-489.6197368702706
 31
0.0
  0
LINE
  5
21ABB
330
1F
100
AcDbEntity
  8
A0_Grundriß
100
AcDbLine
 10
14825.310889512213
 20
-489.6197368702706
 30
0.0
 11
15175.310889512213
 21
-489.6197368702706
 31
0.0
  0
LINE
  5
21ABC
330
1F
100
AcDbEntity
  8
A0_Grundriß
100
AcDbLine
 10
15175.310889512213
 20
-489.6197368702706
 30
0.0
 11
15175.310889512213
 21
510.3802631297149
 31
0.0
  0
LINE
  5
21ABD
330
1F
100
AcDbEntity
  8
A0_Grundriß
100
AcDbLine
 10
15175.310889512213
 20
510.3802631297149
 30
0.0
 11
14825.310889512213
 21
510.3802631297149
 31
0.0
  0
LINE
  5
21ABE
330
1F
100
AcDbEntity
  8
A0_Grundriß
100
AcDbLine
 10
14825.310889512213
 20
510.3802631297149
 30
0.0
 11
14825.310889512213
 21
-489.6197368702706
 31
0.0
  0
LINE
  5
21ABF
330
1F
100
AcDbEntity
  8
A0_Grundriß
100
AcDbLine
 10
17825.310889512213
 20
-489.6197368702706
 30
0.0
 11
18175.310889512213
 21
-489.6197368702706
 31
0.0
  0
LINE
  5
21AC0
330
1F
100
AcDbEntity
  8
A0_Grundriß
100
AcDbLine
 10
18175.310889512213
 20
-489.6197368702706
 30
0.0
 11
18175.310889512213
 21
510.3802631297149
 31
0.0
  0
LINE
  5
21AC1
330
1F
100
AcDbEntity
  8
A0_Grundriß
100
AcDbLine
 10
18175.310889512213
 20
510.3802631297149
 30
0.0
 11
17825.310889512213
 21
510.3802631297149
 31
0.0
  0
LINE
  5
21AC2
330
1F
100
AcDbEntity
  8
A0_Grundriß
100
AcDbLine
 10
17825.310889512213
 20
510.3802631297149
 30
0.0
 11
17825.310889512213
 21
-489.6197368702706
 31
0.0
  0
LINE
  5
21AC3
330
1F
100
AcDbEntity
  8
A0_Grundriß
100
AcDbLine
 10
20825.310889512213
 20
-489.6197368702706
 30
0.0
 11
21175.310889512213
 21
-489.6197368702706
 31
0.0
  0
LINE
  5
21AC4
330
1F
100
AcDbEntity
  8
A0_Grundriß
100
AcDbLine
 10
21175.310889512213
 20
-489.6197368702706
 30
0.0
 11
21175.310889512213
 21
510.3802631297149
 31
0.0
  0
LINE
  5
21AC5
330
1F
100
AcDbEntity
  8
A0_Grundriß
100
AcDbLine
 10
21175.310889512213
 20
510.3802631297149
 30
0.0
 11
20825.310889512213
 21
510.3802631297149
 31
0.0
  0
LINE
  5
21AC6
330
1F
100
AcDbEntity
  8
A0_Grundriß
100
AcDbLine
 10
20825.310889512213
 20
510.3802631297149
 30
0.0
 11
20825.310889512213
 21
-489.6197368702706
 31
0.0
  0
LINE
  5
21AC7
330
1F
100
AcDbEntity
  8
A0_Grundriß
100
AcDbLine
 10
23825.310889512213
 20
-489.6197368702706
 30
0.0
 11
24175.310889512213
 21
-489.6197368702706
 31
0.0
  0
LINE
  5
21AC8
330
1F
100
AcDbEntity
  8
A0_Grundriß
100
AcDbLine
 10
24175.310889512213
 20
-489.6197368702706
 30
0.0
 11
24175.310889512213
 21
510.3802631297149
 31
0.0
  0
LINE
  5
21AC9
330
1F
100
AcDbEntity
  8
A0_Grundriß
100
AcDbLine
 10
24175.310889512213
 20
510.3802631297149
 30
0.0
 11
23825.310889512213
 21
510.3802631297149
 31
0.0
  0
LINE
  5
21ACA
330
1F
100
AcDbEntity
  8
A0_Grundriß
100
AcDbLine
 10
23825.310889512213
 20
510.3802631297149
 30
0.0
 11
23825.310889512213
 21
-489.6197368702706
 31
0.0
  0
LINE
  5
21ACB
330
1F
100
AcDbEntity
  8
A0_Grundriß
100
AcDbLine
 10
26780.310889512213
 20
-489.6197368702706
 30
0.0
 11
27130.310889512213
 21
-489.6197368702706
 31
0.0
  0
LINE
  5
21ACC
330
1F
100
AcDbEntity
  8
A0_Grundriß
100
AcDbLine
 10
27130.310889512213
 20
-489.6197368702706
 30
0.0
 11
27130.310889512213
 21
510.3802631297149
 31
0.0
  0
LINE
  5
21ACD
330
1F
100
AcDbEntity
  8
A0_Grundriß
100
AcDbLine
 10
27130.310889512213
 20
510.3802631297149
 30
0.0
 11
26780.310889512213
 21
510.3802631297149
 31
0.0
  0
LINE
  5
21ACE
330
1F
100
AcDbEntity
  8
A0_Grundriß
100
AcDbLine
 10
26780.310889512213
 20
510.3802631297149
 30
0.0
 11
26780.310889512213
 21
-489.6197368702706
 31
0.0
  0
LINE
  5
21ACF
330
1F
100
AcDbEntity
  8
A0_Grundriß
100
AcDbLine
 10
29740.310889512213
 20
-489.6197368702706
 30
0.0
 11
29990.310889512213
 21
-489.6197368702706
 31
0.0
  0
LINE
  5
21AD0
330
1F
100
AcDbEntity
  8
A0_Grundriß
100
AcDbLine
 10
29990.310889512213
 20
-489.6197368702706
 30
0.0
 11
29990.310889512213
 21
510.3802631297149
 31
0.0
  0
LINE
  5
21AD1
330
1F
100
AcDbEntity
  8
A0_Grundriß
100
AcDbLine
 10
29990.310889512213
 20
510.3802631297149
 30
0.0
 11
29740.310889512213
 21
510.3802631297149
 31
0.0
  0
LINE
  5
21AD2
330
1F
100
AcDbEntity
  8
A0_Grundriß
100
AcDbLine
 10
29740.310889512213
 20
510.3802631297149
 30
0.0
 11
29740.310889512213
 21
-489.6197368702706
 31
0.0
  0
LINE
  5
21AD3
330
1F
100
AcDbEntity
  8
A0_Grundriß
100
AcDbLine
 10
30010.310889512213
 20
-489.6197368702706
 30
0.0
 11
30260.310889512213
 21
-489.6197368702706
 31
0.0
  0
LINE
  5
21AD4
330
1F
100
AcDbEntity
  8
A0_Grundriß
100
AcDbLine
 10
30260.310889512213
 20
-489.6197368702706
 30
0.0
 11
30260.310889512213
 21
510.3802631297149
 31
0.0
  0
LINE
  5
21AD5
330
1F
100
AcDbEntity
  8
A0_Grundriß
100
AcDbLine
 10
30260.310889512213
 20
510.3802631297149
 30
0.0
 11
30010.310889512213
 21
510.3802631297149
 31
0.0
  0
LINE
  5
21AD6
330
1F
100
AcDbEntity
  8
A0_Grundriß
100
AcDbLine
 10
30010.310889512213
 20
510.3802631297149
 30
0.0
 11
30010.310889512213
 21
-489.6197368702706
 31
0.0
  0
LINE
  5
21AD7
330
1F
100
AcDbEntity
  8
A0_Grundriß
100
AcDbLine
 10
32870.31088951221
 20
-489.6197368702706
 30
0.0
 11
33220.31088951221
 21
-489.6197368702706
 31
0.0
  0
LINE
  5
21AD8
330
1F
100
AcDbEntity
  8
A0_Grundriß
100
AcDbLine
 10
33220.31088951221
 20
-489.6197368702706
 30
0.0
 11
33220.31088951221
 21
510.3802631297149
 31
0.0
  0
LINE
  5
21AD9
330
1F
100
AcDbEntity
  8
A0_Grundriß
100
AcDbLine
 10
33220.31088951221
 20
510.3802631297149
 30
0.0
 11
32870.31088951221
 21
510.3802631297149
 31
0.0
  0
LINE
  5
21ADA
330
1F
100
AcDbEntity
  8
A0_Grundriß
100
AcDbLine
 10
32870.31088951221
 20
510.3802631297149
 30
0.0
 11
32870.31088951221
 21
-489.6197368702706
 31
0.0
  0
LINE
  5
21ADB
330
1F
100
AcDbEntity
  8
A0_Grundriß
100
AcDbLine
 10
35825.31088951221
 20
-489.6197368702706
 30
0.0
 11
36175.31088951221
 21
-489.6197368702706
 31
0.0
  0
LINE
  5
21ADC
330
1F
100
AcDbEntity
  8
A0_Grundriß
100
AcDbLine
 10
36175.31088951221
 20
-489.6197368702706
 30
0.0
 11
36175.31088951221
 21
510.3802631297149
 31
0.0
  0
LINE
  5
21ADD
330
1F
100
AcDbEntity
  8
A0_Grundriß
100
AcDbLine
 10
36175.31088951221
 20
510.3802631297149
 30
0.0
 11
35825.31088951221
 21
510.3802631297149
 31
0.0
  0
LINE
  5
21ADE
330
1F
100
AcDbEntity
  8
A0_Grundriß
100
AcDbLine
 10
35825.31088951221
 20
510.3802631297149
 30
0.0
 11
35825.31088951221
 21
-489.6197368702706
 31
0.0
  0
LINE
  5
21ADF
330
1F
100
AcDbEntity
  8
A0_Grundriß
100
AcDbLine
 10
38825.31088951221
 20
-489.6197368702706
 30
0.0
 11
39175.31088951221
 21
-489.6197368702706
 31
0.0
  0
LINE
  5
21AE0
330
1F
100
AcDbEntity
  8
A0_Grundriß
100
AcDbLine
 10
39175.31088951221
 20
-489.6197368702706
 30
0.0
 11
39175.31088951221
 21
510.3802631297149
 31
0.0
  0
LINE
  5
21AE1
330
1F
100
AcDbEntity
  8
A0_Grundriß
100
AcDbLine
 10
39175.31088951221
 20
510.3802631297149
 30
0.0
 11
38825.31088951221
 21
510.3802631297149
 31
0.0
  0
LINE
  5
21AE2
330
1F
100
AcDbEntity
  8
A0_Grundriß
100
AcDbLine
 10
38825.31088951221
 20
510.3802631297149
 30
0.0
 11
38825.31088951221
 21
-489.6197368702706
 31
0.0
  0
LINE
  5
21AE3
330
1F
100
AcDbEntity
  8
A0_Grundriß
100
AcDbLine
 10
41825.31088951221
 20
-489.6197368702706
 30
0.0
 11
42175.31088951221
 21
-489.6197368702706
 31
0.0
  0
LINE
  5
21AE4
330
1F
100
AcDbEntity
  8
A0_Grundriß
100
AcDbLine
 10
42175.31088951221
 20
-489.6197368702706
 30
0.0
 11
42175.31088951221
 21
510.3802631297149
 31
0.0
  0
LINE
  5
21AE5
330
1F
100
AcDbEntity
  8
A0_Grundriß
100
AcDbLine
 10
42175.31088951221
 20
510.3802631297149
 30
0.0
 11
41825.31088951221
 21
510.3802631297149
 31
0.0
  0
LINE
  5
21AE6
330
1F
100
AcDbEntity
  8
A0_Grundriß
100
AcDbLine
 10
41825.31088951221
 20
510.3802631297149
 30
0.0
 11
41825.31088951221
 21
-489.6197368702706
 31
0.0
  0
LINE
  5
21AE7
330
1F
100
AcDbEntity
  8
A0_Grundriß
100
AcDbLine
 10
44825.31088951221
 20
-489.6197368702706
 30
0.0
 11
45175.31088951221
 21
-489.6197368702706
 31
0.0
  0
LINE
  5
21AE8
330
1F
100
AcDbEntity
  8
A0_Grundriß
100
AcDbLine
 10
45175.31088951221
 20
-489.6197368702706
 30
0.0
 11
45175.31088951221
 21
510.3802631297149
 31
0.0
  0
LINE
  5
21AE9
330
1F
100
AcDbEntity
  8
A0_Grundriß
100
AcDbLine
 10
45175.31088951221
 20
510.3802631297149
 30
0.0
 11
44825.31088951221
 21
510.3802631297149
 31
0.0
  0
LINE
  5
21AEA
330
1F
100
AcDbEntity
  8
A0_Grundriß
100
AcDbLine
 10
44825.31088951221
 20
510.3802631297149
 30
0.0
 11
44825.31088951221
 21
-489.6197368702706
 31
0.0
  0
LINE
  5
21AEB
330
1F
100
AcDbEntity
  8
A0_Grundriß
100
AcDbLine
 10
47825.31088951221
 20
-489.6197368702706
 30
0.0
 11
48175.31088951221
 21
-489.6197368702706
 31
0.0
  0
LINE
  5
21AEC
330
1F
100
AcDbEntity
  8
A0_Grundriß
100
AcDbLine
 10
48175.31088951221
 20
-489.6197368702706
 30
0.0
 11
48175.31088951221
 21
510.3802631297149
 31
0.0
  0
LINE
  5
21AED
330
1F
100
AcDbEntity
  8
A0_Grundriß
100
AcDbLine
 10
48175.31088951221
 20
510.3802631297149
 30
0.0
 11
47825.31088951221
 21
510.3802631297149
 31
0.0
  0
LINE
  5
21AEE
330
1F
100
AcDbEntity
  8
A0_Grundriß
100
AcDbLine
 10
47825.31088951221
 20
510.3802631297149
 30
0.0
 11
47825.31088951221
 21
-489.6197368702706
 31
0.0
  0
LINE
  5
21AEF
330
1F
100
AcDbEntity
  8
A0_Grundriß
100
AcDbLine
 10
50825.31088951221
 20
-489.6197368702706
 30
0.0
 11
51175.31088951221
 21
-489.6197368702706
 31
0.0
  0
LINE
  5
21AF0
330
1F
100
AcDbEntity
  8
A0_Grundriß
100
AcDbLine
 10
51175.31088951221
 20
-489.6197368702706
 30
0.0
 11
51175.31088951221
 21
510.3802631297149
 31
0.0
  0
LINE
  5
21AF1
330
1F
100
AcDbEntity
  8
A0_Grundriß
100
AcDbLine
 10
51175.31088951221
 20
510.3802631297149
 30
0.0
 11
50825.31088951221
 21
510.3802631297149
 31
0.0
  0
LINE
  5
21AF2
330
1F
100
AcDbEntity
  8
A0_Grundriß
100
AcDbLine
 10
50825.31088951221
 20
510.3802631297149
 30
0.0
 11
50825.31088951221
 21
-489.6197368702706
 31
0.0
  0
LINE
  5
21AF3
330
1F
100
AcDbEntity
  8
A0_Grundriß
100
AcDbLine
 10
53825.31088951221
 20
-489.6197368702706
 30
0.0
 11
54175.31088951221
 21
-489.6197368702706
 31
0.0
  0
LINE
  5
21AF4
330
1F
100
AcDbEntity
  8
A0_Grundriß
100
AcDbLine
 10
54175.31088951221
 20
-489.6197368702706
 30
0.0
 11
54175.31088951221
 21
510.3802631297149
 31
0.0
  0
LINE
  5
21AF5
330
1F
100
AcDbEntity
  8
A0_Grundriß
100
AcDbLine
 10
54175.31088951221
 20
510.3802631297149
 30
0.0
 11
53825.31088951221
 21
510.3802631297149
 31
0.0
  0
LINE
  5
21AF6
330
1F
100
AcDbEntity
  8
A0_Grundriß
100
AcDbLine
 10
53825.31088951221
 20
510.3802631297149
 30
0.0
 11
53825.31088951221
 21
-489.6197368702706
 31
0.0
  0
LINE
  5
21AF7
330
1F
100
AcDbEntity
  8
A0_Grundriß
100
AcDbLine
 10
56745.31088951221
 20
-489.6197368702706
 30
0.0
 11
57095.31088951221
 21
-489.6197368702706
 31
0.0
  0
LINE
  5
21AF8
330
1F
100
AcDbEntity
  8
A0_Grundriß
100
AcDbLine
 10
57095.31088951221
 20
-489.6197368702706
 30
0.0
 11
57095.31088951221
 21
510.3802631297149
 31
0.0
  0
LINE
  5
21AF9
330
1F
100
AcDbEntity
  8
A0_Grundriß
100
AcDbLine
 10
57095.31088951221
 20
510.3802631297149
 30
0.0
 11
56745.31088951221
 21
510.3802631297149
 31
0.0
  0
LINE
  5
21AFA
330
1F
100
AcDbEntity
  8
A0_Grundriß
100
AcDbLine
 10
56745.31088951221
 20
510.3802631297149
 30
0.0
 11
56745.31088951221
 21
-489.6197368702706
 31
0.0
  0
LINE
  5
21AFB
330
1F
100
AcDbEntity
  8
A0_Grundriß
100
AcDbLine
 10
114100.31088951221
 20
500.3802631297294
 30
0.0
 11
121000.31088951221
 21
500.3802631297294
 31
0.0
  0
LINE
  5
21AFC
330
1F
100
AcDbEntity
  8
A0_Grundriß
100
AcDbLine
 10
114100.31088951221
 20
300.3802631297149
 30
0.0
 11
121200.31088951221
 21
300.3802631297149
 31
0.0
  0
LINE
  5
21AFD
330
1F
100
AcDbEntity
  8
A0_Grundriß
100
AcDbLine
 10
121200.31088951221
 20
300.3802631297149
 30
0.0
 11
121200.31088951221
 21
3300.3802631297294
 31
0.0
  0
LINE
  5
21AFE
330
1F
100
AcDbEntity
  8
A0_Grundriß
100
AcDbLine
 10
121000.31088951221
 20
500.3802631297294
 30
0.0
 11
121000.31088951221
 21
3300.3802631297294
 31
0.0
  0
LINE
  5
21AFF
330
1F
100
AcDbEntity
  8
A0_Grundriß
100
AcDbLine
 10
-2999.6891104878014
 20
19500.38026312973
 30
0.0
 11
-2999.6891104878014
 21
7350.380263129729
 31
0.0
  0
LINE
  5
21B00
330
1F
100
AcDbEntity
  8
A0_Grundriß
100
AcDbLine
 10
-2799.6891104878014
 20
19500.38026312973
 30
0.0
 11
-2799.6891104878014
 21
7350.380263129729
 31
0.0
  0
LINE
  5
21B01
330
1F
100
AcDbEntity
  8
A0_Grundriß
100
AcDbLine
 10
-2999.6891104878014
 20
2900.3802631297294
 30
0.0
 11
-2999.6891104878014
 21
510.3802631297149
 31
0.0
  0
LINE
  5
21B02
330
1F
100
AcDbEntity
  8
A0_Grundriß
100
AcDbLine
 10
-2799.6891104878014
 20
2900.3802631297294
 30
0.0
 11
-2799.6891104878014
 21
510.3802631297149
 31
0.0
  0
LINE
  5
21B03
330
1F
100
AcDbEntity
  8
A0_Grundriß
100
AcDbLine
 10
12125.310889512213
 20
19800.38026312973
 30
0.0
 11
14800.310889512213
 21
19800.38026312973
 31
0.0
  0
LINE
  5
21B04
330
1F
100
AcDbEntity
  8
A0_Grundriß
100
AcDbLine
 10
15175.310889512213
 20
19800.38026312973
 30
0.0
 11
17825.310889512213
 21
19800.38026312973
 31
0.0
  0
LINE
  5
21B05
330
1F
100
AcDbEntity
  8
A0_Grundriß
100
AcDbLine
 10
18175.310889512213
 20
19800.38026312973
 30
0.0
 11
20825.310889512213
 21
19800.38026312973
 31
0.0
  0
LINE
  5
21B06
330
1F
100
AcDbEntity
  8
A0_Grundriß
100
AcDbLine
 10
21175.310889512213
 20
19800.38026312973
 30
0.0
 11
23825.310889512213
 21
19800.38026312973
 31
0.0
  0
LINE
  5
21B07
330
1F
100
AcDbEntity
  8
A0_Grundriß
100
AcDbLine
 10
24175.310889512213
 20
19800.38026312973
 30
0.0
 11
26780.310889512213
 21
19800.38026312973
 31
0.0
  0
LINE
  5
21B08
330
1F
100
AcDbEntity
  8
A0_Grundriß
100
AcDbLine
 10
27130.310889512213
 20
19800.38026312973
 30
0.0
 11
29740.310889512213
 21
19800.38026312973
 31
0.0
  0
LINE
  5
21B09
330
1F
100
AcDbEntity
  8
A0_Grundriß
100
AcDbLine
 10
30260.310889512213
 20
19800.38026312973
 30
0.0
 11
32870.31088951221
 21
19800.38026312973
 31
0.0
  0
LINE
  5
21B0A
330
1F
100
AcDbEntity
  8
A0_Grundriß
100
AcDbLine
 10
33220.31088951221
 20
19800.38026312973
 30
0.0
 11
35825.31088951221
 21
19800.38026312973
 31
0.0
  0
LINE
  5
21B0B
330
1F
100
AcDbEntity
  8
A0_Grundriß
100
AcDbLine
 10
36175.31088951221
 20
19800.38026312973
 30
0.0
 11
38825.31088951221
 21
19800.38026312973
 31
0.0
  0
LINE
  5
21B0C
330
1F
100
AcDbEntity
  8
A0_Grundriß
100
AcDbLine
 10
39175.31088951221
 20
19800.38026312973
 30
0.0
 11
41825.31088951221
 21
19800.38026312973
 31
0.0
  0
LINE
  5
21B0D
330
1F
100
AcDbEntity
  8
A0_Grundriß
100
AcDbLine
 10
42175.31088951221
 20
19800.38026312973
 30
0.0
 11
44825.31088951221
 21
19800.38026312973
 31
0.0
  0
LINE
  5
21B0E
330
1F
100
AcDbEntity
  8
A0_Grundriß
100
AcDbLine
 10
45175.31088951221
 20
19800.38026312973
 30
0.0
 11
47825.31088951221
 21
19800.38026312973
 31
0.0
  0
LINE
  5
21B0F
330
1F
100
AcDbEntity
  8
A0_Grundriß
100
AcDbLine
 10
60000.3108895122
 20
19500.38026312973
 30
0.0
 11
60000.3108895122
 21
510.3802631297149
 31
0.0
  0
LINE
  5
21B10
330
1F
100
AcDbEntity
  8
A0_Grundriß
100
AcDbLine
 10
59670.31088951221
 20
510.3802631297149
 30
0.0
 11
-2749.6891104878014
 21
510.3802631297149
 31
0.0
  0
LINE
  5
21B11
330
1F
100
AcDbEntity
  8
A0_Grundriß
100
AcDbLine
 10
59670.31088951221
 20
220.38026312971488
 30
0.0
 11
57095.31088951221
 21
220.38026312971488
 31
0.0
  0
LINE
  5
21B12
330
1F
100
AcDbEntity
  8
A0_Grundriß
100
AcDbLine
 10
56745.31088951221
 20
220.38026312971488
 30
0.0
 11
54175.31088951221
 21
220.38026312971488
 31
0.0
  0
LINE
  5
21B13
330
1F
100
AcDbEntity
  8
A0_Grundriß
100
AcDbLine
 10
53825.31088951221
 20
220.38026312971488
 30
0.0
 11
51175.31088951221
 21
220.38026312971488
 31
0.0
  0
LINE
  5
21B14
330
1F
100
AcDbEntity
  8
A0_Grundriß
100
AcDbLine
 10
50825.31088951221
 20
220.38026312971488
 30
0.0
 11
48175.31088951221
 21
220.38026312971488
 31
0.0
  0
LINE
  5
21B15
330
1F
100
AcDbEntity
  8
A0_Grundriß
100
AcDbLine
 10
47825.31088951221
 20
220.38026312971488
 30
0.0
 11
45175.31088951221
 21
220.38026312971488
 31
0.0
  0
LINE
  5
21B16
330
1F
100
AcDbEntity
  8
A0_Grundriß
100
AcDbLine
 10
44825.31088951221
 20
220.38026312971488
 30
0.0
 11
42175.31088951221
 21
220.38026312971488
 31
0.0
  0
LINE
  5
21B17
330
1F
100
AcDbEntity
  8
A0_Grundriß
100
AcDbLine
 10
35825.31088951221
 20
220.38026312971488
 30
0.0
 11
33220.31088951221
 21
220.38026312971488
 31
0.0
  0
LINE
  5
21B18
330
1F
100
AcDbEntity
  8
A0_Grundriß
100
AcDbLine
 10
38825.31088951221
 20
220.38026312971488
 30
0.0
 11
36175.31088951221
 21
220.38026312971488
 31
0.0
  0
LINE
  5
21B19
330
1F
100
AcDbEntity
  8
A0_Grundriß
100
AcDbLine
 10
41825.31088951221
 20
220.38026312971488
 30
0.0
 11
39175.31088951221
 21
220.38026312971488
 31
0.0
  0
LINE
  5
21B1A
330
1F
100
AcDbEntity
  8
A0_Grundriß
100
AcDbLine
 10
32870.31088951221
 20
220.38026312971488
 30
0.0
 11
30260.310889512213
 21
220.38026312971488
 31
0.0
  0
LINE
  5
21B1B
330
1F
100
AcDbEntity
  8
A0_Grundriß
100
AcDbLine
 10
29740.310889512213
 20
220.38026312971488
 30
0.0
 11
27130.310889512213
 21
220.38026312971488
 31
0.0
  0
LINE
  5
21B1C
330
1F
100
AcDbEntity
  8
A0_Grundriß
100
AcDbLine
 10
26780.310889512213
 20
220.38026312971488
 30
0.0
 11
24175.310889512213
 21
220.38026312971488
 31
0.0
  0
LINE
  5
21B1D
330
1F
100
AcDbEntity
  8
A0_Grundriß
100
AcDbLine
 10
23825.310889512213
 20
220.38026312971488
 30
0.0
 11
21175.310889512213
 21
220.38026312971488
 31
0.0
  0
LINE
  5
21B1E
330
1F
100
AcDbEntity
  8
A0_Grundriß
100
AcDbLine
 10
20825.310889512213
 20
220.38026312971488
 30
0.0
 11
18175.310889512213
 21
220.38026312971488
 31
0.0
  0
LINE
  5
21B1F
330
1F
100
AcDbEntity
  8
A0_Grundriß
100
AcDbLine
 10
17825.310889512213
 20
220.38026312971488
 30
0.0
 11
15175.310889512213
 21
220.38026312971488
 31
0.0
  0
LINE
  5
21B20
330
1F
100
AcDbEntity
  8
A0_Grundriß
100
AcDbLine
 10
14825.310889512213
 20
220.38026312971488
 30
0.0
 11
12175.31088951222
 21
220.38026312971488
 31
0.0
  0
LINE
  5
21B21
330
1F
100
AcDbEntity
  8
A0_Grundriß
100
AcDbLine
 10
11825.310889512213
 20
220.38026312971488
 30
0.0
 11
9175.310889512213
 21
220.38026312971488
 31
0.0
  0
LINE
  5
21B22
330
1F
100
AcDbEntity
  8
A0_Grundriß
100
AcDbLine
 10
8825.310889512213
 20
220.38026312971488
 30
0.0
 11
6175.310889512199
 21
220.38026312971488
 31
0.0
  0
LINE
  5
21B23
330
1F
100
AcDbEntity
  8
A0_Grundriß
100
AcDbLine
 10
5825.3108895122095
 20
220.38026312971488
 30
0.0
 11
3175.3108895121986
 21
220.38026312971488
 31
0.0
  0
LINE
  5
21B24
330
1F
100
AcDbEntity
  8
A0_Grundriß
100
AcDbLine
 10
2825.3108895121986
 20
220.38026312971488
 30
0.0
 11
175.31088951219863
 21
220.38026312971488
 31
0.0
  0
LINE
  5
21B25
330
1F
100
AcDbEntity
  8
A0_Grundriß
100
AcDbLine
 10
72125.31088951221
 20
19500.38026312973
 30
0.0
 11
113850.31088951221
 21
19500.38026312973
 31
0.0
  0
LINE
  5
21B26
330
1F
100
AcDbEntity
  8
A0_Grundriß
100
AcDbLine
 10
72125.31088951221
 20
19700.38026312973
 30
0.0
 11
74875.31088951221
 21
19700.38026312973
 31
0.0
  0
LINE
  5
21B27
330
1F
100
AcDbEntity
  8
A0_Grundriß
100
AcDbLine
 10
75125.31088951221
 20
19700.38026312973
 30
0.0
 11
77875.3108895122
 21
19700.38026312973
 31
0.0
  0
LINE
  5
21B28
330
1F
100
AcDbEntity
  8
A0_Grundriß
100
AcDbLine
 10
78125.3108895122
 20
19700.38026312973
 30
0.0
 11
80875.3108895122
 21
19700.38026312973
 31
0.0
  0
LINE
  5
21B29
330
1F
100
AcDbEntity
  8
A0_Grundriß
100
AcDbLine
 10
81125.3108895122
 20
19700.38026312973
 30
0.0
 11
83875.3108895122
 21
19700.38026312973
 31
0.0
  0
LINE
  5
21B2A
330
1F
100
AcDbEntity
  8
A0_Grundriß
100
AcDbLine
 10
84125.3108895122
 20
19700.38026312973
 30
0.0
 11
86875.3108895122
 21
19700.38026312973
 31
0.0
  0
LINE
  5
21B2B
330
1F
100
AcDbEntity
  8
A0_Grundriß
100
AcDbLine
 10
87125.3108895122
 20
19700.38026312973
 30
0.0
 11
89740.3108895122
 21
19700.38026312973
 31
0.0
  0
LINE
  5
21B2C
330
1F
100
AcDbEntity
  8
A0_Grundriß
100
AcDbLine
 10
90260.3108895122
 20
19700.38026312973
 30
0.0
 11
92875.3108895122
 21
19700.38026312973
 31
0.0
  0
LINE
  5
21B2D
330
1F
100
AcDbEntity
  8
A0_Grundriß
100
AcDbLine
 10
93125.3108895122
 20
19700.38026312973
 30
0.0
 11
95875.3108895122
 21
19700.38026312973
 31
0.0
  0
LINE
  5
21B2E
330
1F
100
AcDbEntity
  8
A0_Grundriß
100
AcDbLine
 10
96125.3108895122
 20
19700.38026312973
 30
0.0
 11
98875.3108895122
 21
19700.38026312973
 31
0.0
  0
LINE
  5
21B2F
330
1F
100
AcDbEntity
  8
A0_Grundriß
100
AcDbLine
 10
99125.3108895122
 20
19700.38026312973
 30
0.0
 11
101875.3108895122
 21
19700.38026312973
 31
0.0
  0
LINE
  5
21B30
330
1F
100
AcDbEntity
  8
A0_Grundriß
100
AcDbLine
 10
102125.3108895122
 20
19700.38026312973
 30
0.0
 11
104875.3108895122
 21
19700.38026312973
 31
0.0
  0
LINE
  5
21B31
330
1F
100
AcDbEntity
  8
A0_Grundriß
100
AcDbLine
 10
105125.3108895122
 20
19700.38026312973
 30
0.0
 11
107875.31088951221
 21
19700.38026312973
 31
0.0
  0
LINE
  5
21B32
330
1F
100
AcDbEntity
  8
A0_Grundriß
100
AcDbLine
 10
108125.31088951221
 20
19700.38026312973
 30
0.0
 11
110875.31088951221
 21
19700.38026312973
 31
0.0
  0
LINE
  5
21B33
330
1F
100
AcDbEntity
  8
A0_Grundriß
100
AcDbLine
 10
111125.31088951221
 20
19700.38026312973
 30
0.0
 11
113850.31088951221
 21
19700.38026312973
 31
0.0
  0
LINE
  5
21B34
330
1F
100
AcDbEntity
  8
A0_Grundriß
100
AcDbLine
 10
114100.31088951221
 20
20170.38026312973
 30
0.0
 11
121220.31088951221
 21
20170.38026312973
 31
0.0
  0
LINE
  5
21B35
330
1F
100
AcDbEntity
  8
A0_Grundriß
100
AcDbLine
 10
114100.31088951221
 20
19970.380263129715
 30
0.0
 11
121420.31088951221
 21
19970.380263129715
 31
0.0
  0
LINE
  5
21B36
330
1F
100
AcDbEntity
  8
A0_Grundriß
100
AcDbLine
 10
60260.31088951221
 20
610.3802631297294
 30
0.0
 11
113850.31088951221
 21
610.3802631297294
 31
0.0
  0
LINE
  5
21B37
330
1F
100
AcDbEntity
  8
A0_Grundriß
100
AcDbLine
 10
59990.31088951221
 20
-389.6197368702851
 30
0.0
 11
59670.31088951221
 21
-389.6197368702851
 31
0.0
  0
LINE
  5
21B38
330
1F
100
AcDbEntity
  8
A0_Grundriß
100
AcDbLine
 10
59670.31088951221
 20
-389.6197368702851
 30
0.0
 11
59670.31088951221
 21
510.3802631297149
 31
0.0
  0
LINE
  5
21B39
330
1F
100
AcDbEntity
  8
A0_Grundriß
100
AcDbLine
 10
59670.31088951221
 20
510.3802631297149
 30
0.0
 11
59990.31088951221
 21
510.3802631297149
 31
0.0
  0
LINE
  5
21B3A
330
1F
100
AcDbEntity
  8
A0_Grundriß
100
AcDbLine
 10
59990.31088951221
 20
510.3802631297149
 30
0.0
 11
59990.31088951221
 21
-389.6197368702851
 31
0.0
  0
LINE
  5
21B3B
330
1F
100
AcDbEntity
  8
A0_Grundriß
100
AcDbLine
 10
60260.31088951221
 20
410.3802631297294
 30
0.0
 11
62955.31088951221
 21
410.3802631297294
 31
0.0
  0
LINE
  5
21B3C
330
1F
100
AcDbEntity
  8
A0_Grundriß
100
AcDbLine
 10
63205.31088951221
 20
410.3802631297294
 30
0.0
 11
65875.31088951221
 21
410.3802631297294
 31
0.0
  0
LINE
  5
21B3D
330
1F
100
AcDbEntity
  8
A0_Grundriß
100
AcDbLine
 10
69125.31088951221
 20
410.3802631297294
 30
0.0
 11
71875.3108895122
 21
410.3802631297294
 31
0.0
  0
LINE
  5
21B3E
330
1F
100
AcDbEntity
  8
A0_Grundriß
100
AcDbLine
 10
66125.31088951221
 20
410.3802631297294
 30
0.0
 11
68875.31088951221
 21
410.3802631297294
 31
0.0
  0
LINE
  5
21B3F
330
1F
100
AcDbEntity
  8
A0_Grundriß
100
AcDbLine
 10
72125.31088951221
 20
410.3802631297294
 30
0.0
 11
74875.31088951221
 21
410.3802631297294
 31
0.0
  0
LINE
  5
21B40
330
1F
100
AcDbEntity
  8
A0_Grundriß
100
AcDbLine
 10
75125.31088951221
 20
410.3802631297294
 30
0.0
 11
77875.3108895122
 21
410.3802631297294
 31
0.0
  0
LINE
  5
21B41
330
1F
100
AcDbEntity
  8
A0_Grundriß
100
AcDbLine
 10
78125.3108895122
 20
410.3802631297294
 30
0.0
 11
80875.3108895122
 21
410.3802631297294
 31
0.0
  0
LINE
  5
21B42
330
1F
100
AcDbEntity
  8
A0_Grundriß
100
AcDbLine
 10
81125.3108895122
 20
410.3802631297294
 30
0.0
 11
83875.3108895122
 21
410.3802631297294
 31
0.0
  0
LINE
  5
21B43
330
1F
100
AcDbEntity
  8
A0_Grundriß
100
AcDbLine
 10
84125.3108895122
 20
410.3802631297294
 30
0.0
 11
86875.3108895122
 21
410.3802631297294
 31
0.0
  0
LINE
  5
21B44
330
1F
100
AcDbEntity
  8
A0_Grundriß
100
AcDbLine
 10
87125.3108895122
 20
410.3802631297294
 30
0.0
 11
89740.3108895122
 21
410.3802631297294
 31
0.0
  0
LINE
  5
21B45
330
1F
100
AcDbEntity
  8
A0_Grundriß
100
AcDbLine
 10
90260.3108895122
 20
410.3802631297294
 30
0.0
 11
92875.3108895122
 21
410.3802631297294
 31
0.0
  0
LINE
  5
21B46
330
1F
100
AcDbEntity
  8
A0_Grundriß
100
AcDbLine
 10
93125.3108895122
 20
410.3802631297294
 30
0.0
 11
95875.3108895122
 21
410.3802631297294
 31
0.0
  0
LINE
  5
21B47
330
1F
100
AcDbEntity
  8
A0_Grundriß
100
AcDbLine
 10
96125.3108895122
 20
410.3802631297294
 30
0.0
 11
98875.3108895122
 21
410.3802631297294
 31
0.0
  0
LINE
  5
21B48
330
1F
100
AcDbEntity
  8
A0_Grundriß
100
AcDbLine
 10
99125.3108895122
 20
410.3802631297294
 30
0.0
 11
101875.3108895122
 21
410.3802631297294
 31
0.0
  0
LINE
  5
21B49
330
1F
100
AcDbEntity
  8
A0_Grundriß
100
AcDbLine
 10
102125.3108895122
 20
410.3802631297294
 30
0.0
 11
104875.3108895122
 21
410.3802631297294
 31
0.0
  0
LINE
  5
21B4A
330
1F
100
AcDbEntity
  8
A0_Grundriß
100
AcDbLine
 10
105125.3108895122
 20
410.3802631297294
 30
0.0
 11
107875.31088951221
 21
410.3802631297294
 31
0.0
  0
LINE
  5
21B4B
330
1F
100
AcDbEntity
  8
A0_Grundriß
100
AcDbLine
 10
108125.31088951221
 20
410.3802631297294
 30
0.0
 11
110875.31088951221
 21
410.3802631297294
 31
0.0
  0
LINE
  5
21B4C
330
1F
100
AcDbEntity
  8
A0_Grundriß
100
AcDbLine
 10
111125.31088951221
 20
410.3802631297294
 30
0.0
 11
113850.31088951221
 21
410.3802631297294
 31
0.0
  0
LINE
  5
21B4D
330
1F
100
AcDbEntity
  8
A0_Grundriß
100
AcDbLine
 10
121480.31088951221
 20
20790.38026312973
 30
0.0
 11
121420.31088951221
 21
20790.38026312973
 31
0.0
  0
LINE
  5
21B4E
330
1F
100
AcDbEntity
  8
A0_Grundriß
100
AcDbLine
 10
121480.31088951221
 20
20790.38026312973
 30
0.0
 11
124760.31088951221
 21
20790.38026312973
 31
0.0
  0
LINE
  5
21B4F
330
1F
100
AcDbEntity
  8
A0_Grundriß
100
AcDbLine
 10
121420.31088951221
 20
20550.380263129744
 30
0.0
 11
124820.31088951221
 21
20550.380263129744
 31
0.0
  0
LINE
  5
21B50
330
1F
100
AcDbEntity
  8
A0_Grundriß
100
AcDbLine
 10
121480.31088951221
 20
20790.38026312973
 30
0.0
 11
121420.31088951221
 21
20790.38026312973
 31
0.0
  0
LINE
  5
21B51
330
1F
100
AcDbEntity
  8
A0_Grundriß
100
AcDbLine
 10
121480.31088951221
 20
20790.38026312973
 30
0.0
 11
124760.31088951221
 21
20790.38026312973
 31
0.0
  0
LINE
  5
21B52
330
1F
100
AcDbEntity
  8
A0_Grundriß
100
AcDbLine
 10
121420.31088951221
 20
20550.380263129744
 30
0.0
 11
124820.31088951221
 21
20550.380263129744
 31
0.0
  0
LINE
  5
21B53
330
1F
100
AcDbEntity
  8
A0_Grundriß
100
AcDbLine
 10
121220.31088951221
 20
20590.38026312973
 30
0.0
 11
121480.31088951221
 21
20590.38026312973
 31
0.0
  0
LINE
  5
21B54
330
1F
100
AcDbEntity
  8
A0_Grundriß
100
AcDbLine
 10
121480.31088951221
 20
20590.38026312973
 30
0.0
 11
121480.31088951221
 21
20790.38026312973
 31
0.0
  0
LINE
  5
21B55
330
1F
100
AcDbEntity
  8
A0_Grundriß
100
AcDbLine
 10
121480.31088951221
 20
20790.38026312973
 30
0.0
 11
121420.31088951221
 21
20790.38026312973
 31
0.0
  0
LINE
  5
21B56
330
1F
100
AcDbEntity
  8
A0_Grundriß
100
AcDbLine
 10
121220.31088951221
 20
20590.38026312973
 30
0.0
 11
121220.31088951221
 21
21590.38026312973
 31
0.0
  0
LINE
  5
21B57
330
1F
100
AcDbEntity
  8
A0_Grundriß
100
AcDbLine
 10
121220.31088951221
 20
21590.38026312973
 30
0.0
 11
121420.31088951221
 21
21590.38026312973
 31
0.0
  0
LINE
  5
21B58
330
1F
100
AcDbEntity
  8
A0_Grundriß
100
AcDbLine
 10
121420.31088951221
 20
21590.38026312973
 30
0.0
 11
121420.31088951221
 21
20790.38026312973
 31
0.0
  0
LINE
  5
21B59
330
1F
100
AcDbEntity
  8
A0_Grundriß
100
AcDbLine
 10
125020.31088951221
 20
21590.38026312973
 30
0.0
 11
124820.31088951221
 21
21590.38026312973
 31
0.0
  0
LINE
  5
21B5A
330
1F
100
AcDbEntity
  8
A0_Grundriß
100
AcDbLine
 10
124820.31088951221
 20
21590.38026312973
 30
0.0
 11
124820.31088951221
 21
20790.38026312973
 31
0.0
  0
LINE
  5
21B5B
330
1F
100
AcDbEntity
  8
A0_Grundriß
100
AcDbLine
 10
124820.31088951221
 20
20790.38026312973
 30
0.0
 11
124760.31088951221
 21
20790.38026312973
 31
0.0
  0
LINE
  5
21B5C
330
1F
100
AcDbEntity
  8
A0_Grundriß
100
AcDbLine
 10
124760.31088951221
 20
20790.38026312973
 30
0.0
 11
124760.31088951221
 21
20590.38026312973
 31
0.0
  0
LINE
  5
21B5D
330
1F
100
AcDbEntity
  8
A0_Grundriß
100
AcDbLine
 10
124760.31088951221
 20
20590.38026312973
 30
0.0
 11
125080.31088951221
 21
20590.38026312973
 31
0.0
  0
LINE
  5
21B5E
330
1F
100
AcDbEntity
  8
A0_Grundriß
100
AcDbLine
 10
125080.31088951221
 20
20590.38026312973
 30
0.0
 11
125080.31088951221
 21
20790.38026312973
 31
0.0
  0
LINE
  5
21B5F
330
1F
100
AcDbEntity
  8
A0_Grundriß
100
AcDbLine
 10
125080.31088951221
 20
20790.38026312973
 30
0.0
 11
125020.31088951221
 21
20790.38026312973
 31
0.0
  0
LINE
  5
21B60
330
1F
100
AcDbEntity
  8
A0_Grundriß
100
AcDbLine
 10
125020.31088951221
 20
20790.38026312973
 30
0.0
 11
125020.31088951221
 21
21590.38026312973
 31
0.0
  0
LINE
  5
21B61
330
1F
100
AcDbEntity
  8
A0_Grundriß
100
AcDbLine
 10
121480.31088951221
 20
20790.38026312973
 30
0.0
 11
124760.31088951221
 21
20790.38026312973
 31
0.0
  0
LINE
  5
21B62
330
1F
100
AcDbEntity
  8
A0_Grundriß
100
AcDbLine
 10
121420.31088951221
 20
20550.380263129744
 30
0.0
 11
124820.31088951221
 21
20550.380263129744
 31
0.0
  0
LINE
  5
21B63
330
1F
100
AcDbEntity
  8
A0_Grundriß
100
AcDbLine
 10
125020.31088951221
 20
21590.38026312973
 30
0.0
 11
124820.31088951221
 21
21590.38026312973
 31
0.0
  0
LINE
  5
21B64
330
1F
100
AcDbEntity
  8
A0_Grundriß
100
AcDbLine
 10
124820.31088951221
 20
21590.38026312973
 30
0.0
 11
124820.31088951221
 21
20790.38026312973
 31
0.0
  0
LINE
  5
21B65
330
1F
100
AcDbEntity
  8
A0_Grundriß
100
AcDbLine
 10
124820.31088951221
 20
20790.38026312973
 30
0.0
 11
124760.31088951221
 21
20790.38026312973
 31
0.0
  0
LINE
  5
21B66
330
1F
100
AcDbEntity
  8
A0_Grundriß
100
AcDbLine
 10
124760.31088951221
 20
20790.38026312973
 30
0.0
 11
124760.31088951221
 21
20590.38026312973
 31
0.0
  0
LINE
  5
21B67
330
1F
100
AcDbEntity
  8
A0_Grundriß
100
AcDbLine
 10
124760.31088951221
 20
20590.38026312973
 30
0.0
 11
125080.31088951221
 21
20590.38026312973
 31
0.0
  0
LINE
  5
21B68
330
1F
100
AcDbEntity
  8
A0_Grundriß
100
AcDbLine
 10
125080.31088951221
 20
20590.38026312973
 30
0.0
 11
125080.31088951221
 21
20790.38026312973
 31
0.0
  0
LINE
  5
21B69
330
1F
100
AcDbEntity
  8
A0_Grundriß
100
AcDbLine
 10
125080.31088951221
 20
20790.38026312973
 30
0.0
 11
125020.31088951221
 21
20790.38026312973
 31
0.0
  0
LINE
  5
21B6A
330
1F
100
AcDbEntity
  8
A0_Grundriß
100
AcDbLine
 10
125020.31088951221
 20
20790.38026312973
 30
0.0
 11
125020.31088951221
 21
21590.38026312973
 31
0.0
  0
LINE
  5
21B6B
330
1F
100
AcDbEntity
  8
A0_Grundriß
100
AcDbLine
 10
132220.3108895122
 20
21590.38026312973
 30
0.0
 11
132020.3108895122
 21
21590.38026312973
 31
0.0
  0
LINE
  5
21B6C
330
1F
100
AcDbEntity
  8
A0_Grundriß
100
AcDbLine
 10
132020.3108895122
 20
21590.38026312973
 30
0.0
 11
132020.3108895122
 21
20790.38026312973
 31
0.0
  0
LINE
  5
21B6D
330
1F
100
AcDbEntity
  8
A0_Grundriß
100
AcDbLine
 10
132020.3108895122
 20
20790.38026312973
 30
0.0
 11
131960.3108895122
 21
20790.38026312973
 31
0.0
  0
LINE
  5
21B6E
330
1F
100
AcDbEntity
  8
A0_Grundriß
100
AcDbLine
 10
131960.3108895122
 20
20790.38026312973
 30
0.0
 11
131960.3108895122
 21
20590.38026312973
 31
0.0
  0
LINE
  5
21B6F
330
1F
100
AcDbEntity
  8
A0_Grundriß
100
AcDbLine
 10
131960.3108895122
 20
20590.38026312973
 30
0.0
 11
132280.3108895122
 21
20590.38026312973
 31
0.0
  0
LINE
  5
21B70
330
1F
100
AcDbEntity
  8
A0_Grundriß
100
AcDbLine
 10
132280.3108895122
 20
20590.38026312973
 30
0.0
 11
132280.3108895122
 21
20790.38026312973
 31
0.0
  0
LINE
  5
21B71
330
1F
100
AcDbEntity
  8
A0_Grundriß
100
AcDbLine
 10
132280.3108895122
 20
20790.38026312973
 30
0.0
 11
132220.3108895122
 21
20790.38026312973
 31
0.0
  0
LINE
  5
21B72
330
1F
100
AcDbEntity
  8
A0_Grundriß
100
AcDbLine
 10
132220.3108895122
 20
20790.38026312973
 30
0.0
 11
132220.3108895122
 21
21590.38026312973
 31
0.0
  0
LINE
  5
21B73
330
1F
100
AcDbEntity
  8
A0_Grundriß
100
AcDbLine
 10
128620.31088951221
 20
21590.38026312973
 30
0.0
 11
128420.31088951221
 21
21590.38026312973
 31
0.0
  0
LINE
  5
21B74
330
1F
100
AcDbEntity
  8
A0_Grundriß
100
AcDbLine
 10
128420.31088951221
 20
21590.38026312973
 30
0.0
 11
128420.31088951221
 21
20790.38026312973
 31
0.0
  0
LINE
  5
21B75
330
1F
100
AcDbEntity
  8
A0_Grundriß
100
AcDbLine
 10
128420.31088951221
 20
20790.38026312973
 30
0.0
 11
128360.31088951221
 21
20790.38026312973
 31
0.0
  0
LINE
  5
21B76
330
1F
100
AcDbEntity
  8
A0_Grundriß
100
AcDbLine
 10
128360.31088951221
 20
20790.38026312973
 30
0.0
 11
128360.31088951221
 21
20590.38026312973
 31
0.0
  0
LINE
  5
21B77
330
1F
100
AcDbEntity
  8
A0_Grundriß
100
AcDbLine
 10
128360.31088951221
 20
20590.38026312973
 30
0.0
 11
128680.31088951221
 21
20590.38026312973
 31
0.0
  0
LINE
  5
21B78
330
1F
100
AcDbEntity
  8
A0_Grundriß
100
AcDbLine
 10
128680.31088951221
 20
20590.38026312973
 30
0.0
 11
128680.31088951221
 21
20790.38026312973
 31
0.0
  0
LINE
  5
21B79
330
1F
100
AcDbEntity
  8
A0_Grundriß
100
AcDbLine
 10
128680.31088951221
 20
20790.38026312973
 30
0.0
 11
128620.31088951221
 21
20790.38026312973
 31
0.0
  0
LINE
  5
21B7A
330
1F
100
AcDbEntity
  8
A0_Grundriß
100
AcDbLine
 10
128620.31088951221
 20
20790.38026312973
 30
0.0
 11
128620.31088951221
 21
21590.38026312973
 31
0.0
  0
LINE
  5
21B7B
330
1F
100
AcDbEntity
  8
A0_Grundriß
100
AcDbLine
 10
125020.31088951221
 20
21590.38026312973
 30
0.0
 11
124820.31088951221
 21
21590.38026312973
 31
0.0
  0
LINE
  5
21B7C
330
1F
100
AcDbEntity
  8
A0_Grundriß
100
AcDbLine
 10
124820.31088951221
 20
21590.38026312973
 30
0.0
 11
124820.31088951221
 21
20790.38026312973
 31
0.0
  0
LINE
  5
21B7D
330
1F
100
AcDbEntity
  8
A0_Grundriß
100
AcDbLine
 10
124820.31088951221
 20
20790.38026312973
 30
0.0
 11
124760.31088951221
 21
20790.38026312973
 31
0.0
  0
LINE
  5
21B7E
330
1F
100
AcDbEntity
  8
A0_Grundriß
100
AcDbLine
 10
124760.31088951221
 20
20790.38026312973
 30
0.0
 11
124760.31088951221
 21
20590.38026312973
 31
0.0
  0
LINE
  5
21B7F
330
1F
100
AcDbEntity
  8
A0_Grundriß
100
AcDbLine
 10
124760.31088951221
 20
20590.38026312973
 30
0.0
 11
125080.31088951221
 21
20590.38026312973
 31
0.0
  0
LINE
  5
21B80
330
1F
100
AcDbEntity
  8
A0_Grundriß
100
AcDbLine
 10
125080.31088951221
 20
20590.38026312973
 30
0.0
 11
125080.31088951221
 21
20790.38026312973
 31
0.0
  0
LINE
  5
21B81
330
1F
100
AcDbEntity
  8
A0_Grundriß
100
AcDbLine
 10
125080.31088951221
 20
20790.38026312973
 30
0.0
 11
125020.31088951221
 21
20790.38026312973
 31
0.0
  0
LINE
  5
21B82
330
1F
100
AcDbEntity
  8
A0_Grundriß
100
AcDbLine
 10
125020.31088951221
 20
20790.38026312973
 30
0.0
 11
125020.31088951221
 21
21590.38026312973
 31
0.0
  0
LINE
  5
21B83
330
1F
100
AcDbEntity
  8
A0_Grundriß
100
AcDbLine
 10
135820.3108895122
 20
21590.38026312973
 30
0.0
 11
135620.3108895122
 21
21590.38026312973
 31
0.0
  0
LINE
  5
21B84
330
1F
100
AcDbEntity
  8
A0_Grundriß
100
AcDbLine
 10
135620.3108895122
 20
21590.38026312973
 30
0.0
 11
135620.3108895122
 21
20790.38026312973
 31
0.0
  0
LINE
  5
21B85
330
1F
100
AcDbEntity
  8
A0_Grundriß
100
AcDbLine
 10
135620.3108895122
 20
20790.38026312973
 30
0.0
 11
135560.3108895122
 21
20790.38026312973
 31
0.0
  0
LINE
  5
21B86
330
1F
100
AcDbEntity
  8
A0_Grundriß
100
AcDbLine
 10
135560.3108895122
 20
20790.38026312973
 30
0.0
 11
135560.3108895122
 21
20590.38026312973
 31
0.0
  0
LINE
  5
21B87
330
1F
100
AcDbEntity
  8
A0_Grundriß
100
AcDbLine
 10
135560.3108895122
 20
20590.38026312973
 30
0.0
 11
135880.3108895122
 21
20590.38026312973
 31
0.0
  0
LINE
  5
21B88
330
1F
100
AcDbEntity
  8
A0_Grundriß
100
AcDbLine
 10
135880.3108895122
 20
20590.38026312973
 30
0.0
 11
135880.3108895122
 21
20790.38026312973
 31
0.0
  0
LINE
  5
21B89
330
1F
100
AcDbEntity
  8
A0_Grundriß
100
AcDbLine
 10
135880.3108895122
 20
20790.38026312973
 30
0.0
 11
135820.3108895122
 21
20790.38026312973
 31
0.0
  0
LINE
  5
21B8A
330
1F
100
AcDbEntity
  8
A0_Grundriß
100
AcDbLine
 10
135820.3108895122
 20
20790.38026312973
 30
0.0
 11
135820.3108895122
 21
21590.38026312973
 31
0.0
  0
LINE
  5
21B8B
330
1F
100
AcDbEntity
  8
A0_Grundriß
100
AcDbLine
 10
139420.3108895122
 20
21590.38026312973
 30
0.0
 11
139220.3108895122
 21
21590.38026312973
 31
0.0
  0
LINE
  5
21B8C
330
1F
100
AcDbEntity
  8
A0_Grundriß
100
AcDbLine
 10
139220.3108895122
 20
21590.38026312973
 30
0.0
 11
139220.3108895122
 21
20790.38026312973
 31
0.0
  0
LINE
  5
21B8D
330
1F
100
AcDbEntity
  8
A0_Grundriß
100
AcDbLine
 10
139220.3108895122
 20
20790.38026312973
 30
0.0
 11
139160.3108895122
 21
20790.38026312973
 31
0.0
  0
LINE
  5
21B8E
330
1F
100
AcDbEntity
  8
A0_Grundriß
100
AcDbLine
 10
139160.3108895122
 20
20790.38026312973
 30
0.0
 11
139160.3108895122
 21
20590.38026312973
 31
0.0
  0
LINE
  5
21B8F
330
1F
100
AcDbEntity
  8
A0_Grundriß
100
AcDbLine
 10
139160.3108895122
 20
20590.38026312973
 30
0.0
 11
139420.3108895122
 21
20590.38026312973
 31
0.0
  0
LINE
  5
21B90
330
1F
100
AcDbEntity
  8
A0_Grundriß
100
AcDbLine
 10
139420.3108895122
 20
20590.38026312973
 30
0.0
 11
139420.3108895122
 21
21590.38026312973
 31
0.0
  0
LINE
  5
21B91
330
1F
100
AcDbEntity
  8
A0_Grundriß
100
AcDbLine
 10
125080.31088951221
 20
20790.38026312973
 30
0.0
 11
128360.31088951221
 21
20790.38026312973
 31
0.0
  0
LINE
  5
21B92
330
1F
100
AcDbEntity
  8
A0_Grundriß
100
AcDbLine
 10
128680.31088951221
 20
20790.38026312973
 30
0.0
 11
131960.3108895122
 21
20790.38026312973
 31
0.0
  0
LINE
  5
21B93
330
1F
100
AcDbEntity
  8
A0_Grundriß
100
AcDbLine
 10
132280.3108895122
 20
20790.38026312973
 30
0.0
 11
135560.3108895122
 21
20790.38026312973
 31
0.0
  0
LINE
  5
21B94
330
1F
100
AcDbEntity
  8
A0_Grundriß
100
AcDbLine
 10
135880.3108895122
 20
20790.38026312973
 30
0.0
 11
139160.3108895122
 21
20790.38026312973
 31
0.0
  0
LINE
  5
21B95
330
1F
100
AcDbEntity
  8
A0_Grundriß
100
AcDbLine
 10
124820.31088951221
 20
20550.380263129744
 30
0.0
 11
139420.3108895122
 21
20550.380263129744
 31
0.0
  0
LINE
  5
21B96
330
1F
100
AcDbEntity
  8
A0_Grundriß
100
AcDbLine
 10
121220.31088951221
 20
21590.38026312973
 30
0.0
 11
121420.31088951221
 21
21590.38026312973
 31
0.0
  0
LINE
  5
21B97
330
1F
100
AcDbEntity
  8
A0_Grundriß
100
AcDbLine
 10
121220.31088951221
 20
20590.38026312973
 30
0.0
 11
121220.31088951221
 21
21590.38026312973
 31
0.0
  0
LINE
  5
21B98
330
1F
100
AcDbEntity
  8
A0_Grundriß
100
AcDbLine
 10
121420.31088951221
 20
21590.38026312973
 30
0.0
 11
121420.31088951221
 21
20790.38026312973
 31
0.0
  0
LINE
  5
21B99
330
1F
100
AcDbEntity
  8
A0_Grundriß
100
AcDbLine
 10
121220.31088951221
 20
20590.38026312973
 30
0.0
 11
121480.31088951221
 21
20590.38026312973
 31
0.0
  0
LINE
  5
21B9A
330
1F
100
AcDbEntity
  8
A0_Grundriß
100
AcDbLine
 10
121480.31088951221
 20
20590.38026312973
 30
0.0
 11
121480.31088951221
 21
20790.38026312973
 31
0.0
  0
LINE
  5
21B9B
330
1F
100
AcDbEntity
  8
A0_Grundriß
100
AcDbLine
 10
121480.31088951221
 20
20790.38026312973
 30
0.0
 11
121420.31088951221
 21
20790.38026312973
 31
0.0
  0
LINE
  5
21B9C
330
1F
100
AcDbEntity
  8
A0_Grundriß
100
AcDbLine
 10
139420.3108895122
 20
20800.380263129715
 30
0.0
 11
145470.3108895122
 21
20800.380263129715
 31
0.0
  0
LINE
  5
21B9D
330
1F
100
AcDbEntity
  8
A0_Grundriß
100
AcDbLine
 10
139630.3108895122
 20
20590.38026312973
 30
0.0
 11
145170.3108895122
 21
20590.38026312973
 31
0.0
  0
LINE
  5
21B9E
330
1F
100
AcDbEntity
  8
A0_Grundriß
100
AcDbLine
 10
121000.31088951221
 20
3300.3802631297294
 30
0.0
 11
121200.31088951221
 21
3300.3802631297294
 31
0.0
  0
LINE
  5
21B9F
330
1F
100
AcDbEntity
  8
A0_Grundriß
100
AcDbLine
 10
121000.31088951221
 20
3300.3802631297294
 30
0.0
 11
121200.31088951221
 21
3300.3802631297294
 31
0.0
  0
LINE
  5
21BA0
330
1F
100
AcDbEntity
  8
A0_Grundriß
100
AcDbLine
 10
121420.31088951221
 20
3060.3802631297294
 30
0.0
 11
121480.31088951221
 21
3060.3802631297294
 31
0.0
  0
LINE
  5
21BA1
330
1F
100
AcDbEntity
  8
A0_Grundriß
100
AcDbLine
 10
121480.31088951221
 20
3060.3802631297294
 30
0.0
 11
121480.31088951221
 21
3260.3802631297294
 31
0.0
  0
LINE
  5
21BA2
330
1F
100
AcDbEntity
  8
A0_Grundriß
100
AcDbLine
 10
121480.31088951221
 20
3260.3802631297294
 30
0.0
 11
121220.31088951221
 21
3260.3802631297294
 31
0.0
  0
LINE
  5
21BA3
330
1F
100
AcDbEntity
  8
A0_Grundriß
100
AcDbLine
 10
121220.31088951221
 20
3260.3802631297294
 30
0.0
 11
121220.31088951221
 21
3060.3802631297294
 31
0.0
  0
LINE
  5
21BA4
330
1F
100
AcDbEntity
  8
A0_Grundriß
100
AcDbLine
 10
121220.31088951221
 20
2260.3802631297294
 30
0.0
 11
121420.31088951221
 21
2260.3802631297294
 31
0.0
  0
LINE
  5
21BA5
330
1F
100
AcDbEntity
  8
A0_Grundriß
100
AcDbLine
 10
121420.31088951221
 20
2260.3802631297294
 30
0.0
 11
121420.31088951221
 21
3060.3802631297294
 31
0.0
  0
LINE
  5
21BA6
330
1F
100
AcDbEntity
  8
A0_Grundriß
100
AcDbLine
 10
121220.31088951221
 20
3060.3802631297294
 30
0.0
 11
121220.31088951221
 21
2260.3802631297294
 31
0.0
  0
LINE
  5
21BA7
330
1F
100
AcDbEntity
  8
A0_Grundriß
100
AcDbLine
 10
125080.31088951221
 20
3260.3802631297294
 30
0.0
 11
124820.31088951221
 21
3260.3802631297294
 31
0.0
  0
LINE
  5
21BA8
330
1F
100
AcDbEntity
  8
A0_Grundriß
100
AcDbLine
 10
124820.31088951221
 20
3260.3802631297294
 30
0.0
 11
124820.31088951221
 21
3060.3802631297294
 31
0.0
  0
LINE
  5
21BA9
330
1F
100
AcDbEntity
  8
A0_Grundriß
100
AcDbLine
 10
124820.31088951221
 20
2260.3802631297294
 30
0.0
 11
125020.31088951221
 21
2260.3802631297294
 31
0.0
  0
LINE
  5
21BAA
330
1F
100
AcDbEntity
  8
A0_Grundriß
100
AcDbLine
 10
124820.31088951221
 20
3060.3802631297294
 30
0.0
 11
124820.31088951221
 21
2260.3802631297294
 31
0.0
  0
LINE
  5
21BAB
330
1F
100
AcDbEntity
  8
A0_Grundriß
100
AcDbLine
 10
121480.31088951221
 20
3140.3802631297294
 30
0.0
 11
124820.31088951221
 21
3140.3802631297294
 31
0.0
  0
LINE
  5
21BAC
330
1F
100
AcDbEntity
  8
A0_Grundriß
100
AcDbLine
 10
121200.31088951221
 20
3300.3802631297294
 30
0.0
 11
139430.3108895122
 21
3300.3802631297294
 31
0.0
  0
LINE
  5
21BAD
330
1F
100
AcDbEntity
  8
A0_Grundriß
100
AcDbLine
 10
125020.31088951221
 20
3060.3802631297294
 30
0.0
 11
125080.31088951221
 21
3060.3802631297294
 31
0.0
  0
LINE
  5
21BAE
330
1F
100
AcDbEntity
  8
A0_Grundriß
100
AcDbLine
 10
125080.31088951221
 20
3060.3802631297294
 30
0.0
 11
125080.31088951221
 21
3260.3802631297294
 31
0.0
  0
LINE
  5
21BAF
330
1F
100
AcDbEntity
  8
A0_Grundriß
100
AcDbLine
 10
125020.31088951221
 20
2260.3802631297294
 30
0.0
 11
125020.31088951221
 21
3060.3802631297294
 31
0.0
  0
LINE
  5
21BB0
330
1F
100
AcDbEntity
  8
A0_Grundriß
100
AcDbLine
 10
125020.31088951221
 20
3060.3802631297294
 30
0.0
 11
125080.31088951221
 21
3060.3802631297294
 31
0.0
  0
LINE
  5
21BB1
330
1F
100
AcDbEntity
  8
A0_Grundriß
100
AcDbLine
 10
125080.31088951221
 20
3060.3802631297294
 30
0.0
 11
125080.31088951221
 21
3260.3802631297294
 31
0.0
  0
LINE
  5
21BB2
330
1F
100
AcDbEntity
  8
A0_Grundriß
100
AcDbLine
 10
125020.31088951221
 20
2260.3802631297294
 30
0.0
 11
125020.31088951221
 21
3060.3802631297294
 31
0.0
  0
LINE
  5
21BB3
330
1F
100
AcDbEntity
  8
A0_Grundriß
100
AcDbLine
 10
125080.31088951221
 20
3060.3802631297294
 30
0.0
 11
128360.31088951221
 21
3060.3802631297294
 31
0.0
  0
LINE
  5
21BB4
330
1F
100
AcDbEntity
  8
A0_Grundriß
100
AcDbLine
 10
128360.31088951221
 20
3060.3802631297294
 30
0.0
 11
128360.31088951221
 21
3260.3802631297294
 31
0.0
  0
LINE
  5
21BB5
330
1F
100
AcDbEntity
  8
A0_Grundriß
100
AcDbLine
 10
128360.31088951221
 20
3260.3802631297294
 30
0.0
 11
128680.31088951221
 21
3260.3802631297294
 31
0.0
  0
LINE
  5
21BB6
330
1F
100
AcDbEntity
  8
A0_Grundriß
100
AcDbLine
 10
128680.31088951221
 20
3260.3802631297294
 30
0.0
 11
128680.31088951221
 21
3060.3802631297294
 31
0.0
  0
LINE
  5
21BB7
330
1F
100
AcDbEntity
  8
A0_Grundriß
100
AcDbLine
 10
128680.31088951221
 20
3060.3802631297294
 30
0.0
 11
128620.31088951221
 21
3060.3802631297294
 31
0.0
  0
LINE
  5
21BB8
330
1F
100
AcDbEntity
  8
A0_Grundriß
100
AcDbLine
 10
128620.31088951221
 20
3060.3802631297294
 30
0.0
 11
128620.31088951221
 21
2260.3802631297294
 31
0.0
  0
LINE
  5
21BB9
330
1F
100
AcDbEntity
  8
A0_Grundriß
100
AcDbLine
 10
128620.31088951221
 20
2260.3802631297294
 30
0.0
 11
128420.31088951221
 21
2260.3802631297294
 31
0.0
  0
LINE
  5
21BBA
330
1F
100
AcDbEntity
  8
A0_Grundriß
100
AcDbLine
 10
128420.31088951221
 20
2260.3802631297294
 30
0.0
 11
128420.31088951221
 21
3060.3802631297294
 31
0.0
  0
LINE
  5
21BBB
330
1F
100
AcDbEntity
  8
A0_Grundriß
100
AcDbLine
 10
128420.31088951221
 20
3060.3802631297294
 30
0.0
 11
128360.31088951221
 21
3060.3802631297294
 31
0.0
  0
LINE
  5
21BBC
330
1F
100
AcDbEntity
  8
A0_Grundriß
100
AcDbLine
 10
131960.3108895122
 20
3060.3802631297294
 30
0.0
 11
131960.3108895122
 21
3260.3802631297294
 31
0.0
  0
LINE
  5
21BBD
330
1F
100
AcDbEntity
  8
A0_Grundriß
100
AcDbLine
 10
131960.3108895122
 20
3260.3802631297294
 30
0.0
 11
132280.3108895122
 21
3260.3802631297294
 31
0.0
  0
LINE
  5
21BBE
330
1F
100
AcDbEntity
  8
A0_Grundriß
100
AcDbLine
 10
132280.3108895122
 20
3260.3802631297294
 30
0.0
 11
132280.3108895122
 21
3060.3802631297294
 31
0.0
  0
LINE
  5
21BBF
330
1F
100
AcDbEntity
  8
A0_Grundriß
100
AcDbLine
 10
132280.3108895122
 20
3060.3802631297294
 30
0.0
 11
132220.3108895122
 21
3060.3802631297294
 31
0.0
  0
LINE
  5
21BC0
330
1F
100
AcDbEntity
  8
A0_Grundriß
100
AcDbLine
 10
132220.3108895122
 20
3060.3802631297294
 30
0.0
 11
132220.3108895122
 21
2260.3802631297294
 31
0.0
  0
LINE
  5
21BC1
330
1F
100
AcDbEntity
  8
A0_Grundriß
100
AcDbLine
 10
132220.3108895122
 20
2260.3802631297294
 30
0.0
 11
132020.3108895122
 21
2260.3802631297294
 31
0.0
  0
LINE
  5
21BC2
330
1F
100
AcDbEntity
  8
A0_Grundriß
100
AcDbLine
 10
132020.3108895122
 20
2260.3802631297294
 30
0.0
 11
132020.3108895122
 21
3060.3802631297294
 31
0.0
  0
LINE
  5
21BC3
330
1F
100
AcDbEntity
  8
A0_Grundriß
100
AcDbLine
 10
132020.3108895122
 20
3060.3802631297294
 30
0.0
 11
131960.3108895122
 21
3060.3802631297294
 31
0.0
  0
LINE
  5
21BC4
330
1F
100
AcDbEntity
  8
A0_Grundriß
100
AcDbLine
 10
135560.3108895122
 20
3060.3802631297294
 30
0.0
 11
135560.3108895122
 21
3260.3802631297294
 31
0.0
  0
LINE
  5
21BC5
330
1F
100
AcDbEntity
  8
A0_Grundriß
100
AcDbLine
 10
135560.3108895122
 20
3260.3802631297294
 30
0.0
 11
135880.3108895122
 21
3260.3802631297294
 31
0.0
  0
LINE
  5
21BC6
330
1F
100
AcDbEntity
  8
A0_Grundriß
100
AcDbLine
 10
135880.3108895122
 20
3260.3802631297294
 30
0.0
 11
135880.3108895122
 21
3060.3802631297294
 31
0.0
  0
LINE
  5
21BC7
330
1F
100
AcDbEntity
  8
A0_Grundriß
100
AcDbLine
 10
135880.3108895122
 20
3060.3802631297294
 30
0.0
 11
135820.3108895122
 21
3060.3802631297294
 31
0.0
  0
LINE
  5
21BC8
330
1F
100
AcDbEntity
  8
A0_Grundriß
100
AcDbLine
 10
135820.3108895122
 20
3060.3802631297294
 30
0.0
 11
135820.3108895122
 21
2260.3802631297294
 31
0.0
  0
LINE
  5
21BC9
330
1F
100
AcDbEntity
  8
A0_Grundriß
100
AcDbLine
 10
135820.3108895122
 20
2260.3802631297294
 30
0.0
 11
135620.3108895122
 21
2260.3802631297294
 31
0.0
  0
LINE
  5
21BCA
330
1F
100
AcDbEntity
  8
A0_Grundriß
100
AcDbLine
 10
135620.3108895122
 20
2260.3802631297294
 30
0.0
 11
135620.3108895122
 21
3060.3802631297294
 31
0.0
  0
LINE
  5
21BCB
330
1F
100
AcDbEntity
  8
A0_Grundriß
100
AcDbLine
 10
135620.3108895122
 20
3060.3802631297294
 30
0.0
 11
135560.3108895122
 21
3060.3802631297294
 31
0.0
  0
LINE
  5
21BCC
330
1F
100
AcDbEntity
  8
A0_Grundriß
100
AcDbLine
 10
135880.3108895122
 20
3060.3802631297294
 30
0.0
 11
139160.3108895122
 21
3060.3802631297294
 31
0.0
  0
LINE
  5
21BCD
330
1F
100
AcDbEntity
  8
A0_Grundriß
100
AcDbLine
 10
128680.31088951221
 20
3060.3802631297294
 30
0.0
 11
131960.3108895122
 21
3060.3802631297294
 31
0.0
  0
LINE
  5
21BCE
330
1F
100
AcDbEntity
  8
A0_Grundriß
100
AcDbLine
 10
132280.3108895122
 20
3060.3802631297294
 30
0.0
 11
135560.3108895122
 21
3060.3802631297294
 31
0.0
  0
LINE
  5
21BCF
330
1F
100
AcDbEntity
  8
A0_Grundriß
100
AcDbLine
 10
139160.3108895122
 20
3060.3802631297294
 30
0.0
 11
139220.3108895122
 21
3060.3802631297294
 31
0.0
  0
LINE
  5
21BD0
330
1F
100
AcDbEntity
  8
A0_Grundriß
100
AcDbLine
 10
139420.3108895122
 20
3060.3802631297294
 30
0.0
 11
139420.3108895122
 21
3260.3802631297294
 31
0.0
  0
LINE
  5
21BD1
330
1F
100
AcDbEntity
  8
A0_Grundriß
100
AcDbLine
 10
139420.3108895122
 20
3260.3802631297294
 30
0.0
 11
139160.3108895122
 21
3260.3802631297294
 31
0.0
  0
LINE
  5
21BD2
330
1F
100
AcDbEntity
  8
A0_Grundriß
100
AcDbLine
 10
139160.3108895122
 20
3260.3802631297294
 30
0.0
 11
139160.3108895122
 21
3060.3802631297294
 31
0.0
  0
LINE
  5
21BD3
330
1F
100
AcDbEntity
  8
A0_Grundriß
100
AcDbLine
 10
139220.3108895122
 20
2260.3802631297294
 30
0.0
 11
139420.3108895122
 21
2260.3802631297294
 31
0.0
  0
LINE
  5
21BD4
330
1F
100
AcDbEntity
  8
A0_Grundriß
100
AcDbLine
 10
139420.3108895122
 20
2260.3802631297294
 30
0.0
 11
139420.3108895122
 21
3060.3802631297294
 31
0.0
  0
LINE
  5
21BD5
330
1F
100
AcDbEntity
  8
A0_Grundriß
100
AcDbLine
 10
139220.3108895122
 20
3060.3802631297294
 30
0.0
 11
139220.3108895122
 21
2260.3802631297294
 31
0.0
  0
LINE
  5
21BD6
330
1F
100
AcDbEntity
  8
A0_Grundriß
100
AcDbLine
 10
139630.3108895122
 20
3250.380263129715
 30
0.0
 11
145170.3108895122
 21
3250.380263129715
 31
0.0
  0
LINE
  5
21BD7
330
1F
100
AcDbEntity
  8
A0_Grundriß
100
AcDbLine
 10
139420.3108895122
 20
3030.3802631297294
 30
0.0
 11
145470.3108895122
 21
3030.3802631297294
 31
0.0
  0
LINE
  5
21BD8
330
1F
100
AcDbEntity
  8
A0_Grundriß
100
AcDbLine
 10
139630.3108895122
 20
20590.38026312973
 30
0.0
 11
139630.3108895122
 21
3250.380263129715
 31
0.0
  0
LINE
  5
21BD9
330
1F
100
AcDbEntity
  8
A0_Grundriß
100
AcDbLine
 10
139420.3108895122
 20
20550.380263129744
 30
0.0
 11
139420.3108895122
 21
3300.3802631297294
 31
0.0
  0
LINE
  5
21BDA
330
1F
100
AcDbEntity
  8
A0_Grundriß
100
AcDbLine
 10
145170.3108895122
 20
3250.380263129715
 30
0.0
 11
145170.3108895122
 21
20590.38026312973
 31
0.0
  0
LINE
  5
21BDB
330
1F
100
AcDbEntity
  8
A0_Grundriß
100
AcDbLine
 10
145470.3108895122
 20
3030.3802631297294
 30
0.0
 11
145470.3108895122
 21
20800.380263129715
 31
0.0
  0
LINE
  5
21BDC
330
1F
100
AcDbEntity
  8
A0_Grundriß
100
AcDbLine
 10
121220.31088951221
 20
3300.3802631297294
 30
0.0
 11
121220.31088951221
 21
20590.38026312973
 31
0.0
  0
LINE
  5
21BDD
330
1F
100
AcDbEntity
  8
A0_Grundriß
100
AcDbLine
 10
121420.31088951221
 20
19970.380263129715
 30
0.0
 11
121420.31088951221
 21
20550.380263129744
 31
0.0
  0
LINE
  5
21BDE
330
1F
100
AcDbEntity
  8
A0_Grundriß
100
AcDbLine
 10
-174.68911048780137
 20
220.38026312971488
 30
0.0
 11
-2749.6891104878014
 21
220.38026312971488
 31
0.0
  0
LINE
  5
21BDF
330
1F
100
AcDbEntity
  8
A0_Grundriß
100
AcDbLine
 10
-2749.6891104878014
 20
19750.380263129744
 30
0.0
 11
3300.3108895121986
 21
19750.380263129744
 31
0.0
  0
LINE
  5
21BE0
330
1F
100
AcDbEntity
  8
A0_Grundriß
100
AcDbLine
 10
54370.31088951221
 20
19850.38026312973
 30
0.0
 11
54370.31088951221
 21
19460.380263129744
 31
0.0
  0
LINE
  5
21BE1
330
1F
100
AcDbEntity
  8
A0_Grundriß
100
AcDbLine
 10
53630.31088951221
 20
19850.38026312973
 30
0.0
 11
53630.31088951221
 21
19460.380263129744
 31
0.0
  0
LINE
  5
21BE2
330
1F
100
AcDbEntity
  8
A0_Grundriß
100
AcDbLine
 10
53630.31088951221
 20
19460.380263129744
 30
0.0
 11
54370.31088951221
 21
19460.380263129744
 31
0.0
  0
LINE
  5
21BE3
330
1F
100
AcDbEntity
  8
A0_Grundriß
100
AcDbLine
 10
48175.31088951221
 20
19850.38026312973
 30
0.0
 11
53630.31088951221
 21
19850.38026312973
 31
0.0
  0
LINE
  5
21BE4
330
1F
100
AcDbEntity
  8
A0_Grundriß
100
AcDbLine
 10
54370.31088951221
 20
19850.38026312973
 30
0.0
 11
59670.31088951221
 21
19850.38026312973
 31
0.0
  0
LINE
  5
21BE5
330
1F
100
AcDbEntity
  8
A0_Grundriß
100
AcDbLine
 10
-2999.6891104878014
 20
7350.380263129729
 30
0.0
 11
-2799.6891104878014
 21
7350.380263129729
 31
0.0
  0
LINE
  5
21BE6
330
1F
100
AcDbEntity
  8
A0_Grundriß
100
AcDbLine
 10
-2999.6891104878014
 20
2900.3802631297294
 30
0.0
 11
-2799.6891104878014
 21
2900.3802631297294
 31
0.0
  0
LINE
  5
21BE7
330
1F
100
AcDbEntity
  8
A0_Grundriß
100
AcDbLine
 10
3640.3108895122095
 20
15880.38026312973
 30
0.0
 11
3640.3108895122095
 21
16040.38026312973
 31
0.0
  0
LINE
  5
21BE8
330
1F
100
AcDbEntity
  8
A0_Grundriß
100
AcDbLine
 10
6270.3108895122095
 20
15880.38026312973
 30
0.0
 11
6270.3108895122095
 21
16030.380263129744
 31
0.0
  0
LINE
  5
21BE9
330
1F
100
AcDbEntity
  8
A0_Grundriß
100
AcDbLine
 10
11440.31088951222
 20
11860.380263129715
 30
0.0
 11
11440.31088951222
 21
12030.38026312973
 31
0.0
  0
LINE
  5
21BEA
330
1F
100
AcDbEntity
  8
A0_Grundriß
100
AcDbLine
 10
11500.310889512213
 20
12140.38026312973
 30
0.0
 11
11710.31088951222
 21
12140.38026312973
 31
0.0
  0
LINE
  5
21BEB
330
1F
100
AcDbEntity
  8
A0_Grundriß
100
AcDbLine
 10
12780.310889512213
 20
5010.380263129729
 30
0.0
 11
12780.310889512213
 21
5220.380263129715
 31
0.0
  0
LINE
  5
21BEC
330
1F
100
AcDbEntity
  8
A0_Grundriß
100
AcDbLine
 10
15500.31088951222
 20
5010.380263129729
 30
0.0
 11
15500.31088951222
 21
5220.380263129715
 31
0.0
  0
LINE
  5
21BED
330
1F
100
AcDbEntity
  8
A0_Grundriß
100
AcDbLine
 10
24010.310889512213
 20
5010.380263129729
 30
0.0
 11
24010.310889512213
 21
5220.380263129715
 31
0.0
  0
LINE
  5
21BEE
330
1F
100
AcDbEntity
  8
A0_Grundriß
100
AcDbLine
 10
26730.310889512213
 20
5010.380263129729
 30
0.0
 11
26730.310889512213
 21
5220.380263129715
 31
0.0
  0
LINE
  5
21BEF
330
1F
100
AcDbEntity
  8
A0_Grundriß
100
AcDbLine
 10
29900.310889512213
 20
14630.38026312973
 30
0.0
 11
30100.310889512213
 21
14630.38026312973
 31
0.0
  0
LINE
  5
21BF0
330
1F
100
AcDbEntity
  8
A0_Grundriß
100
AcDbLine
 10
41750.31088951221
 20
9550.38026312973
 30
0.0
 11
41830.3108895121
 21
9550.38026312973
 31
0.0
  0
LINE
  5
21BF1
330
1F
100
AcDbEntity
  8
A0_Grundriß
100
AcDbLine
 10
41750.310889512184
 20
10930.38026312973
 30
0.0
 11
41830.31088951208
 21
10930.38026312973
 31
0.0
  0
LINE
  5
21BF2
330
1F
100
AcDbEntity
  8
A0_Grundriß
100
AcDbLine
 10
39000.31088951221
 20
5010.380263129729
 30
0.0
 11
39000.31088951221
 21
5220.380263129715
 31
0.0
  0
LINE
  5
21BF3
330
1F
100
AcDbEntity
  8
A0_Grundriß
100
AcDbLine
 10
41720.31088951221
 20
5010.380263129729
 30
0.0
 11
41720.31088951221
 21
5220.380263129715
 31
0.0
  0
LINE
  5
21BF4
330
1F
100
AcDbEntity
  8
A0_Grundriß
100
AcDbLine
 10
42770.31088951221
 20
9230.38026312973
 30
0.0
 11
42770.31088951221
 21
9450.380263129715
 31
0.0
  0
LINE
  5
21BF5
330
1F
100
AcDbEntity
  8
A0_Grundriß
100
AcDbLine
 10
44250.31088951221
 20
9230.38026312973
 30
0.0
 11
44250.31088951221
 21
9450.380263129715
 31
0.0
  0
LINE
  5
21BF6
330
1F
100
AcDbEntity
  8
A0_Grundriß
100
AcDbLine
 10
144540.3108895122
 20
15140.38026312973
 30
0.0
 11
144540.3108895122
 21
18190.38026312973
 31
0.0
  0
LINE
  5
21BF7
330
1F
100
AcDbEntity
  8
A0_Grundriß
100
AcDbLine
 10
141170.3108895122
 20
15140.38026312973
 30
0.0
 11
141170.3108895122
 21
18190.38026312973
 31
0.0
  0
LINE
  5
21BF8
330
1F
100
AcDbEntity
  8
A0_Grundriß
100
AcDbLine
 10
141170.3108895122
 20
18190.38026312973
 30
0.0
 11
144540.3108895122
 21
18190.38026312973
 31
0.0
  0
LINE
  5
21BF9
330
1F
100
AcDbEntity
  8
A0_Grundriß
100
AcDbLine
 10
141410.3108895122
 20
15270.38026312973
 30
0.0
 11
141410.3108895122
 21
17970.38026312973
 31
0.0
  0
LINE
  5
21BFA
330
1F
100
AcDbEntity
  8
A0_Grundriß
100
AcDbLine
 10
142180.3108895122
 20
15140.38026312973
 30
0.0
 11
142180.3108895122
 21
15270.38026312973
 31
0.0
  0
LINE
  5
21BFB
330
1F
100
AcDbEntity
  8
A0_Grundriß
100
AcDbLine
 10
142630.3108895122
 20
15140.38026312973
 30
0.0
 11
142630.3108895122
 21
18190.38026312973
 31
0.0
  0
LINE
  5
21BFC
330
1F
100
AcDbEntity
  8
A0_Grundriß
100
AcDbLine
 10
141410.3108895122
 20
17970.38026312973
 30
0.0
 11
142630.3108895122
 21
17970.38026312973
 31
0.0
  0
LINE
  5
21BFD
330
1F
100
AcDbEntity
  8
A0_Grundriß
100
AcDbLine
 10
141410.3108895122
 20
15270.38026312973
 30
0.0
 11
141560.3108895122
 21
15270.38026312973
 31
0.0
  0
LINE
  5
21BFE
330
1F
100
AcDbEntity
  8
A0_Grundriß
100
AcDbLine
 10
142330.3108895122
 20
15390.380263129744
 30
0.0
 11
142630.3108895122
 21
15390.380263129744
 31
0.0
  0
LINE
  5
21BFF
330
1F
100
AcDbEntity
  8
A0_Grundriß
100
AcDbLine
 10
141170.3108895122
 20
15140.38026312973
 30
0.0
 11
141560.3108895122
 21
15140.38026312973
 31
0.0
  0
LINE
  5
21C00
330
1F
100
AcDbEntity
  8
A0_Grundriß
100
AcDbLine
 10
142180.3108895122
 20
15140.38026312973
 30
0.0
 11
144540.3108895122
 21
15140.38026312973
 31
0.0
  0
LINE
  5
21C01
330
1F
100
AcDbEntity
  8
A0_Grundriß
100
AcDbLine
 10
142180.3108895122
 20
15270.38026312973
 30
0.0
 11
142330.3108895122
 21
15270.38026312973
 31
0.0
  0
LINE
  5
21C02
330
1F
100
AcDbEntity
  8
A0_Grundriß
100
AcDbLine
 10
142330.3108895122
 20
15270.38026312973
 30
0.0
 11
142330.3108895122
 21
15390.380263129744
 31
0.0
  0
LINE
  5
21C03
330
1F
100
AcDbEntity
  8
A0_Grundriß
100
AcDbLine
 10
142970.3108895122
 20
13940.380263129715
 30
0.0
 11
142970.3108895122
 21
12240.380263129715
 31
0.0
  0
LINE
  5
21C04
330
1F
100
AcDbEntity
  8
A0_Grundriß
100
AcDbLine
 10
142970.3108895122
 20
12240.380263129715
 30
0.0
 11
138470.3108895122
 21
12240.380263129715
 31
0.0
  0
LINE
  5
21C05
330
1F
100
AcDbEntity
  8
A0_Grundriß
100
AcDbLine
 10
138470.3108895122
 20
12240.380263129715
 30
0.0
 11
138470.3108895122
 21
13940.380263129715
 31
0.0
  0
LINE
  5
21C06
330
1F
100
AcDbEntity
  8
A0_Grundriß
100
AcDbLine
 10
138470.3108895122
 20
13940.380263129715
 30
0.0
 11
142970.3108895122
 21
13940.380263129715
 31
0.0
  0
LINE
  5
21C07
330
1F
100
AcDbEntity
  8
A0_Grundriß
100
AcDbLine
 10
141560.3108895122
 20
15140.38026312973
 30
0.0
 11
141560.3108895122
 21
15270.38026312973
 31
0.0
  0
LINE
  5
21C08
330
1F
100
AcDbEntity
  8
A03_Türen
100
AcDbLine
 10
141560.3108895122
 20
15140.38026312973
 30
0.0
 11
141560.3108895122
 21
15890.38026312973
 31
0.0
  0
ARC
  5
21C09
330
1F
100
AcDbEntity
  8
A03_Türen
100
AcDbCircle
 10
141560.3108895122
 20
15270.38026312973
 30
0.0
 40
620.0
100
AcDbArc
 50
0.0
 51
90.0
  0
TEXT
  5
21C0A
330
1F
100
AcDbEntity
  8
A06_Text
370
25
 48
0.25
100
AcDbText
 10
4310.79246600033
 20
8608.235861243695
 30
0.0
 40
300.0
  1
Kühlturm
100
AcDbText
  0
TEXT
  5
21C0B
330
1F
100
AcDbEntity
  8
A06_Text
370
25
 48
0.25
100
AcDbText
 10
5879.134973107801
 20
6645.329667659491
 30
0.0
 40
500.0
  1
 KT6
100
AcDbText
  0
TEXT
  5
21C0C
330
1F
100
AcDbEntity
  8
A06_Text
370
25
 48
0.25
100
AcDbText
 10
5919.187534032881
 20
11214.57582558984
 30
0.0
 40
500.0
  1
 KT5
100
AcDbText
  0
TEXT
  5
21C0D
330
1F
100
AcDbEntity
  8
A06_Text
370
25
 48
0.25
100
AcDbText
 10
4320.07100101819
 20
13535.901529227383
 30
0.0
 40
300.0
  1
Kühlturm
100
AcDbText
  0
TEXT
  5
21C0E
330
1F
100
AcDbEntity
  8
A06_Text
370
25
 48
0.25
100
AcDbText
 10
-434.6240252369098
 20
9683.506931203083
 30
0.0
 40
500.0
  1
KT2
100
AcDbText
  0
TEXT
  5
21C0F
330
1F
100
AcDbEntity
  8
A06_Text
370
25
 48
0.25
100
AcDbText
 10
-1579.9646526159195
 20
11523.424422018012
 30
0.0
 40
300.0
  1
Kühlturm
100
AcDbText
  0
LWPOLYLINE
  5
21C10
330
1F
100
AcDbEntity
  8
A0_Grundriß
100
AcDbPolyline
 90
4
 70
1
 10
2490.3108895122386
 20
8060.380263129729
 10
-1689.6891104877905
 20
8060.380263129729
 10
-1689.6891104877905
 20
11940.38026312973
 10
2490.3108895122386
 20
11940.38026312973
  0
LWPOLYLINE
  5
21C11
330
1F
100
AcDbEntity
  8
A0_Grundriß
100
AcDbPolyline
 90
4
 70
1
 10
-1799.6891104877905
 20
12050.380263129715
 10
2600.3108895122386
 20
12050.380263129715
 10
2600.3108895122386
 20
7950.380263129729
 10
-1799.6891104877905
 20
7950.380263129729
  0
TEXT
  5
21C12
330
1F
100
AcDbEntity
  8
A06_Text
370
25
100
AcDbText
 10
46665.283047477045
 20
17620.315386693357
 30
0.0
 40
300.0
  1
Kaltwasser-Speicher
100
AcDbText
  0
TEXT
  5
21C13
330
1F
100
AcDbEntity
  8
A06_Text
370
25
100
AcDbText
 10
47400.00481434053
 20
17119.835700441647
 30
0.0
 40
300.0
  1
50.000ltr.
100
AcDbText
  0
TEXT
  5
21C14
330
1F
100
AcDbEntity
  8
A06_Text
370
25
 48
0.25
100
AcDbText
 10
48915.962610702176
 20
8850.56525638212
 30
0.0
 40
300.0
  1
Kühlturm
100
AcDbText
  0
TEXT
  5
21C15
330
1F
100
AcDbEntity
  8
A06_Text
370
25
 48
0.25
100
AcDbText
 10
50623.05297389362
 20
11888.596268774607
 30
0.0
 40
500.0
  1
 KT3
100
AcDbText
  0
TEXT
  5
21C16
330
1F
100
AcDbEntity
  8
A06_Text
370
25
 48
0.25
100
AcDbText
 10
49419.25745370393
 20
13896.388059490157
 30
0.0
 40
300.0
  1
Kühlturm
100
AcDbText
  0
TEXT
  5
21C17
330
1F
100
AcDbEntity
  8
A06_Text
370
25
 48
0.25
100
AcDbText
 10
50527.84625967793
 20
6900.361025946462
 30
0.0
 40
500.0
  1
 KT4
100
AcDbText
  0
TEXT
  5
21C18
330
1F
100
AcDbEntity
  8
A06_Text
370
25
 48
0.25
100
AcDbText
 10
18804.10183997362
 20
17474.465667499477
 30
0.0
 40
300.0
  1
Speicher für Produktionskälte
 41
0.8
100
AcDbText
  0
TEXT
  5
21C19
330
1F
100
AcDbEntity
  8
A06_Text
370
25
100
AcDbText
 10
13187.01676551262
 20
6891.200523834341
 30
0.0
 40
1000.0
  1
E-Zentrale
100
AcDbText
  0
LWPOLYLINE
  5
21C1B
102
{ACAD_REACTORS
330
21C1A
102
}
330
1F
100
AcDbEntity
  8
A0_Grundriß
100
AcDbPolyline
 90
4
 70
1
 10
46020.31088951221
 20
10490.38026312973
 10
47720.31088951221
 20
10490.38026312973
 10
47720.31088951221
 20
12190.38026312973
 10
46020.31088951221
 20
12190.38026312973
  0
LINE
  5
21C1C
102
{ACAD_REACTORS
330
21C1A
102
}
330
1F
100
AcDbEntity
  8
A0_Grundriß
100
AcDbLine
 10
47720.31088951221
 20
12190.38026312973
 30
0.0
 11
46339.40955347303
 21
11854.317100025262
 31
0.0
  0
LINE
  5
21C1D
102
{ACAD_REACTORS
330
21C1A
102
}
330
1F
100
AcDbEntity
  8
A0_Grundriß
100
AcDbLine
 10
46339.40955347303
 20
11854.317100025262
 30
0.0
 11
46020.31088951221
 21
10490.38026312973
 31
0.0
  0
LINE
  5
21C21
330
1F
100
AcDbEntity
  8
A07_Achslinien
100
AcDbLine
 10
145450.3108895122
 20
-1932.4389645869232
 30
0.0
 11
145450.3108895122
 21
4820.725306140041
 31
0.0
  0
LINE
  5
21C22
330
1F
100
AcDbEntity
  8
A07_Achslinien
100
AcDbLine
 10
145450.3108895121
 20
18469.667350367192
 30
0.0
 11
145450.3108895122
 21
22332.819194609547
 31
0.0
  0
LINE
  5
21C23
330
1F
100
AcDbEntity
  8
A07_Achslinien
100
AcDbLine
 10
144374.7848955267
 20
20590.38026312973
 30
0.0
 11
146022.2260404237
 21
20590.38026312973
 31
0.0
  0
LINE
  5
21C24
330
1F
100
AcDbEntity
  8
A07_Achslinien
100
AcDbLine
 10
-3737.9527323993207
 20
20000.380263129715
 30
0.0
 11
-1019.3835620298014
 21
20000.380263129715
 31
0.0
  0
LINE
  5
21C25
330
1F
100
AcDbEntity
  8
A07_Achslinien
100
AcDbLine
 10
144374.7848955267
 20
20000.380263129715
 30
0.0
 11
146022.2260404237
 21
20000.380263129715
 31
0.0
  0
LINE
  5
21C26
330
1F
100
AcDbEntity
  8
A07_Achslinien
100
AcDbLine
 10
-3737.9527323993316
 20
0.38026312972942833
 30
0.0
 11
-1019.3835620298014
 21
0.38026312972942833
 31
0.0
  0
LINE
  5
21C27
330
1F
100
AcDbEntity
  8
A07_Achslinien
100
AcDbLine
 10
144374.7848955267
 20
0.38026312972942833
 30
0.0
 11
146022.2260404237
 21
0.38026312972942833
 31
0.0
  0
LINE
  5
21C28
330
1F
100
AcDbEntity
  8
A07_Achslinien
100
AcDbLine
 10
0.3108895121986279
 20
-1932.4389645869232
 30
0.0
 11
0.3108895121986279
 21
1735.050247690655
 31
0.0
  0
LINE
  5
21C29
330
1F
100
AcDbEntity
  8
A07_Achslinien
100
AcDbLine
 10
0.3108895122204558
 20
18068.804341008552
 30
0.0
 11
0.3108895121986279
 21
21931.956185250907
 31
0.0
  0
LINE
  5
21C2A
330
1F
100
AcDbEntity
  8
A07_Achslinien
100
AcDbLine
 10
6000.3108895122095
 20
-1932.4389645869232
 30
0.0
 11
6000.3108895122095
 21
1735.050247690655
 31
0.0
  0
LINE
  5
21C2B
330
1F
100
AcDbEntity
  8
A07_Achslinien
100
AcDbLine
 10
6000.3108895122095
 20
18469.667350367192
 30
0.0
 11
6000.310889512191
 21
22332.819194609547
 31
0.0
  0
LINE
  5
21C2C
330
1F
100
AcDbEntity
  8
A07_Achslinien
100
AcDbLine
 10
12000.31088951222
 20
-1932.4389645869232
 30
0.0
 11
12000.31088951222
 21
1735.050247690655
 31
0.0
  0
LINE
  5
21C2D
330
1F
100
AcDbEntity
  8
A07_Achslinien
100
AcDbLine
 10
12000.310889512213
 20
18469.667350367192
 30
0.0
 11
12000.31088951222
 21
22332.819194609547
 31
0.0
  0
LINE
  5
21C2E
330
1F
100
AcDbEntity
  8
A07_Achslinien
100
AcDbLine
 10
18000.3108895122
 20
-1932.4389645869232
 30
0.0
 11
18000.3108895122
 21
1735.050247690655
 31
0.0
  0
LINE
  5
21C2F
330
1F
100
AcDbEntity
  8
A07_Achslinien
100
AcDbLine
 10
18000.310889512213
 20
18469.667350367192
 30
0.0
 11
18000.31088951219
 21
22332.819194609547
 31
0.0
  0
LINE
  5
21C30
330
1F
100
AcDbEntity
  8
A07_Achslinien
100
AcDbLine
 10
24000.31088951222
 20
-1932.4389645869232
 30
0.0
 11
24000.31088951222
 21
1735.050247690655
 31
0.0
  0
LINE
  5
21C31
330
1F
100
AcDbEntity
  8
A07_Achslinien
100
AcDbLine
 10
24000.3108895122
 20
18469.667350367192
 30
0.0
 11
24000.310889512242
 21
22332.819194609547
 31
0.0
  0
LINE
  5
21C32
330
1F
100
AcDbEntity
  8
A07_Achslinien
100
AcDbLine
 10
-3737.9527323993316
 20
10000.38026312973
 30
0.0
 11
-1019.3835620298014
 21
10000.38026312973
 31
0.0
  0
LINE
  5
21C33
330
1F
100
AcDbEntity
  8
A07_Achslinien
100
AcDbLine
 10
-3737.9527323993207
 20
9020.38026312973
 30
0.0
 11
-1019.3835620298014
 21
9020.38026312973
 31
0.0
  0
LINE
  5
21C34
330
1F
100
AcDbEntity
  8
A07_Achslinien
100
AcDbLine
 10
144374.7848955267
 20
9020.38026312973
 30
0.0
 11
146022.2260404237
 21
9020.38026312973
 31
0.0
  0
LINE
  5
21C35
330
1F
100
AcDbEntity
  8
A07_Achslinien
100
AcDbLine
 10
30000.3108895122
 20
-1932.4389645869232
 30
0.0
 11
30000.310889512213
 21
1735.050247690655
 31
0.0
  0
LINE
  5
21C36
330
1F
100
AcDbEntity
  8
A07_Achslinien
100
AcDbLine
 10
30000.3108895122
 20
18469.667350367192
 30
0.0
 11
30000.3108895122
 21
22332.819194609547
 31
0.0
  0
LINE
  5
21C37
330
1F
100
AcDbEntity
  8
A07_Achslinien
100
AcDbLine
 10
36000.31088951222
 20
-1932.4389645869232
 30
0.0
 11
36000.3108895122
 21
1735.050247690655
 31
0.0
  0
LINE
  5
21C38
330
1F
100
AcDbEntity
  8
A07_Achslinien
100
AcDbLine
 10
36000.31088951223
 20
18469.667350367192
 30
0.0
 11
36000.31088951217
 21
22332.819194609547
 31
0.0
  0
LINE
  5
21C39
330
1F
100
AcDbEntity
  8
A07_Achslinien
100
AcDbLine
 10
42000.31088951221
 20
-1932.4389645869232
 30
0.0
 11
42000.310889512184
 21
1735.050247690655
 31
0.0
  0
LINE
  5
21C3A
330
1F
100
AcDbEntity
  8
A07_Achslinien
100
AcDbLine
 10
42000.3108895122
 20
18469.667350367192
 30
0.0
 11
42000.31088951221
 21
22332.819194609547
 31
0.0
  0
LINE
  5
21C3B
330
1F
100
AcDbEntity
  8
A07_Achslinien
100
AcDbLine
 10
48000.310889512184
 20
-1932.4389645869232
 30
0.0
 11
48000.310889512184
 21
1735.050247690655
 31
0.0
  0
LINE
  5
21C3C
330
1F
100
AcDbEntity
  8
A07_Achslinien
100
AcDbLine
 10
48000.310889512184
 20
18469.667350367192
 30
0.0
 11
48000.310889512184
 21
22332.819194609547
 31
0.0
  0
LINE
  5
21C3D
330
1F
100
AcDbEntity
  8
A07_Achslinien
100
AcDbLine
 10
54000.3108895122
 20
-1932.4389645869232
 30
0.0
 11
54000.3108895122
 21
1735.050247690655
 31
0.0
  0
LINE
  5
21C3E
330
1F
100
AcDbEntity
  8
A07_Achslinien
100
AcDbLine
 10
54000.310889512155
 20
18469.667350367192
 30
0.0
 11
54000.310889512155
 21
22332.819194609547
 31
0.0
  0
LINE
  5
21C3F
330
1F
100
AcDbEntity
  8
A07_Achslinien
100
AcDbLine
 10
60000.3108895122
 20
-1932.4389645869232
 30
0.0
 11
60000.3108895122
 21
1735.050247690655
 31
0.0
  0
LINE
  5
21C40
330
1F
100
AcDbEntity
  8
A07_Achslinien
100
AcDbLine
 10
60000.3108895122
 20
18469.667350367192
 30
0.0
 11
60000.3108895122
 21
22332.819194609547
 31
0.0
  0
LINE
  5
21C41
330
1F
100
AcDbEntity
  8
A07_Achslinien
100
AcDbLine
 10
66000.31088951221
 20
-1932.4389645869232
 30
0.0
 11
66000.31088951221
 21
1735.050247690655
 31
0.0
  0
LINE
  5
21C42
330
1F
100
AcDbEntity
  8
A07_Achslinien
100
AcDbLine
 10
66000.31088951221
 20
18469.667350367192
 30
0.0
 11
66000.31088951221
 21
22332.819194609547
 31
0.0
  0
LINE
  5
21C43
330
1F
100
AcDbEntity
  8
A07_Achslinien
100
AcDbLine
 10
72000.31088951221
 20
-1932.4389645869232
 30
0.0
 11
72000.31088951221
 21
1735.050247690655
 31
0.0
  0
LINE
  5
21C44
330
1F
100
AcDbEntity
  8
A07_Achslinien
100
AcDbLine
 10
72000.31088951223
 20
18469.667350367192
 30
0.0
 11
72000.31088951221
 21
22332.819194609547
 31
0.0
  0
LINE
  5
21C45
330
1F
100
AcDbEntity
  8
A07_Achslinien
100
AcDbLine
 10
78000.3108895122
 20
-1932.4389645869232
 30
0.0
 11
78000.3108895122
 21
1735.050247690655
 31
0.0
  0
LINE
  5
21C46
330
1F
100
AcDbEntity
  8
A07_Achslinien
100
AcDbLine
 10
78000.3108895122
 20
18469.667350367192
 30
0.0
 11
78000.3108895122
 21
22332.819194609547
 31
0.0
  0
LINE
  5
21C47
330
1F
100
AcDbEntity
  8
A07_Achslinien
100
AcDbLine
 10
84000.3108895122
 20
-1932.4389645869232
 30
0.0
 11
84000.3108895122
 21
1735.050247690655
 31
0.0
  0
LINE
  5
21C48
330
1F
100
AcDbEntity
  8
A07_Achslinien
100
AcDbLine
 10
84000.3108895122
 20
18469.667350367192
 30
0.0
 11
84000.3108895122
 21
22332.819194609547
 31
0.0
  0
LINE
  5
21C49
330
1F
100
AcDbEntity
  8
A07_Achslinien
100
AcDbLine
 10
90000.3108895122
 20
-1932.4389645869232
 30
0.0
 11
90000.3108895122
 21
1735.050247690655
 31
0.0
  0
LINE
  5
21C4A
330
1F
100
AcDbEntity
  8
A07_Achslinien
100
AcDbLine
 10
90000.3108895122
 20
18469.667350367192
 30
0.0
 11
90000.3108895122
 21
22332.819194609547
 31
0.0
  0
LINE
  5
21C4B
330
1F
100
AcDbEntity
  8
A07_Achslinien
100
AcDbLine
 10
96000.3108895122
 20
-1932.4389645869232
 30
0.0
 11
96000.3108895122
 21
1735.050247690655
 31
0.0
  0
LINE
  5
21C4C
330
1F
100
AcDbEntity
  8
A07_Achslinien
100
AcDbLine
 10
96000.3108895122
 20
18469.667350367192
 30
0.0
 11
96000.3108895123
 21
22332.819194609547
 31
0.0
  0
LINE
  5
21C4D
330
1F
100
AcDbEntity
  8
A07_Achslinien
100
AcDbLine
 10
102000.3108895122
 20
-1932.4389645869232
 30
0.0
 11
102000.3108895122
 21
1735.050247690655
 31
0.0
  0
LINE
  5
21C4E
330
1F
100
AcDbEntity
  8
A07_Achslinien
100
AcDbLine
 10
102000.3108895122
 20
18469.667350367192
 30
0.0
 11
102000.3108895122
 21
22332.819194609547
 31
0.0
  0
LINE
  5
21C4F
330
1F
100
AcDbEntity
  8
A07_Achslinien
100
AcDbLine
 10
108000.31088951221
 20
-1932.4389645869232
 30
0.0
 11
108000.31088951221
 21
1735.050247690655
 31
0.0
  0
LINE
  5
21C50
330
1F
100
AcDbEntity
  8
A07_Achslinien
100
AcDbLine
 10
108000.31088951221
 20
18469.667350367192
 30
0.0
 11
108000.31088951221
 21
22332.819194609547
 31
0.0
  0
LINE
  5
21C51
330
1F
100
AcDbEntity
  8
A07_Achslinien
100
AcDbLine
 10
114000.31088951221
 20
18469.667350367192
 30
0.0
 11
114000.31088951221
 21
22332.819194609547
 31
0.0
  0
LINE
  5
21C52
330
1F
100
AcDbEntity
  8
A07_Achslinien
100
AcDbLine
 10
114120.31088951221
 20
-1932.4389645869232
 30
0.0
 11
114120.31088951221
 21
1735.050247690655
 31
0.0
  0
LINE
  5
21C53
330
1F
100
AcDbEntity
  8
A07_Achslinien
100
AcDbLine
 10
114120.31088951221
 20
18469.667350367192
 30
0.0
 11
114120.31088951221
 21
22332.819194609547
 31
0.0
  0
LINE
  5
21C54
330
1F
100
AcDbEntity
  8
A07_Achslinien
100
AcDbLine
 10
120120.31088951221
 20
-1932.4389645869232
 30
0.0
 11
120120.31088951221
 21
1735.050247690655
 31
0.0
  0
LINE
  5
21C55
330
1F
100
AcDbEntity
  8
A07_Achslinien
100
AcDbLine
 10
120120.3108895121
 20
18469.667350367192
 30
0.0
 11
120120.31088951221
 21
22332.819194609547
 31
0.0
  0
LINE
  5
21C56
330
1F
100
AcDbEntity
  8
A07_Achslinien
100
AcDbLine
 10
121320.31088951221
 20
-1932.4389645869232
 30
0.0
 11
121320.31088951221
 21
4820.725306140041
 31
0.0
  0
LINE
  5
21C57
330
1F
100
AcDbEntity
  8
A07_Achslinien
100
AcDbLine
 10
121320.31088951221
 20
18469.667350367192
 30
0.0
 11
121320.31088951221
 21
22332.819194609547
 31
0.0
  0
LINE
  5
21C58
330
1F
100
AcDbEntity
  8
A07_Achslinien
100
AcDbLine
 10
124920.31088951221
 20
-1932.4389645869232
 30
0.0
 11
124920.31088951221
 21
4820.725306140041
 31
0.0
  0
LINE
  5
21C59
330
1F
100
AcDbEntity
  8
A07_Achslinien
100
AcDbLine
 10
124920.31088951221
 20
18469.667350367192
 30
0.0
 11
124920.31088951221
 21
22332.819194609547
 31
0.0
  0
LINE
  5
21C5A
330
1F
100
AcDbEntity
  8
A07_Achslinien
100
AcDbLine
 10
132120.3108895122
 20
-1932.4389645869232
 30
0.0
 11
132120.3108895122
 21
4820.725306140041
 31
0.0
  0
LINE
  5
21C5B
330
1F
100
AcDbEntity
  8
A07_Achslinien
100
AcDbLine
 10
132120.3108895122
 20
18469.667350367192
 30
0.0
 11
132120.3108895122
 21
22332.819194609547
 31
0.0
  0
LINE
  5
21C5C
330
1F
100
AcDbEntity
  8
A07_Achslinien
100
AcDbLine
 10
139430.3108895121
 20
-1932.4389645869232
 30
0.0
 11
139430.3108895121
 21
4820.725306140041
 31
0.0
  0
LINE
  5
21C5D
330
1F
100
AcDbEntity
  8
A07_Achslinien
100
AcDbLine
 10
139430.3108895121
 20
18469.667350367192
 30
0.0
 11
139430.3108895121
 21
22332.819194609547
 31
0.0
  0
LINE
  5
21C5E
330
1F
100
AcDbEntity
  8
A07_Achslinien
100
AcDbLine
 10
144374.7848955267
 20
14870.380263129715
 30
0.0
 11
146022.2260404237
 21
14870.380263129715
 31
0.0
  0
LINE
  5
21C5F
330
1F
100
AcDbEntity
  8
A07_Achslinien
100
AcDbLine
 10
144374.7848955267
 20
10590.38026312973
 30
0.0
 11
146022.2260404237
 21
10590.38026312973
 31
0.0
  0
LINE
  5
21C60
330
1F
100
AcDbEntity
  8
A07_Achslinien
100
AcDbLine
 10
144374.7848955267
 20
3300.3802631297294
 30
0.0
 11
146022.2260404237
 21
3300.3802631297294
 31
0.0
  0
TEXT
  5
21C61
330
1F
100
AcDbEntity
  8
A07_Achslinien
  6
Continuous
 62
7
100
AcDbText
 10
23354.303939979072
 20
22932.631775691654
 30
0.0
 40
1250.0
  1
35
 51
15.0
 41
0.8
 72
1
 11
24131.248005463378
 21
22932.631775691654
 31
0.0
100
AcDbText
  0
TEXT
  5
21C62
330
1F
100
AcDbEntity
  8
A07_Achslinien
  6
Continuous
 62
7
100
AcDbText
 10
29354.303939979072
 20
22932.631775691654
 30
0.0
 40
1250.0
  1
34
 51
15.0
 41
0.8
 72
1
 11
30131.248005463378
 21
22932.631775691654
 31
0.0
100
AcDbText
  0
TEXT
  5
21C63
330
1F
100
AcDbEntity
  8
A07_Achslinien
  6
Continuous
 62
7
100
AcDbText
 10
35355.30393997907
 20
22932.631775691654
 30
0.0
 40
1250.0
  1
33
 51
15.0
 41
0.8
 72
1
 11
36132.24800546338
 21
22932.631775691654
 31
0.0
100
AcDbText
  0
TEXT
  5
21C64
330
1F
100
AcDbEntity
  8
A07_Achslinien
  6
Continuous
 62
7
100
AcDbText
 10
41355.30393997909
 20
22932.631775691654
 30
0.0
 40
1250.0
  1
32
 51
15.0
 41
0.8
 72
1
 11
42132.24800546339
 21
22932.631775691654
 31
0.0
100
AcDbText
  0
TEXT
  5
21C65
330
1F
100
AcDbEntity
  8
A07_Achslinien
  6
Continuous
 62
7
100
AcDbText
 10
47356.30393997907
 20
22932.631775691654
 30
0.0
 40
1250.0
  1
31
 51
15.0
 41
0.8
 72
1
 11
48133.24800546336
 21
22932.631775691654
 31
0.0
100
AcDbText
  0
TEXT
  5
21C66
330
1F
100
AcDbEntity
  8
A07_Achslinien
  6
Continuous
 62
7
100
AcDbText
 10
17355.303939979072
 20
22932.631775691654
 30
0.0
 40
1250.0
  1
36
 51
15.0
 41
0.8
 72
1
 11
18132.248005463378
 21
22932.631775691654
 31
0.0
100
AcDbText
  0
TEXT
  5
21C67
330
1F
100
AcDbEntity
  8
A07_Achslinien
  6
Continuous
 62
7
100
AcDbText
 10
11355.303939979072
 20
22932.631775691654
 30
0.0
 40
1250.0
  1
37
 51
15.0
 41
0.8
 72
1
 11
12132.248005463392
 21
22932.631775691654
 31
0.0
100
AcDbText
  0
TEXT
  5
21C68
330
1F
100
AcDbEntity
  8
A07_Achslinien
  6
Continuous
 62
7
100
AcDbText
 10
5354.30393997908
 20
22932.631775691654
 30
0.0
 40
1250.0
  1
38
 51
15.0
 41
0.8
 72
1
 11
6131.248005463389
 21
22932.631775691654
 31
0.0
100
AcDbText
  0
TEXT
  5
21C69
330
1F
100
AcDbEntity
  8
A07_Achslinien
  6
Continuous
 62
7
100
AcDbText
 10
53199.460829474294
 20
22932.631775691654
 30
0.0
 40
1250.0
  1
3%%c
 51
15.0
 41
0.8
 72
1
 11
54131.24800546336
 21
22932.631775691654
 31
0.0
100
AcDbText
  0
TEXT
  5
21C6A
330
1F
100
AcDbEntity
  8
A07_Achslinien
  6
Continuous
 62
7
100
AcDbText
 10
59356.30393997907
 20
22932.631775691654
 30
0.0
 40
1250.0
  1
29
 51
15.0
 41
0.8
 72
1
 11
60133.24800546338
 21
22932.631775691654
 31
0.0
100
AcDbText
  0
TEXT
  5
21C6B
330
1F
100
AcDbEntity
  8
A07_Achslinien
  6
Continuous
 62
7
100
AcDbText
 10
65354.30393997909
 20
22932.631775691654
 30
0.0
 40
1250.0
  1
28
 51
15.0
 41
0.8
 72
1
 11
66131.24800546339
 21
22932.631775691654
 31
0.0
100
AcDbText
  0
TEXT
  5
21C6C
330
1F
100
AcDbEntity
  8
A07_Achslinien
  6
Continuous
 62
7
100
AcDbText
 10
71355.30393997909
 20
22932.631775691654
 30
0.0
 40
1250.0
  1
27
 51
15.0
 41
0.8
 72
1
 11
72132.2480054634
 21
22932.631775691654
 31
0.0
100
AcDbText
  0
TEXT
  5
21C6D
330
1F
100
AcDbEntity
  8
A07_Achslinien
  6
Continuous
 62
7
100
AcDbText
 10
77355.3039399791
 20
22932.631775691654
 30
0.0
 40
1250.0
  1
26
 51
15.0
 41
0.8
 72
1
 11
78132.2480054634
 21
22932.631775691654
 31
0.0
100
AcDbText
  0
TEXT
  5
21C6E
330
1F
100
AcDbEntity
  8
A07_Achslinien
  6
Continuous
 62
7
100
AcDbText
 10
83354.3039399791
 20
22932.631775691654
 30
0.0
 40
1250.0
  1
25
 51
15.0
 41
0.8
 72
1
 11
84131.2480054634
 21
22932.631775691654
 31
0.0
100
AcDbText
  0
TEXT
  5
21C6F
330
1F
100
AcDbEntity
  8
A07_Achslinien
  6
Continuous
 62
7
100
AcDbText
 10
89354.3039399791
 20
22932.631775691654
 30
0.0
 40
1250.0
  1
24
 51
15.0
 41
0.8
 72
1
 11
90131.2480054634
 21
22932.631775691654
 31
0.0
100
AcDbText
  0
TEXT
  5
21C70
330
1F
100
AcDbEntity
  8
A07_Achslinien
  6
Continuous
 62
7
100
AcDbText
 10
95355.3039399791
 20
22932.631775691654
 30
0.0
 40
1250.0
  1
23
 51
15.0
 41
0.8
 72
1
 11
96132.2480054634
 21
22932.631775691654
 31
0.0
100
AcDbText
  0
TEXT
  5
21C71
330
1F
100
AcDbEntity
  8
A07_Achslinien
  6
Continuous
 62
7
100
AcDbText
 10
101355.3039399791
 20
22932.631775691654
 30
0.0
 40
1250.0
  1
22
 51
15.0
 41
0.8
 72
1
 11
102132.2480054634
 21
22932.631775691654
 31
0.0
100
AcDbText
  0
TEXT
  5
21C72
330
1F
100
AcDbEntity
  8
A07_Achslinien
  6
Continuous
 62
7
100
AcDbText
 10
107356.30393997909
 20
22932.631775691654
 30
0.0
 40
1250.0
  1
21
 51
15.0
 41
0.8
 72
1
 11
108133.24800546339
 21
22932.631775691654
 31
0.0
100
AcDbText
  0
TEXT
  5
21C73
330
1F
100
AcDbEntity
  8
A07_Achslinien
  6
Continuous
 62
7
100
AcDbText
 10
111894.4608294743
 20
22932.631775691654
 30
0.0
 40
1250.0
  1
2%%c
 51
15.0
 41
0.8
 72
1
 11
112826.24800546339
 21
22932.631775691654
 31
0.0
100
AcDbText
  0
TEXT
  5
21C74
330
1F
100
AcDbEntity
  8
A07_Achslinien
  6
Continuous
 62
7
100
AcDbText
 10
-644.6960600209204
 20
22933.98448766816
 30
0.0
 40
1250.0
  1
39
 51
15.0
 41
0.8
 72
1
 11
132.24800546338884
 21
22933.98448766816
 31
0.0
100
AcDbText
  0
TEXT
  5
21C75
330
1F
100
AcDbEntity
  8
A07_Achslinien
  6
Continuous
 62
7
100
AcDbText
 10
115185.9328622164
 20
22932.631775691654
 30
0.0
 40
1250.0
  1
%%c
 51
15.0
 41
0.8
 72
1
 11
115729.24800546339
 21
22932.631775691654
 31
0.0
100
AcDbText
  0
TEXT
  5
21C76
330
1F
100
AcDbEntity
  8
A07_Achslinien
  6
Continuous
 62
7
100
AcDbText
 10
-5443.070615761459
 20
18602.905789565775
 30
0.0
 40
1250.0
  1
A'
 51
15.0
 41
0.8
 72
1
 11
-4844.844149185741
 21
18602.905789565775
 31
0.0
100
AcDbText
  0
TEXT
  5
21C77
330
1F
100
AcDbEntity
  8
A07_Achslinien
  6
Continuous
 62
7
100
AcDbText
 10
-5448.232168526949
 20
9834.477165680626
 30
0.0
 40
1250.0
  1
C'
 51
15.0
 41
0.8
 72
1
 11
-4810.4422640248995
 21
9834.477165680626
 31
0.0
100
AcDbText
  0
TEXT
  5
21C78
330
1F
100
AcDbEntity
  8
A07_Achslinien
  6
Continuous
 62
7
100
AcDbText
 10
-5443.070615761459
 20
8165.510167042739
 30
0.0
 40
1250.0
  1
C
 51
15.0
 41
0.8
 72
1
 11
-4938.636782200749
 21
8165.510167042739
 31
0.0
100
AcDbText
  0
TEXT
  5
21C79
330
1F
100
AcDbEntity
  8
A07_Achslinien
  6
Continuous
 62
7
100
AcDbText
 10
-5443.070615761459
 20
-537.8313573915366
 30
0.0
 40
1250.0
  1
E
 51
15.0
 41
0.8
 72
1
 11
-4977.17702776692
 21
-537.8313573915366
 31
0.0
100
AcDbText
  0
TEXT
  5
21C7A
330
1F
100
AcDbEntity
  8
A07_Achslinien
  6
Continuous
 62
7
100
AcDbText
 10
-5448.232168526942
 20
14273.022972801715
 30
0.0
 40
1250.0
  1
B
 51
15.0
 41
0.8
 72
1
 11
-4982.3385805324
 21
14273.022972801715
 31
0.0
100
AcDbText
  0
TEXT
  5
21C7B
330
1F
100
AcDbEntity
  8
A07_Achslinien
  6
Continuous
 62
7
100
AcDbText
 10
-5443.070615761459
 20
20557.880120329806
 30
0.0
 40
1250.0
  1
A
 51
15.0
 41
0.8
 72
1
 11
-4977.17702776692
 21
20557.880120329806
 31
0.0
100
AcDbText
  0
LINE
  5
21C7C
330
1F
100
AcDbEntity
  8
A07_Achslinien
100
AcDbLine
 10
-3737.9527323993207
 20
20590.38026312973
 30
0.0
 11
-1019.3835620298014
 21
20590.380263129962
 31
0.0
  0
LINE
  5
21C7D
330
1F
100
AcDbEntity
  8
A07_Achslinien
100
AcDbLine
 10
-3737.9527323993207
 20
14870.380263129613
 30
0.0
 11
-1019.3835620298014
 21
14870.380263129264
 31
0.0
  0
TEXT
  5
21C7E
330
1F
100
AcDbEntity
  8
A07_Achslinien
  6
Continuous
 62
7
100
AcDbText
 10
118865.94870244141
 20
22881.454314666815
 30
0.0
 40
1250.0
  1
1'
 51
15.0
 41
0.8
 72
1
 11
119387.7768061249
 21
22881.454314666815
 31
0.0
100
AcDbText
  0
TEXT
  5
21C7F
330
1F
100
AcDbEntity
  8
A07_Achslinien
  6
Continuous
 62
7
100
AcDbText
 10
121525.17711241491
 20
22882.807026643306
 30
0.0
 40
1250.0
  1
1
 51
15.0
 41
0.8
 72
1
 11
121913.64914515699
 21
22882.807026643306
 31
0.0
100
AcDbText
  0
TEXT
  5
21C80
330
1F
100
AcDbEntity
  8
A07_Achslinien
  6
Continuous
 62
7
100
AcDbText
 10
124663.7759727212
 20
22881.454314666815
 30
0.0
 40
1250.0
  1
2
 51
15.0
 41
0.8
 72
1
 11
125052.24800546339
 21
22881.454314666815
 31
0.0
100
AcDbText
  0
TEXT
  5
21C81
330
1F
100
AcDbEntity
  8
A07_Achslinien
  6
Continuous
 62
7
100
AcDbText
 10
131863.7759727212
 20
22881.454314666815
 30
0.0
 40
1250.0
  1
3
 51
15.0
 41
0.8
 72
1
 11
132252.2480054634
 21
22881.454314666815
 31
0.0
100
AcDbText
  0
TEXT
  5
21C82
330
1F
100
AcDbEntity
  8
A07_Achslinien
  6
Continuous
 62
7
100
AcDbText
 10
139172.7759727212
 20
22881.454314666815
 30
0.0
 40
1250.0
  1
4
 51
15.0
 41
0.8
 72
1
 11
139561.2480054634
 21
22881.454314666815
 31
0.0
100
AcDbText
  0
TEXT
  5
21C83
330
1F
100
AcDbEntity
  8
A07_Achslinien
  6
Continuous
 62
7
100
AcDbText
 10
145193.7759727212
 20
22881.454314666815
 30
0.0
 40
1250.0
  1
5
 51
15.0
 41
0.8
 72
1
 11
145582.2480054634
 21
22881.454314666815
 31
0.0
100
AcDbText
  0
TEXT
  5
21C84
330
1F
100
AcDbEntity
  8
A07_Achslinien
  6
Continuous
 62
7
100
AcDbText
 10
146471.9145554613
 20
20557.88012032969
 30
0.0
 40
1250.0
  1
A
 51
15.0
 41
0.8
 72
1
 11
146937.8081434558
 21
20557.88012032969
 31
0.0
100
AcDbText
  0
TEXT
  5
21C85
330
1F
100
AcDbEntity
  8
A07_Achslinien
  6
Continuous
 62
7
100
AcDbText
 10
146471.9145554613
 20
18547.880120329675
 30
0.0
 40
1250.0
  1
A'
 51
15.0
 41
0.8
 72
1
 11
147070.141022037
 21
18547.880120329675
 31
0.0
100
AcDbText
  0
TEXT
  5
21C86
330
1F
100
AcDbEntity
  8
A07_Achslinien
  6
Continuous
 62
7
100
AcDbText
 10
146471.9145554613
 20
14068.880120329704
 30
0.0
 40
1250.0
  1
B
 51
15.0
 41
0.8
 72
1
 11
146937.8081434558
 21
14068.880120329704
 31
0.0
100
AcDbText
  0
TEXT
  5
21C87
330
1F
100
AcDbEntity
  8
A07_Achslinien
  6
Continuous
 62
7
100
AcDbText
 10
146471.9145554613
 20
10082.700407595374
 30
0.0
 40
1250.0
  1
B'
 51
15.0
 41
0.8
 72
1
 11
147071.1642143971
 21
10082.700407595374
 31
0.0
100
AcDbText
  0
TEXT
  5
21C88
330
1F
100
AcDbEntity
  8
A07_Achslinien
  6
Continuous
 62
7
100
AcDbText
 10
146471.9145554613
 20
8079.616579907728
 30
0.0
 40
1250.0
  1
C
 51
15.0
 41
0.8
 72
1
 11
146976.3483890219
 21
8079.616579907728
 31
0.0
100
AcDbText
  0
TEXT
  5
21C89
330
1F
100
AcDbEntity
  8
A07_Achslinien
  6
Continuous
 62
7
100
AcDbText
 10
146471.9145554613
 20
2729.157167932499
 30
0.0
 40
1250.0
  1
D
 51
15.0
 41
0.8
 72
1
 11
146976.3483890219
 21
2729.157167932499
 31
0.0
100
AcDbText
  0
TEXT
  5
21C8A
330
1F
100
AcDbEntity
  8
A07_Achslinien
  6
Continuous
 62
7
100
AcDbText
 10
146471.9145554613
 20
-702.5984179917577
 30
0.0
 40
1250.0
  1
E
 51
15.0
 41
0.8
 72
1
 11
146937.8081434558
 21
-702.5984179917577
 31
0.0
100
AcDbText
  0
LINE
  5
21C8D
330
1F
100
AcDbEntity
  8
A05_Bemaßung
100
AcDbLine
 10
0.31088951219135197
 20
26011.503571480876
 30
0.0
 11
6000.310889512191
 21
26011.503571480876
 31
0.0
  0
LWPOLYLINE
  5
21C8E
330
1F
100
AcDbEntity
  8
A05_Bemaßung
100
AcDbPolyline
 90
3
 70
0
 10
875.3108895121914
 20
25792.503571480876
 10
0.31088951219135197
 20
26011.503571480876
 10
875.3108895121914
 20
26230.503571480876
  0
LWPOLYLINE
  5
21C8F
330
1F
100
AcDbEntity
  8
A05_Bemaßung
100
AcDbPolyline
 90
3
 70
0
 10
5125.310889512191
 20
26230.503571480876
 10
6000.310889512191
 20
26011.503571480876
 10
5125.310889512191
 20
25792.503571480876
  0
LINE
  5
21C90
330
1F
100
AcDbEntity
  8
A05_Bemaßung
100
AcDbLine
 10
0.31088951219135197
 20
26886.503571480876
 30
0.0
 11
0.31088951219135197
 21
25573.503571480876
 31
0.0
  0
LINE
  5
21C91
330
1F
100
AcDbEntity
  8
A05_Bemaßung
100
AcDbLine
 10
6000.310889512191
 20
26886.503571480876
 30
0.0
 11
6000.310889512191
 21
25573.503571480876
 31
0.0
  0
LINE
  5
21C93
330
1F
100
AcDbEntity
  8
A05_Bemaßung
100
AcDbLine
 10
6000.310889512191
 20
26011.503571480876
 30
0.0
 11
12000.310889512191
 21
26011.503571480876
 31
0.0
  0
LWPOLYLINE
  5
21C94
330
1F
100
AcDbEntity
  8
A05_Bemaßung
100
AcDbPolyline
 90
3
 70
0
 10
6875.310889512191
 20
25792.503571480876
 10
6000.310889512191
 20
26011.503571480876
 10
6875.310889512191
 20
26230.503571480876
  0
LWPOLYLINE
  5
21C95
330
1F
100
AcDbEntity
  8
A05_Bemaßung
100
AcDbPolyline
 90
3
 70
0
 10
11125.310889512191
 20
26230.503571480876
 10
12000.310889512191
 20
26011.503571480876
 10
11125.310889512191
 20
25792.503571480876
  0
LINE
  5
21C96
330
1F
100
AcDbEntity
  8
A05_Bemaßung
100
AcDbLine
 10
12000.310889512191
 20
26886.503571480876
 30
0.0
 11
12000.310889512191
 21
25573.503571480876
 31
0.0
  0
LINE
  5
21C98
330
1F
100
AcDbEntity
  8
A05_Bemaßung
100
AcDbLine
 10
12000.310889512191
 20
26011.503571480876
 30
0.0
 11
18000.31088951219
 21
26011.503571480876
 31
0.0
  0
LWPOLYLINE
  5
21C99
330
1F
100
AcDbEntity
  8
A05_Bemaßung
100
AcDbPolyline
 90
3
 70
0
 10
12875.310889512191
 20
25792.503571480876
 10
12000.310889512191
 20
26011.503571480876
 10
12875.310889512191
 20
26230.503571480876
  0
LWPOLYLINE
  5
21C9A
330
1F
100
AcDbEntity
  8
A05_Bemaßung
100
AcDbPolyline
 90
3
 70
0
 10
17125.31088951219
 20
26230.503571480876
 10
18000.31088951219
 20
26011.503571480876
 10
17125.31088951219
 20
25792.503571480876
  0
LINE
  5
21C9B
330
1F
100
AcDbEntity
  8
A05_Bemaßung
100
AcDbLine
 10
18000.31088951219
 20
26886.503571480876
 30
0.0
 11
18000.31088951219
 21
25573.503571480876
 31
0.0
  0
LINE
  5
21C9D
330
1F
100
AcDbEntity
  8
A05_Bemaßung
100
AcDbLine
 10
18000.31088951219
 20
26011.503571480876
 30
0.0
 11
24000.31088951219
 21
26011.503571480876
 31
0.0
  0
LWPOLYLINE
  5
21C9E
330
1F
100
AcDbEntity
  8
A05_Bemaßung
100
AcDbPolyline
 90
3
 70
0
 10
18875.31088951219
 20
25792.503571480876
 10
18000.31088951219
 20
26011.503571480876
 10
18875.31088951219
 20
26230.503571480876
  0
LWPOLYLINE
  5
21C9F
330
1F
100
AcDbEntity
  8
A05_Bemaßung
100
AcDbPolyline
 90
3
 70
0
 10
23125.31088951219
 20
26230.503571480876
 10
24000.31088951219
 20
26011.503571480876
 10
23125.31088951219
 20
25792.503571480876
  0
LINE
  5
21CA0
330
1F
100
AcDbEntity
  8
A05_Bemaßung
100
AcDbLine
 10
24000.31088951219
 20
26886.503571480876
 30
0.0
 11
24000.31088951219
 21
25573.503571480876
 31
0.0
  0
LINE
  5
21CA2
330
1F
100
AcDbEntity
  8
A05_Bemaßung
100
AcDbLine
 10
24000.31088951219
 20
26011.503571480876
 30
0.0
 11
30000.31088951219
 21
26011.503571480876
 31
0.0
  0
LWPOLYLINE
  5
21CA3
330
1F
100
AcDbEntity
  8
A05_Bemaßung
100
AcDbPolyline
 90
3
 70
0
 10
24875.31088951219
 20
25792.503571480876
 10
24000.31088951219
 20
26011.503571480876
 10
24875.31088951219
 20
26230.503571480876
  0
LWPOLYLINE
  5
21CA4
330
1F
100
AcDbEntity
  8
A05_Bemaßung
100
AcDbPolyline
 90
3
 70
0
 10
29125.31088951219
 20
26230.503571480876
 10
30000.31088951219
 20
26011.503571480876
 10
29125.31088951219
 20
25792.503571480876
  0
LINE
  5
21CA5
330
1F
100
AcDbEntity
  8
A05_Bemaßung
100
AcDbLine
 10
30000.31088951219
 20
26886.503571480876
 30
0.0
 11
30000.31088951219
 21
25573.503571480876
 31
0.0
  0
LINE
  5
21CA7
330
1F
100
AcDbEntity
  8
A05_Bemaßung
100
AcDbLine
 10
30000.31088951219
 20
26011.503571480876
 30
0.0
 11
36000.31088951219
 21
26011.503571480876
 31
0.0
  0
LWPOLYLINE
  5
21CA8
330
1F
100
AcDbEntity
  8
A05_Bemaßung
100
AcDbPolyline
 90
3
 70
0
 10
30875.31088951219
 20
25792.503571480876
 10
30000.31088951219
 20
26011.503571480876
 10
30875.31088951219
 20
26230.503571480876
  0
LWPOLYLINE
  5
21CA9
330
1F
100
AcDbEntity
  8
A05_Bemaßung
100
AcDbPolyline
 90
3
 70
0
 10
35125.31088951219
 20
26230.503571480876
 10
36000.31088951219
 20
26011.503571480876
 10
35125.31088951219
 20
25792.503571480876
  0
LINE
  5
21CAA
330
1F
100
AcDbEntity
  8
A05_Bemaßung
100
AcDbLine
 10
36000.31088951219
 20
26886.503571480876
 30
0.0
 11
36000.31088951219
 21
25573.503571480876
 31
0.0
  0
LINE
  5
21CAC
330
1F
100
AcDbEntity
  8
A05_Bemaßung
100
AcDbLine
 10
36000.31088951219
 20
26011.503571480876
 30
0.0
 11
42000.310889512184
 21
26011.503571480876
 31
0.0
  0
LWPOLYLINE
  5
21CAD
330
1F
100
AcDbEntity
  8
A05_Bemaßung
100
AcDbPolyline
 90
3
 70
0
 10
36875.31088951219
 20
25792.503571480876
 10
36000.31088951219
 20
26011.503571480876
 10
36875.31088951219
 20
26230.503571480876
  0
LWPOLYLINE
  5
21CAE
330
1F
100
AcDbEntity
  8
A05_Bemaßung
100
AcDbPolyline
 90
3
 70
0
 10
41125.31088951219
 20
26230.503571480876
 10
42000.310889512184
 20
26011.503571480876
 10
41125.31088951219
 20
25792.503571480876
  0
LINE
  5
21CAF
330
1F
100
AcDbEntity
  8
A05_Bemaßung
100
AcDbLine
 10
42000.310889512184
 20
26886.503571480876
 30
0.0
 11
42000.310889512184
 21
25573.503571480876
 31
0.0
  0
LINE
  5
21CB1
330
1F
100
AcDbEntity
  8
A05_Bemaßung
100
AcDbLine
 10
42000.310889512184
 20
26011.503571480876
 30
0.0
 11
48000.310889512184
 21
26011.503571480876
 31
0.0
  0
LWPOLYLINE
  5
21CB2
330
1F
100
AcDbEntity
  8
A05_Bemaßung
100
AcDbPolyline
 90
3
 70
0
 10
42875.310889512184
 20
25792.503571480876
 10
42000.310889512184
 20
26011.503571480876
 10
42875.310889512184
 20
26230.503571480876
  0
LWPOLYLINE
  5
21CB3
330
1F
100
AcDbEntity
  8
A05_Bemaßung
100
AcDbPolyline
 90
3
 70
0
 10
47125.3108895122
 20
26230.503571480876
 10
48000.310889512184
 20
26011.503571480876
 10
47125.3108895122
 20
25792.503571480876
  0
LINE
  5
21CB4
330
1F
100
AcDbEntity
  8
A05_Bemaßung
100
AcDbLine
 10
48000.310889512184
 20
26886.503571480876
 30
0.0
 11
48000.310889512184
 21
25573.503571480876
 31
0.0
  0
LINE
  5
21CB6
330
1F
100
AcDbEntity
  8
A05_Bemaßung
100
AcDbLine
 10
48000.310889512184
 20
26011.503571480876
 30
0.0
 11
54000.3108895122
 21
26011.503571480876
 31
0.0
  0
LWPOLYLINE
  5
21CB7
330
1F
100
AcDbEntity
  8
A05_Bemaßung
100
AcDbPolyline
 90
3
 70
0
 10
48875.3108895122
 20
25792.503571480876
 10
48000.310889512184
 20
26011.503571480876
 10
48875.3108895122
 20
26230.503571480876
  0
LWPOLYLINE
  5
21CB8
330
1F
100
AcDbEntity
  8
A05_Bemaßung
100
AcDbPolyline
 90
3
 70
0
 10
53125.3108895122
 20
26230.503571480876
 10
54000.3108895122
 20
26011.503571480876
 10
53125.3108895122
 20
25792.503571480876
  0
LINE
  5
21CB9
330
1F
100
AcDbEntity
  8
A05_Bemaßung
100
AcDbLine
 10
54000.3108895122
 20
26886.503571480876
 30
0.0
 11
54000.3108895122
 21
25573.503571480876
 31
0.0
  0
LINE
  5
21CBB
330
1F
100
AcDbEntity
  8
A05_Bemaßung
100
AcDbLine
 10
54000.3108895122
 20
26011.503571480876
 30
0.0
 11
60000.3108895122
 21
26011.503571480876
 31
0.0
  0
LWPOLYLINE
  5
21CBC
330
1F
100
AcDbEntity
  8
A05_Bemaßung
100
AcDbPolyline
 90
3
 70
0
 10
54875.310889512184
 20
25792.503571480876
 10
54000.3108895122
 20
26011.503571480876
 10
54875.310889512184
 20
26230.503571480876
  0
LWPOLYLINE
  5
21CBD
330
1F
100
AcDbEntity
  8
A05_Bemaßung
100
AcDbPolyline
 90
3
 70
0
 10
59125.3108895122
 20
26230.503571480876
 10
60000.3108895122
 20
26011.503571480876
 10
59125.3108895122
 20
25792.503571480876
  0
LINE
  5
21CBE
330
1F
100
AcDbEntity
  8
A05_Bemaßung
100
AcDbLine
 10
54000.3108895122
 20
26886.503571480876
 30
0.0
 11
54000.3108895122
 21
25573.503571480876
 31
0.0
  0
LINE
  5
21CBF
330
1F
100
AcDbEntity
  8
A05_Bemaßung
100
AcDbLine
 10
60000.3108895122
 20
26886.503571480876
 30
0.0
 11
60000.3108895122
 21
25573.503571480876
 31
0.0
  0
LINE
  5
21CC1
330
1F
100
AcDbEntity
  8
A05_Bemaßung
100
AcDbLine
 10
60000.3108895122
 20
26011.503571480876
 30
0.0
 11
66000.31088951221
 21
26011.503571480876
 31
0.0
  0
LWPOLYLINE
  5
21CC2
330
1F
100
AcDbEntity
  8
A05_Bemaßung
100
AcDbPolyline
 90
3
 70
0
 10
60875.310889512184
 20
25792.503571480876
 10
60000.3108895122
 20
26011.503571480876
 10
60875.310889512184
 20
26230.503571480876
  0
LWPOLYLINE
  5
21CC3
330
1F
100
AcDbEntity
  8
A05_Bemaßung
100
AcDbPolyline
 90
3
 70
0
 10
65125.3108895122
 20
26230.503571480876
 10
66000.31088951221
 20
26011.503571480876
 10
65125.3108895122
 20
25792.503571480876
  0
LINE
  5
21CC4
330
1F
100
AcDbEntity
  8
A05_Bemaßung
100
AcDbLine
 10
66000.31088951221
 20
26886.503571480876
 30
0.0
 11
66000.31088951221
 21
25573.503571480876
 31
0.0
  0
LINE
  5
21CC6
330
1F
100
AcDbEntity
  8
A05_Bemaßung
100
AcDbLine
 10
66000.31088951221
 20
26011.503571480876
 30
0.0
 11
72000.31088951221
 21
26011.503571480876
 31
0.0
  0
LWPOLYLINE
  5
21CC7
330
1F
100
AcDbEntity
  8
A05_Bemaßung
100
AcDbPolyline
 90
3
 70
0
 10
66875.3108895122
 20
25792.503571480876
 10
66000.31088951221
 20
26011.503571480876
 10
66875.3108895122
 20
26230.503571480876
  0
LWPOLYLINE
  5
21CC8
330
1F
100
AcDbEntity
  8
A05_Bemaßung
100
AcDbPolyline
 90
3
 70
0
 10
71125.31088951221
 20
26230.503571480876
 10
72000.31088951221
 20
26011.503571480876
 10
71125.31088951221
 20
25792.503571480876
  0
LINE
  5
21CC9
330
1F
100
AcDbEntity
  8
A05_Bemaßung
100
AcDbLine
 10
72000.31088951221
 20
26886.503571480876
 30
0.0
 11
72000.31088951221
 21
25573.503571480876
 31
0.0
  0
LINE
  5
21CCB
330
1F
100
AcDbEntity
  8
A05_Bemaßung
100
AcDbLine
 10
72000.31088951221
 20
26011.503571480876
 30
0.0
 11
78000.3108895122
 21
26011.503571480876
 31
0.0
  0
LWPOLYLINE
  5
21CCC
330
1F
100
AcDbEntity
  8
A05_Bemaßung
100
AcDbPolyline
 90
3
 70
0
 10
72875.31088951221
 20
25792.503571480876
 10
72000.31088951221
 20
26011.503571480876
 10
72875.31088951221
 20
26230.503571480876
  0
LWPOLYLINE
  5
21CCD
330
1F
100
AcDbEntity
  8
A05_Bemaßung
100
AcDbPolyline
 90
3
 70
0
 10
77125.3108895122
 20
26230.503571480876
 10
78000.3108895122
 20
26011.503571480876
 10
77125.3108895122
 20
25792.503571480876
  0
LINE
  5
21CCE
330
1F
100
AcDbEntity
  8
A05_Bemaßung
100
AcDbLine
 10
78000.3108895122
 20
26886.503571480876
 30
0.0
 11
78000.3108895122
 21
25573.503571480876
 31
0.0
  0
LINE
  5
21CD0
330
1F
100
AcDbEntity
  8
A05_Bemaßung
100
AcDbLine
 10
78000.3108895122
 20
26011.503571480876
 30
0.0
 11
84000.3108895122
 21
26011.503571480876
 31
0.0
  0
LWPOLYLINE
  5
21CD1
330
1F
100
AcDbEntity
  8
A05_Bemaßung
100
AcDbPolyline
 90
3
 70
0
 10
78875.3108895122
 20
25792.503571480876
 10
78000.3108895122
 20
26011.503571480876
 10
78875.3108895122
 20
26230.503571480876
  0
LWPOLYLINE
  5
21CD2
330
1F
100
AcDbEntity
  8
A05_Bemaßung
100
AcDbPolyline
 90
3
 70
0
 10
83125.3108895122
 20
26230.503571480876
 10
84000.3108895122
 20
26011.503571480876
 10
83125.3108895122
 20
25792.503571480876
  0
LINE
  5
21CD3
330
1F
100
AcDbEntity
  8
A05_Bemaßung
100
AcDbLine
 10
84000.3108895122
 20
26886.503571480876
 30
0.0
 11
84000.3108895122
 21
25573.503571480876
 31
0.0
  0
LINE
  5
21CD5
330
1F
100
AcDbEntity
  8
A05_Bemaßung
100
AcDbLine
 10
84000.3108895122
 20
26011.503571480876
 30
0.0
 11
90000.3108895122
 21
26011.503571480876
 31
0.0
  0
LWPOLYLINE
  5
21CD6
330
1F
100
AcDbEntity
  8
A05_Bemaßung
100
AcDbPolyline
 90
3
 70
0
 10
84875.3108895122
 20
25792.503571480876
 10
84000.3108895122
 20
26011.503571480876
 10
84875.3108895122
 20
26230.503571480876
  0
LWPOLYLINE
  5
21CD7
330
1F
100
AcDbEntity
  8
A05_Bemaßung
100
AcDbPolyline
 90
3
 70
0
 10
89125.3108895122
 20
26230.503571480876
 10
90000.3108895122
 20
26011.503571480876
 10
89125.3108895122
 20
25792.503571480876
  0
LINE
  5
21CD8
330
1F
100
AcDbEntity
  8
A05_Bemaßung
100
AcDbLine
 10
90000.3108895122
 20
26886.503571480876
 30
0.0
 11
90000.3108895122
 21
25573.503571480876
 31
0.0
  0
LINE
  5
21CDA
330
1F
100
AcDbEntity
  8
A05_Bemaßung
100
AcDbLine
 10
90000.3108895122
 20
26011.503571480876
 30
0.0
 11
96000.3108895122
 21
26011.503571480876
 31
0.0
  0
LWPOLYLINE
  5
21CDB
330
1F
100
AcDbEntity
  8
A05_Bemaßung
100
AcDbPolyline
 90
3
 70
0
 10
90875.3108895122
 20
25792.503571480876
 10
90000.3108895122
 20
26011.503571480876
 10
90875.3108895122
 20
26230.503571480876
  0
LWPOLYLINE
  5
21CDC
330
1F
100
AcDbEntity
  8
A05_Bemaßung
100
AcDbPolyline
 90
3
 70
0
 10
95125.3108895122
 20
26230.503571480876
 10
96000.3108895122
 20
26011.503571480876
 10
95125.3108895122
 20
25792.503571480876
  0
LINE
  5
21CDD
330
1F
100
AcDbEntity
  8
A05_Bemaßung
100
AcDbLine
 10
96000.3108895122
 20
26886.503571480876
 30
0.0
 11
96000.3108895122
 21
25573.503571480876
 31
0.0
  0
LINE
  5
21CDF
330
1F
100
AcDbEntity
  8
A05_Bemaßung
100
AcDbLine
 10
96000.3108895122
 20
26011.503571480876
 30
0.0
 11
102000.3108895122
 21
26011.503571480876
 31
0.0
  0
LWPOLYLINE
  5
21CE0
330
1F
100
AcDbEntity
  8
A05_Bemaßung
100
AcDbPolyline
 90
3
 70
0
 10
96875.3108895122
 20
25792.503571480876
 10
96000.3108895122
 20
26011.503571480876
 10
96875.3108895122
 20
26230.503571480876
  0
LWPOLYLINE
  5
21CE1
330
1F
100
AcDbEntity
  8
A05_Bemaßung
100
AcDbPolyline
 90
3
 70
0
 10
101125.3108895122
 20
26230.503571480876
 10
102000.3108895122
 20
26011.503571480876
 10
101125.3108895122
 20
25792.503571480876
  0
LINE
  5
21CE2
330
1F
100
AcDbEntity
  8
A05_Bemaßung
100
AcDbLine
 10
102000.3108895122
 20
26886.503571480876
 30
0.0
 11
102000.3108895122
 21
25573.503571480876
 31
0.0
  0
LINE
  5
21CE4
330
1F
100
AcDbEntity
  8
A05_Bemaßung
100
AcDbLine
 10
102000.3108895122
 20
26011.503571480876
 30
0.0
 11
108000.31088951221
 21
26011.503571480876
 31
0.0
  0
LWPOLYLINE
  5
21CE5
330
1F
100
AcDbEntity
  8
A05_Bemaßung
100
AcDbPolyline
 90
3
 70
0
 10
102875.3108895122
 20
25792.503571480876
 10
102000.3108895122
 20
26011.503571480876
 10
102875.3108895122
 20
26230.503571480876
  0
LWPOLYLINE
  5
21CE6
330
1F
100
AcDbEntity
  8
A05_Bemaßung
100
AcDbPolyline
 90
3
 70
0
 10
107125.31088951221
 20
26230.503571480876
 10
108000.31088951221
 20
26011.503571480876
 10
107125.31088951221
 20
25792.503571480876
  0
LINE
  5
21CE7
330
1F
100
AcDbEntity
  8
A05_Bemaßung
100
AcDbLine
 10
108000.31088951221
 20
26886.503571480876
 30
0.0
 11
108000.31088951221
 21
25573.503571480876
 31
0.0
  0
LINE
  5
21CE9
330
1F
100
AcDbEntity
  8
A05_Bemaßung
100
AcDbLine
 10
108000.31088951221
 20
26011.503571480876
 30
0.0
 11
114000.31088951221
 21
26011.503571480876
 31
0.0
  0
LWPOLYLINE
  5
21CEA
330
1F
100
AcDbEntity
  8
A05_Bemaßung
100
AcDbPolyline
 90
3
 70
0
 10
108875.31088951221
 20
25792.503571480876
 10
108000.31088951221
 20
26011.503571480876
 10
108875.31088951221
 20
26230.503571480876
  0
LWPOLYLINE
  5
21CEB
330
1F
100
AcDbEntity
  8
A05_Bemaßung
100
AcDbPolyline
 90
3
 70
0
 10
113125.31088951221
 20
26230.503571480876
 10
114000.31088951221
 20
26011.503571480876
 10
113125.31088951221
 20
25792.503571480876
  0
LINE
  5
21CEC
330
1F
100
AcDbEntity
  8
A05_Bemaßung
100
AcDbLine
 10
114000.31088951221
 20
26886.503571480876
 30
0.0
 11
114000.31088951221
 21
25573.503571480876
 31
0.0
  0
LINE
  5
21CEE
330
1F
100
AcDbEntity
  8
A05_Bemaßung
100
AcDbLine
 10
114120.31088951221
 20
26012.503571480876
 30
0.0
 11
120120.31088951221
 21
26012.503571480876
 31
0.0
  0
LWPOLYLINE
  5
21CEF
330
1F
100
AcDbEntity
  8
A05_Bemaßung
100
AcDbPolyline
 90
3
 70
0
 10
114995.31088951221
 20
25793.503571480876
 10
114120.31088951221
 20
26012.503571480876
 10
114995.31088951221
 20
26231.503571480876
  0
LWPOLYLINE
  5
21CF0
330
1F
100
AcDbEntity
  8
A05_Bemaßung
100
AcDbPolyline
 90
3
 70
0
 10
119245.31088951221
 20
26231.503571480876
 10
120120.31088951221
 20
26012.503571480876
 10
119245.31088951221
 20
25793.503571480876
  0
LINE
  5
21CF1
330
1F
100
AcDbEntity
  8
A05_Bemaßung
100
AcDbLine
 10
114120.31088951221
 20
26887.503571480876
 30
0.0
 11
114120.31088951221
 21
25574.503571480876
 31
0.0
  0
LINE
  5
21CF2
330
1F
100
AcDbEntity
  8
A05_Bemaßung
100
AcDbLine
 10
120120.31088951221
 20
26887.503571480876
 30
0.0
 11
120120.31088951221
 21
25574.503571480876
 31
0.0
  0
LINE
  5
21CF4
330
1F
100
AcDbEntity
  8
A05_Bemaßung
100
AcDbLine
 10
124920.31088951221
 20
26008.503571480876
 30
0.0
 11
132120.3108895122
 21
26008.503571480876
 31
0.0
  0
LWPOLYLINE
  5
21CF5
330
1F
100
AcDbEntity
  8
A05_Bemaßung
100
AcDbPolyline
 90
3
 70
0
 10
125795.31088951221
 20
25789.503571480876
 10
124920.31088951221
 20
26008.503571480876
 10
125795.31088951221
 20
26227.503571480876
  0
LWPOLYLINE
  5
21CF6
330
1F
100
AcDbEntity
  8
A05_Bemaßung
100
AcDbPolyline
 90
3
 70
0
 10
131245.3108895122
 20
26227.503571480876
 10
132120.3108895122
 20
26008.503571480876
 10
131245.3108895122
 20
25789.503571480876
  0
LINE
  5
21CF7
330
1F
100
AcDbEntity
  8
A05_Bemaßung
100
AcDbLine
 10
124920.31088951221
 20
26883.503571480876
 30
0.0
 11
124920.31088951221
 21
25570.503571480876
 31
0.0
  0
LINE
  5
21CF8
330
1F
100
AcDbEntity
  8
A05_Bemaßung
100
AcDbLine
 10
132120.3108895122
 20
26883.503571480876
 30
0.0
 11
132120.3108895122
 21
25570.503571480876
 31
0.0
  0
LINE
  5
21CFA
330
1F
100
AcDbEntity
  8
A05_Bemaßung
100
AcDbLine
 10
132120.3108895122
 20
26008.503571480876
 30
0.0
 11
139430.3108895122
 21
26008.503571480876
 31
0.0
  0
LWPOLYLINE
  5
21CFB
330
1F
100
AcDbEntity
  8
A05_Bemaßung
100
AcDbPolyline
 90
3
 70
0
 10
132995.3108895122
 20
25789.503571480876
 10
132120.3108895122
 20
26008.503571480876
 10
132995.3108895122
 20
26227.503571480876
  0
LWPOLYLINE
  5
21CFC
330
1F
100
AcDbEntity
  8
A05_Bemaßung
100
AcDbPolyline
 90
3
 70
0
 10
138555.3108895122
 20
26227.503571480876
 10
139430.3108895122
 20
26008.503571480876
 10
138555.3108895122
 20
25789.503571480876
  0
LINE
  5
21CFD
330
1F
100
AcDbEntity
  8
A05_Bemaßung
100
AcDbLine
 10
139430.3108895122
 20
26883.503571480876
 30
0.0
 11
139430.3108895122
 21
25570.503571480876
 31
0.0
  0
LINE
  5
21CFE
330
1F
100
AcDbEntity
  8
A05_Bemaßung
100
AcDbLine
 10
139430.3108895122
 20
26008.503571480876
 30
0.0
 11
145450.3108895122
 21
26008.503571480876
 31
0.0
  0
LWPOLYLINE
  5
21CFF
330
1F
100
AcDbEntity
  8
A05_Bemaßung
100
AcDbPolyline
 90
3
 70
0
 10
140305.3108895122
 20
25789.503571480876
 10
139430.3108895122
 20
26008.503571480876
 10
140305.3108895122
 20
26227.503571480876
  0
LWPOLYLINE
  5
21D00
330
1F
100
AcDbEntity
  8
A05_Bemaßung
100
AcDbPolyline
 90
3
 70
0
 10
144575.3108895122
 20
26227.503571480876
 10
145450.3108895122
 20
26008.503571480876
 10
144575.3108895122
 20
25789.503571480876
  0
LINE
  5
21D01
330
1F
100
AcDbEntity
  8
A05_Bemaßung
100
AcDbLine
 10
145450.3108895122
 20
26883.503571480876
 30
0.0
 11
145450.3108895122
 21
25570.503571480876
 31
0.0
  0
LINE
  5
21D03
330
1F
100
AcDbEntity
  8
A05_Bemaßung
100
AcDbLine
 10
121320.31088951221
 20
26008.503571480876
 30
0.0
 11
124920.31088951221
 21
26008.503571480876
 31
0.0
  0
LINE
  5
21D04
330
1F
100
AcDbEntity
  8
A05_Bemaßung
100
AcDbLine
 10
125358.31088951221
 20
26008.503571480876
 30
0.0
 11
124920.31088951221
 21
26008.503571480876
 31
0.0
  0
LWPOLYLINE
  5
21D05
330
1F
100
AcDbEntity
  8
A05_Bemaßung
100
AcDbPolyline
 90
3
 70
0
 10
124057.31088951221
 20
26227.503571480876
 10
124932.31088951221
 20
26008.503571480876
 10
124057.31088951221
 20
25789.503571480876
  0
LWPOLYLINE
  5
21D06
330
1F
100
AcDbEntity
  8
A05_Bemaßung
100
AcDbPolyline
 90
3
 70
0
 10
125795.31088951221
 20
25789.503571480876
 10
124920.31088951221
 20
26008.503571480876
 10
125795.31088951221
 20
26227.503571480876
  0
LINE
  5
21D07
330
1F
100
AcDbEntity
  8
A05_Bemaßung
100
AcDbLine
 10
121320.31088951221
 20
26883.503571480876
 30
0.0
 11
121320.31088951221
 21
25570.503571480876
 31
0.0
  0
LINE
  5
21D08
330
1F
100
AcDbEntity
  8
A05_Bemaßung
100
AcDbLine
 10
124920.31088951221
 20
26883.503571480876
 30
0.0
 11
124920.31088951221
 21
25570.503571480876
 31
0.0
  0
LINE
  5
21D0A
330
1F
100
AcDbEntity
  8
A05_Bemaßung
100
AcDbLine
 10
116433.31088951221
 20
26011.503571480876
 30
0.0
 11
120120.31088951221
 21
26011.503571480876
 31
0.0
  0
LINE
  5
21D0B
330
1F
100
AcDbEntity
  8
A05_Bemaßung
100
AcDbLine
 10
121758.31088951221
 20
26011.503571480876
 30
0.0
 11
121320.31088951221
 21
26011.503571480876
 31
0.0
  0
LWPOLYLINE
  5
21D0C
330
1F
100
AcDbEntity
  8
A05_Bemaßung
100
AcDbPolyline
 90
3
 70
0
 10
120449.31088951221
 20
26226.503571480876
 10
121324.31088951221
 20
26007.503571480876
 10
120449.31088951221
 20
25788.503571480876
  0
LWPOLYLINE
  5
21D0D
330
1F
100
AcDbEntity
  8
A05_Bemaßung
100
AcDbPolyline
 90
3
 70
0
 10
120983.31088951221
 20
25796.503571480876
 10
120108.31088951221
 20
26015.503571480876
 10
120983.31088951221
 20
26234.503571480876
  0
LINE
  5
21D0E
330
1F
100
AcDbEntity
  8
A05_Bemaßung
100
AcDbLine
 10
120120.31088951221
 20
26886.503571480876
 30
0.0
 11
120120.31088951221
 21
25573.503571480876
 31
0.0
  0
LINE
  5
21D0F
330
1F
100
AcDbEntity
  8
A05_Bemaßung
100
AcDbLine
 10
121320.31088951221
 20
26886.503571480876
 30
0.0
 11
121320.31088951221
 21
25573.503571480876
 31
0.0
  0
LWPOLYLINE
  5
21D10
330
1F
100
AcDbEntity
  8
A05_Bemaßung
100
AcDbPolyline
 90
3
 70
0
 10
122195.31088951221
 20
25789.503571480876
 10
121320.31088951221
 20
26008.503571480876
 10
122195.31088951221
 20
26227.503571480876
  0
LINE
  5
21D12
330
1F
100
AcDbEntity
  8
A05_Bemaßung
100
AcDbLine
 10
111182.31088951221
 20
26012.503571480876
 30
0.0
 11
114000.31088951221
 21
26012.503571480876
 31
0.0
  0
LINE
  5
21D13
330
1F
100
AcDbEntity
  8
A05_Bemaßung
100
AcDbLine
 10
114558.31088951221
 20
26012.503571480876
 30
0.0
 11
114120.31088951221
 21
26012.503571480876
 31
0.0
  0
LWPOLYLINE
  5
21D14
330
1F
100
AcDbEntity
  8
A05_Bemaßung
100
AcDbPolyline
 90
3
 70
0
 10
113125.31088951221
 20
26231.503571480876
 10
114000.31088951221
 20
26012.503571480876
 10
113125.31088951221
 20
25793.503571480876
  0
LWPOLYLINE
  5
21D15
330
1F
100
AcDbEntity
  8
A05_Bemaßung
100
AcDbPolyline
 90
3
 70
0
 10
114995.31088951221
 20
25793.503571480876
 10
114120.31088951221
 20
26012.503571480876
 10
114995.31088951221
 20
26231.503571480876
  0
LINE
  5
21D16
330
1F
100
AcDbEntity
  8
A05_Bemaßung
100
AcDbLine
 10
114000.31088951221
 20
26887.503571480876
 30
0.0
 11
114000.31088951221
 21
25574.503571480876
 31
0.0
  0
LINE
  5
21D17
330
1F
100
AcDbEntity
  8
A05_Bemaßung
100
AcDbLine
 10
114120.31088951221
 20
26887.503571480876
 30
0.0
 11
114120.31088951221
 21
25574.503571480876
 31
0.0
  0
LINE
  5
21D19
330
1F
100
AcDbEntity
  8
A05_Bemaßung
100
AcDbLine
 10
-6798.823407946729
 20
0.380263129613013
 30
0.0
 11
-5485.823407946729
 21
0.380263129613013
 31
0.0
  0
TEXT
  5
21D1A
330
1F
100
AcDbEntity
  8
A05_Bemaßung
100
AcDbText
 10
-6861.623487914741
 20
2603.614515603651
 30
0.0
 40
875.0
  1
1%%c%%c%%c%%c
 50
90.0
  7
1
 41
0.5419720165400842
100
AcDbText
  0
LINE
  5
21D1B
330
1F
100
AcDbEntity
  8
A05_Bemaßung
100
AcDbLine
 10
-5923.823407946729
 20
0.380263129613013
 30
0.0
 11
-5923.823407946729
 21
10000.380263129613
 31
0.0
  0
LWPOLYLINE
  5
21D1C
330
1F
100
AcDbEntity
  8
A05_Bemaßung
100
AcDbPolyline
 90
3
 70
0
 10
-5704.823407946729
 20
875.380263129613
 10
-5923.823407946729
 20
0.380263129613013
 10
-6142.823407946729
 20
875.380263129613
  0
LWPOLYLINE
  5
21D1D
330
1F
100
AcDbEntity
  8
A05_Bemaßung
100
AcDbPolyline
 90
3
 70
0
 10
-6142.823407946729
 20
9125.380263129613
 10
-5923.823407946729
 20
10000.380263129613
 10
-5704.823407946729
 20
9125.380263129613
  0
LINE
  5
21D1E
330
1F
100
AcDbEntity
  8
A05_Bemaßung
100
AcDbLine
 10
-6798.823407946729
 20
10000.380263129613
 30
0.0
 11
-5485.823407946729
 21
10000.380263129613
 31
0.0
  0
TEXT
  5
21D1F
330
1F
100
AcDbEntity
  8
A05_Bemaßung
100
AcDbText
 10
-6861.623487914741
 20
14694.209936651183
 30
0.0
 40
875.0
  1
1%%c%%c%%c%%c
 50
90.0
  7
1
 41
0.5419720165400842
100
AcDbText
  0
LINE
  5
21D20
330
1F
100
AcDbEntity
  8
A05_Bemaßung
100
AcDbLine
 10
-5923.823407946729
 20
10000.380263129613
 30
0.0
 11
-5923.823407946729
 21
20000.380263129613
 31
0.0
  0
LWPOLYLINE
  5
21D21
330
1F
100
AcDbEntity
  8
A05_Bemaßung
100
AcDbPolyline
 90
3
 70
0
 10
-5704.823407946729
 20
10875.380263129613
 10
-5923.823407946729
 20
10000.380263129613
 10
-6142.823407946729
 20
10875.380263129613
  0
LWPOLYLINE
  5
21D22
330
1F
100
AcDbEntity
  8
A05_Bemaßung
100
AcDbPolyline
 90
3
 70
0
 10
-6142.823407946729
 20
19125.380263129613
 10
-5923.823407946729
 20
20000.380263129613
 10
-5704.823407946729
 20
19125.380263129613
  0
LINE
  5
21D23
330
1F
100
AcDbEntity
  8
A05_Bemaßung
100
AcDbLine
 10
-6798.823407946729
 20
20000.380263129613
 30
0.0
 11
-5485.823407946729
 21
20000.380263129613
 31
0.0
  0
TEXT
  5
21D24
330
1F
100
AcDbEntity
  8
A05_Bemaßung
100
AcDbText
 10
-7848.561604011578
 20
6530.148540700335
 30
0.0
 40
875.0
  1
98%%c
 50
90.0
  7
1
 41
0.8173422360379156
100
AcDbText
  0
LINE
  5
21D25
330
1F
100
AcDbEntity
  8
A05_Bemaßung
100
AcDbLine
 10
-7293.959562311669
 20
5871.380263129613
 30
0.0
 11
-7293.959562311669
 21
9020.380263129613
 31
0.0
  0
LWPOLYLINE
  5
21D26
330
1F
100
AcDbEntity
  8
A05_Bemaßung
100
AcDbPolyline
 90
3
 70
0
 10
-7512.959562311658
 20
8145.380263129613
 10
-7293.959562311669
 20
9020.380263129613
 10
-7074.959562311658
 20
8145.380263129613
  0
LWPOLYLINE
  5
21D27
330
1F
100
AcDbEntity
  8
A05_Bemaßung
100
AcDbPolyline
 90
3
 70
0
 10
-7074.959562311658
 20
10875.380263129613
 10
-7293.959562311669
 20
10000.380263129613
 10
-7512.959562311658
 20
10875.380263129613
  0
LINE
  5
21D28
330
1F
100
AcDbEntity
  8
A05_Bemaßung
100
AcDbLine
 10
-6418.959562311658
 20
9020.380263129613
 30
0.0
 11
-7731.959562311658
 21
9020.380263129613
 31
0.0
  0
LINE
  5
21D29
330
1F
100
AcDbEntity
  8
A05_Bemaßung
100
AcDbLine
 10
-6418.959562311658
 20
10000.380263129613
 30
0.0
 11
-7731.959562311658
 21
10000.380263129613
 31
0.0
  0
LINE
  5
21D2A
330
1F
100
AcDbEntity
  8
A05_Bemaßung
100
AcDbLine
 10
-7293.959562311669
 20
10000.380263129613
 30
0.0
 11
-7293.959562311669
 21
13149.380263129613
 31
0.0
  0
LINE
  5
21D2B
330
1F
100
AcDbEntity
  8
A05_Bemaßung
100
AcDbLine
 10
149449.619138689
 20
-9.619736870270572
 30
0.0
 11
148136.619138689
 21
-9.619736870270572
 31
0.0
  0
TEXT
  5
21D2C
330
1F
100
AcDbEntity
  8
A05_Bemaßung
100
AcDbText
 10
149994.9899537808
 20
4677.330283121686
 30
0.0
 40
875.0
  1
572%%c
 50
90.0
  7
1
 41
0.8718317184404433
100
AcDbText
  0
LINE
  5
21D2D
330
1F
100
AcDbEntity
  8
A05_Bemaßung
100
AcDbLine
 10
148577.619138689
 20
3290.3802631297294
 30
0.0
 11
148577.619138689
 21
9010.38026312973
 31
0.0
  0
LWPOLYLINE
  5
21D2E
330
1F
100
AcDbEntity
  8
A05_Bemaßung
100
AcDbPolyline
 90
3
 70
0
 10
148796.619138689
 20
4165.380263129729
 10
148577.619138689
 20
3290.3802631297294
 10
148358.619138689
 20
4165.380263129729
  0
LWPOLYLINE
  5
21D2F
330
1F
100
AcDbEntity
  8
A05_Bemaßung
100
AcDbPolyline
 90
3
 70
0
 10
148358.619138689
 20
8135.380263129729
 10
148577.619138689
 20
9010.38026312973
 10
148796.619138689
 20
8135.380263129729
  0
LINE
  5
21D30
330
1F
100
AcDbEntity
  8
A05_Bemaßung
100
AcDbLine
 10
149452.619138689
 20
3290.3802631297294
 30
0.0
 11
148139.619138689
 21
3290.3802631297294
 31
0.0
  0
LINE
  5
21D31
330
1F
100
AcDbEntity
  8
A05_Bemaßung
100
AcDbLine
 10
149452.619138689
 20
9010.38026312973
 30
0.0
 11
148139.619138689
 21
9010.38026312973
 31
0.0
  0
TEXT
  5
21D32
330
1F
100
AcDbEntity
  8
A05_Bemaßung
100
AcDbText
 10
149994.9899537808
 20
16145.330283121686
 30
0.0
 40
875.0
  1
513%%c
 50
90.0
  7
1
 41
0.7575917001620404
100
AcDbText
  0
LINE
  5
21D33
330
1F
100
AcDbEntity
  8
A05_Bemaßung
100
AcDbLine
 10
148577.619138689
 20
14860.38026312973
 30
0.0
 11
148577.619138689
 21
19990.38026312973
 31
0.0
  0
LWPOLYLINE
  5
21D34
330
1F
100
AcDbEntity
  8
A05_Bemaßung
100
AcDbPolyline
 90
3
 70
0
 10
148796.619138689
 20
15735.38026312973
 10
148577.619138689
 20
14860.38026312973
 10
148358.619138689
 20
15735.38026312973
  0
LWPOLYLINE
  5
21D35
330
1F
100
AcDbEntity
  8
A05_Bemaßung
100
AcDbPolyline
 90
3
 70
0
 10
148358.619138689
 20
19115.380263129715
 10
148577.619138689
 20
19990.38026312973
 10
148796.619138689
 20
19115.380263129715
  0
LINE
  5
21D36
330
1F
100
AcDbEntity
  8
A05_Bemaßung
100
AcDbLine
 10
149452.619138689
 20
14860.38026312973
 30
0.0
 11
148139.619138689
 21
14860.38026312973
 31
0.0
  0
LINE
  5
21D37
330
1F
100
AcDbEntity
  8
A05_Bemaßung
100
AcDbLine
 10
149452.619138689
 20
19990.38026312973
 30
0.0
 11
148139.619138689
 21
19990.38026312973
 31
0.0
  0
TEXT
  5
21D38
330
1F
100
AcDbEntity
  8
A05_Bemaßung
100
AcDbText
 10
149994.9899537808
 20
428.3302831216861
 30
0.0
 40
875.0
  1
33%%c%%c
 50
90.0
  7
1
 41
0.7265264320337029
100
AcDbText
  0
LINE
  5
21D39
330
1F
100
AcDbEntity
  8
A05_Bemaßung
100
AcDbLine
 10
148576.619138689
 20
-9.619736870270572
 30
0.0
 11
148576.619138689
 21
3290.3802631297294
 31
0.0
  0
LINE
  5
21D3A
330
1F
100
AcDbEntity
  8
A05_Bemaßung
100
AcDbLine
 10
148576.619138689
 20
3728.3802631297294
 30
0.0
 11
148576.619138689
 21
3290.3802631297294
 31
0.0
  0
LWPOLYLINE
  5
21D3B
330
1F
100
AcDbEntity
  8
A05_Bemaßung
100
AcDbPolyline
 90
3
 70
0
 10
148359.619138689
 20
2423.380263129715
 10
148578.619138689
 20
3298.3802631297294
 10
148797.619138689
 20
2423.380263129715
  0
LWPOLYLINE
  5
21D3C
330
1F
100
AcDbEntity
  8
A05_Bemaßung
100
AcDbPolyline
 90
3
 70
0
 10
148792.619138689
 20
865.3802631297294
 10
148573.619138689
 20
-9.619736870270572
 10
148354.619138689
 20
865.3802631297294
  0
LINE
  5
21D3D
330
1F
100
AcDbEntity
  8
A05_Bemaßung
100
AcDbLine
 10
149451.619138689
 20
-9.619736870270572
 30
0.0
 11
148138.619138689
 21
-9.619736870270572
 31
0.0
  0
LINE
  5
21D3E
330
1F
100
AcDbEntity
  8
A05_Bemaßung
100
AcDbLine
 10
149451.619138689
 20
3290.3802631297294
 30
0.0
 11
148138.619138689
 21
3290.3802631297294
 31
0.0
  0
TEXT
  5
21D3F
330
1F
100
AcDbEntity
  8
A05_Bemaßung
100
AcDbText
 10
149994.9899537808
 20
11298.330283121686
 30
0.0
 40
875.0
  1
428%%c
 50
90.0
  7
1
 41
0.857551716155643
100
AcDbText
  0
LINE
  5
21D40
330
1F
100
AcDbEntity
  8
A05_Bemaßung
100
AcDbLine
 10
148579.619138689
 20
10580.38026312973
 30
0.0
 11
148579.619138689
 21
14860.38026312973
 31
0.0
  0
LINE
  5
21D41
330
1F
100
AcDbEntity
  8
A05_Bemaßung
100
AcDbLine
 10
148579.619138689
 20
15298.380263129715
 30
0.0
 11
148579.619138689
 21
14860.38026312973
 31
0.0
  0
LWPOLYLINE
  5
21D42
330
1F
100
AcDbEntity
  8
A05_Bemaßung
100
AcDbPolyline
 90
3
 70
0
 10
148360.619138689
 20
9705.38026312973
 10
148579.619138689
 20
10580.38026312973
 10
148798.619138689
 20
9705.38026312973
  0
LWPOLYLINE
  5
21D43
330
1F
100
AcDbEntity
  8
A05_Bemaßung
100
AcDbPolyline
 90
3
 70
0
 10
148798.619138689
 20
15735.38026312973
 10
148579.619138689
 20
14860.38026312973
 10
148360.619138689
 20
15735.38026312973
  0
LINE
  5
21D44
330
1F
100
AcDbEntity
  8
A05_Bemaßung
100
AcDbLine
 10
149454.619138689
 20
10580.38026312973
 30
0.0
 11
148141.619138689
 21
10580.38026312973
 31
0.0
  0
LINE
  5
21D45
330
1F
100
AcDbEntity
  8
A05_Bemaßung
100
AcDbLine
 10
149454.619138689
 20
14860.38026312973
 30
0.0
 11
148141.619138689
 21
14860.38026312973
 31
0.0
  0
TEXT
  5
21D46
330
1F
100
AcDbEntity
  8
A05_Bemaßung
100
AcDbText
 10
149966.3167641491
 20
21839.622646970223
 30
0.0
 40
875.0
  1
59%%c
 50
90.0
  7
1
 41
0.8173422360379156
100
AcDbText
  0
LINE
  5
21D47
330
1F
100
AcDbEntity
  8
A05_Bemaßung
100
AcDbLine
 10
148577.619138689
 20
19990.38026312973
 30
0.0
 11
148577.619138689
 21
20580.380263129715
 31
0.0
  0
LINE
  5
21D48
330
1F
100
AcDbEntity
  8
A05_Bemaßung
100
AcDbLine
 10
148577.619138689
 20
23841.069948993172
 30
0.0
 11
148577.619138689
 21
20580.380263129715
 31
0.0
  0
LWPOLYLINE
  5
21D49
330
1F
100
AcDbEntity
  8
A05_Bemaßung
100
AcDbPolyline
 90
3
 70
0
 10
148358.619138689
 20
19115.380263129715
 10
148577.619138689
 20
19990.38026312973
 10
148796.619138689
 20
19115.380263129715
  0
LWPOLYLINE
  5
21D4A
330
1F
100
AcDbEntity
  8
A05_Bemaßung
100
AcDbPolyline
 90
3
 70
0
 10
148796.619138689
 20
21455.380263129715
 10
148577.619138689
 20
20580.380263129715
 10
148358.619138689
 20
21455.380263129715
  0
LINE
  5
21D4B
330
1F
100
AcDbEntity
  8
A05_Bemaßung
100
AcDbLine
 10
149452.619138689
 20
19990.38026312973
 30
0.0
 11
148139.619138689
 21
19990.38026312973
 31
0.0
  0
LINE
  5
21D4C
330
1F
100
AcDbEntity
  8
A05_Bemaßung
100
AcDbLine
 10
149452.619138689
 20
20580.380263129715
 30
0.0
 11
148139.619138689
 21
20580.380263129715
 31
0.0
  0
TEXT
  5
21D4D
330
1F
100
AcDbEntity
  8
A05_Bemaßung
100
AcDbText
 10
150662.3386158632
 20
8733.47744335189
 30
0.0
 40
875.0
  1
157%%c
 50
90.0
  7
1
 41
0.7575917001620404
100
AcDbText
  0
LINE
  5
21D4E
330
1F
100
AcDbEntity
  8
A05_Bemaßung
100
AcDbLine
 10
148578.619138689
 20
9010.38026312973
 30
0.0
 11
148578.619138689
 21
10580.38026312973
 31
0.0
  0
LINE
  5
21D4F
330
1F
100
AcDbEntity
  8
A05_Bemaßung
100
AcDbLine
 10
148578.619138689
 20
11018.38026312973
 30
0.0
 11
148578.619138689
 21
10580.38026312973
 31
0.0
  0
LWPOLYLINE
  5
21D50
330
1F
100
AcDbEntity
  8
A05_Bemaßung
100
AcDbPolyline
 90
3
 70
0
 10
148359.619138689
 20
8135.380263129729
 10
148578.619138689
 20
9010.38026312973
 10
148797.619138689
 20
8135.380263129729
  0
LWPOLYLINE
  5
21D51
330
1F
100
AcDbEntity
  8
A05_Bemaßung
100
AcDbPolyline
 90
3
 70
0
 10
148797.619138689
 20
11455.38026312973
 10
148578.619138689
 20
10580.38026312973
 10
148359.619138689
 20
11455.38026312973
  0
LINE
  5
21D52
330
1F
100
AcDbEntity
  8
A05_Bemaßung
100
AcDbLine
 10
149453.619138689
 20
9010.38026312973
 30
0.0
 11
148140.619138689
 21
9010.38026312973
 31
0.0
  0
LINE
  5
21D53
330
1F
100
AcDbEntity
  8
A05_Bemaßung
100
AcDbLine
 10
149453.619138689
 20
10580.38026312973
 30
0.0
 11
148140.619138689
 21
10580.38026312973
 31
0.0
  0
TEXT
  5
23EA1
330
1F
100
AcDbEntity
  8
A06_Text
370
25
 48
0.25
100
AcDbText
 10
-234.61892883104883
 20
16218.29655112898
 30
0.0
 40
500.0
  1
KT10
100
AcDbText
  0
TEXT
  5
23EA2
330
1F
100
AcDbEntity
  8
A06_Text
370
25
 48
0.25
100
AcDbText
 10
-1379.9595562100585
 20
18058.21404194391
 30
0.0
 40
300.0
  1
Kühlturm
100
AcDbText
  0
LWPOLYLINE
  5
23EA3
330
1F
100
AcDbEntity
  8
A0_Grundriß
100
AcDbPolyline
 90
4
 70
1
 10
2690.3159859180996
 20
14595.169883055627
 10
-1489.6840140819295
 20
14595.169883055627
 10
-1489.6840140819295
 20
18475.169883055627
 10
2690.3159859180996
 20
18475.169883055627
  0
LWPOLYLINE
  5
23EA4
330
1F
100
AcDbEntity
  8
A0_Grundriß
100
AcDbPolyline
 90
4
 70
1
 10
-1599.6840140819295
 20
18585.169883055627
 10
2800.3159859180996
 20
18585.169883055627
 10
2800.3159859180996
 20
14485.169883055627
 10
-1599.6840140819295
 20
14485.169883055627
  0
LINE
  5
242C0
330
1F
100
AcDbEntity
  8
A06_Text
100
AcDbLine
 10
18281.61746258323
 20
13100.88206134492
 30
0.0
 11
16848.617662683937
 21
13100.88206134492
 31
0.0
  0
LINE
  5
242C1
330
1F
100
AcDbEntity
  8
A06_Text
100
AcDbLine
 10
16848.617662683937
 20
13100.88206134492
 30
0.0
 11
16848.617662683937
 21
12466.797343765385
 31
0.0
  0
LINE
  5
242C2
330
1F
100
AcDbEntity
  8
A06_Text
100
AcDbLine
 10
16848.617662683937
 20
12466.797343765385
 30
0.0
 11
18281.61746258323
 21
12466.797343765385
 31
0.0
  0
LINE
  5
242C3
330
1F
100
AcDbEntity
  8
A06_Text
100
AcDbLine
 10
18281.61746258323
 20
12466.797343765385
 30
0.0
 11
18281.61746258323
 21
13100.88206134492
 31
0.0
  0
TEXT
  5
242C4
330
1F
100
AcDbEntity
  8
A06_Text
100
AcDbText
 10
17202.16618293756
 20
12563.925029876526
 30
0.0
 40
450.0
  1
43
100
AcDbText
  0
LINE
  5
243D8
330
1F
100
AcDbEntity
  8
A06_Text
100
AcDbLine
 10
28687.248256307612
 20
9840.061186147563
 30
0.0
 11
26760.30990342045
 21
9840.061186147563
 31
0.0
  0
LINE
  5
243D9
330
1F
100
AcDbEntity
  8
A06_Text
100
AcDbLine
 10
26760.30990342045
 20
9840.061186147563
 30
0.0
 11
26760.30990342045
 21
9205.976468568027
 31
0.0
  0
LINE
  5
243DA
330
1F
100
AcDbEntity
  8
A06_Text
100
AcDbLine
 10
26760.30990342045
 20
9205.976468568027
 30
0.0
 11
28687.248256307612
 21
9205.976468568027
 31
0.0
  0
LINE
  5
243DB
330
1F
100
AcDbEntity
  8
A06_Text
100
AcDbLine
 10
28687.248256307612
 20
9205.976468568027
 30
0.0
 11
28687.248256307612
 21
9840.061186147563
 31
0.0
  0
TEXT
  5
243DC
330
1F
100
AcDbEntity
  8
A06_Text
100
AcDbText
 10
26894.63321465317
 20
9303.104154679153
 30
0.0
 40
450.0
  1
Boiler
100
AcDbText
  0
ENDSEC
  0
SECTION
  2
OBJECTS
  0
DICTIONARY
  5
C
330
0
100
AcDbDictionary
281
1
  3
ACAD_BACKGROUND
350
24AD6
  3
ACAD_CIP_PREVIOUS_PRODUCT_INFO
350
23FE1
  3
ACAD_COLOR
350
6B
  3
ACAD_DETAILVIEWSTYLE
350
23FD4
  3
ACAD_GROUP
350
D
  3
ACAD_IMAGE_DICT
350
24CEF
  3
ACAD_IMAGE_VARS
350
24CF3
  3
ACAD_LAYOUT
350
1A
  3
ACAD_MATERIAL
350
6A
  3
ACAD_MLEADERSTYLE
350
12D
  3
ACAD_MLINESTYLE
350
17
  3
ACAD_PLOTSETTINGS
350
19
  3
ACAD_PLOTSTYLENAME
350
E
  3
ACAD_RENDER_RAPIDRT_SETTINGS
350
24869
  3
ACAD_SCALELIST
350
10C
  3
ACAD_SECTIONVIEWSTYLE
350
23FD2
  3
ACAD_TABLESTYLE
350
7E
  3
ACAD_VISUALSTYLE
350
EF
  3
ACDB_RECOMPOSE_DATA
350
24D59
  3
AcDbVariableDictionary
350
5E
  3
AcDsDecomposeData
350
24D5F
  3
AEC_PROPERTY_SET_DEFS
350
2650
  3
EZDXF_META
350
24DA8
  0
DICTIONARY
  5
85A
330
2
100
AcDbDictionary
280
1
281
1
  3
ACAD_LAYERSTATES
360
85B
  0
DICTIONARY
  5
13C
330
10
100
AcDbDictionary
280
1
281
1
  0
DICTIONARY
  5
849
330
848
100
AcDbDictionary
280
1
281
1
  0
DICTIONARY
  5
C00B
330
C00A
100
AcDbDictionary
280
1
281
1
  0
DICTIONARY
  5
C00D
330
C00C
100
AcDbDictionary
280
1
281
1
  0
DICTIONARY
  5
C015
330
C014
100
AcDbDictionary
280
1
281
1
  0
DICTIONARY
  5
C017
330
C016
100
AcDbDictionary
280
1
281
1
  0
DICTIONARY
  5
1CE
330
1F
100
AcDbDictionary
280
1
281
1
  3
ACAD_SORTENTS
360
1266E
  0
DICTIONARY
  5
4721
330
D2
100
AcDbDictionary
280
1
281
1
  3
ACAD_SORTENTS
360
4722
  0
DICTIONARY
  5
24AD6
102
{ACAD_REACTORS
330
C
102
}
330
C
100
AcDbDictionary
281
1
  0
XRECORD
  5
23FE1
102
{ACAD_REACTORS
330
C
102
}
330
C
100
AcDbXrecord
280
1
300
ACD
300
2021
300

  0
DICTIONARY
  5
6B
102
{ACAD_REACTORS
330
C
102
}
330
C
100
AcDbDictionary
281
1
  0
DICTIONARY
  5
23FD4
102
{ACAD_REACTORS
330
C
102
}
330
C
100
AcDbDictionary
281
1
  3
Imperial24
350
24A6F
  3
Metric50
350
23FD5
  0
DICTIONARY
  5
D
102
{ACAD_REACTORS
330
C
102
}
330
C
100
AcDbDictionary
281
1
  0
DICTIONARY
  5
24CEF
102
{ACAD_REACTORS
330
C
102
}
330
C
100
AcDbDictionary
281
1
  3
COOL TECHNOLOGY - vizitka_na fakturu 2
350
24CF0
  0
RASTERVARIABLES
  5
24CF3
102
{ACAD_REACTORS
330
C
102
}
330
C
100
AcDbRasterVariables
 90
0
 70
1
 71
1
 72
1
  0
DICTIONARY
  5
1A
102
{ACAD_REACTORS
330
C
102
}
330
C
100
AcDbDictionary
281
1
  3
6.OG-100_A1
350
D3
  3
Model
350
22
  0
DICTIONARY
  5
6A
102
{ACAD_REACTORS
330
C
102
}
330
C
100
AcDbDictionary
281
1
  3
ByBlock
350
ED
  3
ByLayer
350
EC
  3
Global
350
EE
  0
DICTIONARY
  5
12D
102
{ACAD_REACTORS
330
C
102
}
330
C
100
AcDbDictionary
281
1
  3
Standard
350
12E
  0
DICTIONARY
  5
17
102
{ACAD_REACTORS
330
C
102
}
330
C
100
AcDbDictionary
281
1
  3
Standard
350
18
  0
DICTIONARY
  5
19
102
{ACAD_REACTORS
330
C
102
}
330
C
100
AcDbDictionary
281
1
  0
ACDBDICTIONARYWDFLT
  5
E
102
{ACAD_REACTORS
330
C
102
}
330
C
100
AcDbDictionary
281
1
  3
Normal
350
F
100
AcDbDictionaryWithDefault
340
F
  0
DICTIONARY
  5
24869
102
{ACAD_REACTORS
330
C
102
}
330
C
100
AcDbDictionary
281
1
  3
Coffee-Break Quality
350
2486D
  3
High
350
2486C
  3
Low
350
2486A
  3
Lunch Quality
350
2486E
  3
Medium
350
2486B
  3
Overnight Quality
350
2486F
  0
DICTIONARY
  5
10C
102
{ACAD_REACTORS
330
C
102
}
330
C
100
AcDbDictionary
281
1
  3
A0
350
10D
  3
A1
350
4BAF
  3
A2
350
4BB0
  3
A3
350
4BB1
  3
A4
350
4BB2
  3
A5
350
4BB3
  3
A6
350
4BB4
  3
A7
350
4BB5
  3
A8
350
4BB6
  3
A9
350
4BB7
  3
B0
350
4BB8
  3
B1
350
4BB9
  3
B2
350
4BBA
  3
B3
350
4BBB
  3
B4
350
4BBC
  3
B5
350
4BBD
  3
B6
350
4BBE
  3
B7
350
4BBF
  3
B8
350
4BC0
  3
B9
350
4BC1
  0
DICTIONARY
  5
23FD2
102
{ACAD_REACTORS
330
C
102
}
330
C
100
AcDbDictionary
281
1
  3
Imperial24
350
24A6E
  3
Metric50
350
23FD3
  0
DICTIONARY
  5
7E
102
{ACAD_REACTORS
330
C
102
}
330
C
100
AcDbDictionary
281
1
  3
Standard
350
7F
  0
DICTIONARY
  5
EF
102
{ACAD_REACTORS
330
C
102
}
330
C
100
AcDbDictionary
281
1
  3
2dWireframe
350
F5
  3
3D Hidden
350
F7
  3
3dWireframe
350
F6
  3
Basic
350
F4
  3
Brighten
350
FB
  3
ColorChange
350
FF
  3
Conceptual
350
F8
  3
Dim
350
FA
  3
EdgeColorOff
350
1E6
  3
Facepattern
350
FE
  3
Flat
350
F0
  3
FlatWithEdges
350
F1
  3
Gouraud
350
F2
  3
GouraudWithEdges
350
F3
  3
Hidden
350
23FCC
  3
JitterOff
350
1E4
  3
Linepattern
350
FD
  3
OverhangOff
350
1E5
  3
Realistic
350
F9
  3
Shaded
350
23FD1
  3
Shaded with edges
350
23FD0
  3
Shades of Gray
350
23FCD
  3
Sketchy
350
23FCE
  3
Thicken
350
FC
  3
Wireframe
350
23FCB
  3
X-Ray
350
23FCF
  0
XRECORD
  5
24D59
102
{ACAD_REACTORS
330
C
102
}
330
C
100
AcDbXrecord
280
1
 90
1
330
7F
330
24348
330
24350
330
24353
330
24355
330
24359
330
2435A
330
2435B
330
2435C
330
2444D
330
24450
330
24453
330
24456
330
24459
330
2445F
330
24463
330
24465
330
24467
330
2446A
330
24532
330
24A07
330
24A08
330
24A1D
330
24A1E
330
24AD4
330
24AD5
330
24B46
330
24B49
330
24CF6
330
24CF7
330
24CF8
  0
DICTIONARY
  5
5E
102
{ACAD_REACTORS
330
C
102
}
330
C
100
AcDbDictionary
281
1
  3
CANNOSCALE
350
146
  3
CMLEADERSTYLE
350
145
  3
CTABLESTYLE
350
84
  3
CVIEWDETAILSTYLE
350
2409B
  3
CVIEWSECTIONSTYLE
350
2409C
  3
DIMASSOC
350
5F
  3
HIDETEXT
350
63
  3
LAYEREVAL
350
1AE
  3
LAYERNOTIFY
350
1AF
  0
DICTIONARY
  5
24D5F
102
{ACAD_REACTORS
330
C
102
}
330
C
100
AcDbDictionary
281
1
  3
AcDsRecords
350
24D61
  3
AcDsSchemas
350
24D60
1001
ACAD
1070
2
  0
DICTIONARY
  5
2650
102
{ACAD_REACTORS
330
C
102
}
330
C
100
AcDbDictionary
281
1
  0
DICTIONARY
  5
85B
102
{ACAD_REACTORS
330
85A
102
}
330
85A
100
AcDbDictionary
281
1
  0
SORTENTSTABLE
  5
1266E
102
{ACAD_REACTORS
330
1CE
102
}
330
1CE
100
AcDbSortentsTable
330
1F
331
19AFD
  5
21D51
331
21050
  5
2079F
331
2105C
  5
21050
331
2105D
  5
21D52
331
21905
  5
2105D
331
21906
  5
21903
331
21907
  5
21905
331
21908
  5
21906
331
21909
  5
21907
331
2190A
  5
21908
331
2190B
  5
21909
331
2190C
  5
2190A
331
2190D
  5
2190B
331
2190E
  5
2190C
331
2190F
  5
2190D
331
21910
  5
2190E
331
21911
  5
2190F
331
21912
  5
21910
331
21913
  5
21911
331
21914
  5
21912
331
21915
  5
21913
331
21916
  5
21914
331
21917
  5
21915
331
21918
  5
21916
331
21919
  5
21917
331
2191A
  5
21918
331
2191B
  5
21919
331
2191C
  5
2191A
331
2191D
  5
2191B
331
2191E
  5
2191C
331
2191F
  5
2191D
331
21920
  5
2191E
331
21921
  5
2191F
331
21922
  5
21920
331
21923
  5
21921
331
21924
  5
21922
331
21925
  5
21923
331
21926
  5
21924
331
21927
  5
21925
331
21928
  5
21926
331
21929
  5
21927
331
2192A
  5
21928
331
2192B
  5
21929
331
2192C
  5
2192A
331
2192D
  5
2192B
331
2192E
  5
2192C
331
2192F
  5
2192D
331
21930
  5
2192E
331
21931
  5
2192F
331
21932
  5
21930
331
21933
  5
21931
331
21934
  5
21932
331
21935
  5
21933
331
21936
  5
21934
331
21937
  5
21935
331
21938
  5
21936
331
21939
  5
21937
331
2193A
  5
21938
331
2193B
  5
21939
331
2193C
  5
2193A
331
2193D
  5
2193B
331
2193E
  5
2193C
331
2193F
  5
2193D
331
21940
  5
2193E
331
21941
  5
2193F
331
21942
  5
21940
331
21943
  5
21941
331
21944
  5
21942
331
21945
  5
21943
331
21946
  5
21944
331
21947
  5
21945
331
21948
  5
21946
331
21949
  5
21947
331
2194A
  5
21948
331
2194B
  5
21949
331
2194C
  5
2194A
331
2194D
  5
2194B
331
2194E
  5
2194C
331
2194F
  5
2194D
331
21950
  5
2194E
331
21951
  5
2194F
331
21952
  5
21950
331
21953
  5
21951
331
21954
  5
21952
331
21955
  5
21953
331
21956
  5
21954
331
21957
  5
21955
331
21958
  5
21956
331
21959
  5
21957
331
2195A
  5
21958
331
2195B
  5
21959
331
2195C
  5
2195A
331
2195D
  5
2195B
331
2195E
  5
2195C
331
2195F
  5
2195D
331
21960
  5
2195E
331
21961
  5
2195F
331
21962
  5
21960
331
21963
  5
21961
331
21964
  5
21962
331
21965
  5
21963
331
21966
  5
21964
331
21967
  5
21965
331
21968
  5
21966
331
21969
  5
21967
331
2196A
  5
21968
331
2196B
  5
21969
331
2196C
  5
2196A
331
2196D
  5
2196B
331
2196E
  5
2196C
331
2196F
  5
2196D
331
21970
  5
2196E
331
21971
  5
2196F
331
21972
  5
21970
331
21973
  5
21971
331
21974
  5
21972
331
21975
  5
21973
331
21976
  5
21974
331
21977
  5
21975
331
21978
  5
21976
331
21979
  5
21977
331
2197A
  5
21978
331
2197B
  5
21979
331
2197C
  5
2197A
331
2197D
  5
2197B
331
2197E
  5
2197C
331
2197F
  5
2197D
331
21980
  5
2197E
331
21981
  5
2197F
331
21982
  5
21980
331
21983
  5
21981
331
21984
  5
21982
331
21985
  5
21983
331
21986
  5
21984
331
21987
  5
21985
331
21988
  5
21986
331
21989
  5
21987
331
2198A
  5
21988
331
2198B
  5
21989
331
2198C
  5
2198A
331
2198D
  5
2198B
331
2198E
  5
2198C
331
2198F
  5
2198D
331
21990
  5
2198E
331
21991
  5
2198F
331
21992
  5
21990
331
21993
  5
21991
331
21994
  5
21992
331
21995
  5
21993
331
21996
  5
21994
331
21997
  5
21995
331
21998
  5
21996
331
21999
  5
21997
331
2199A
  5
21998
331
2199B
  5
21999
331
2199C
  5
2199A
331
2199D
  5
2199B
331
2199E
  5
2199C
331
2199F
  5
2199D
331
219A0
  5
2199E
331
219A1
  5
2199F
331
219A2
  5
219A0
331
219A3
  5
219A1
331
219A4
  5
219A2
331
219A5
  5
219A3
331
219A6
  5
219A4
331
219A7
  5
219A5
331
219A8
  5
219A6
331
219A9
  5
219A7
331
219AA
  5
219A8
331
219AB
  5
219A9
331
219AC
  5
219AA
331
219AD
  5
219AB
331
219AE
  5
219AC
331
219AF
  5
219AD
331
219B0
  5
219AE
331
219B1
  5
219AF
331
219B2
  5
219B0
331
219B3
  5
219B1
331
219B4
  5
219B2
331
219B5
  5
219B3
331
219B6
  5
219B4
331
219B7
  5
219B5
331
219B8
  5
219B6
331
219B9
  5
219B7
331
219BA
  5
219B8
331
219BB
  5
219B9
331
219BC
  5
219BA
331
219BD
  5
219BB
331
219BE
  5
219BC
331
219BF
  5
219BD
331
219C0
  5
219BE
331
219C1
  5
219BF
331
219C2
  5
219C0
331
219C3
  5
219C1
331
219C4
  5
219C2
331
219C5
  5
219C3
331
219C6
  5
219C4
331
219C7
  5
219C5
331
219C8
  5
219C6
331
219C9
  5
219C7
331
219CA
  5
219C8
331
219CB
  5
219C9
331
219CC
  5
219CA
331
219CD
  5
219CB
331
219CE
  5
219CC
331
219CF
  5
219CD
331
219D0
  5
219CE
331
219D1
  5
219CF
331
219D2
  5
219D0
331
219D3
  5
219D1
331
219D4
  5
219D2
331
219D5
  5
219D3
331
219D6
  5
219D4
331
219D7
  5
219D5
331
219D8
  5
219D6
331
219D9
  5
219D7
331
219DA
  5
219D8
331
219DB
  5
219D9
331
219DC
  5
219DA
331
219DD
  5
219DB
331
219DE
  5
219DC
331
219DF
  5
219DD
331
219E0
  5
219DE
331
219E1
  5
219DF
331
219E2
  5
219E0
331
219E3
  5
219E1
331
219E4
  5
219E2
331
219E5
  5
219E3
331
219E6
  5
219E4
331
219E7
  5
219E5
331
219E8
  5
219E6
331
219E9
  5
219E7
331
219EA
  5
219E8
331
219EB
  5
219E9
331
219EC
  5
219EA
331
219ED
  5
219EB
331
219EE
  5
219EC
331
219EF
  5
219ED
331
219F0
  5
219EE
331
219F1
  5
219EF
331
219F2
  5
219F0
331
219F3
  5
219F1
331
219F4
  5
219F2
331
219F5
  5
219F3
331
219F6
  5
219F4
331
219F7
  5
219F5
331
219F8
  5
219F6
331
219F9
  5
219F7
331
219FA
  5
219F8
331
219FB
  5
219F9
331
219FC
  5
219FA
331
219FD
  5
219FB
331
219FE
  5
219FC
331
219FF
  5
219FD
331
21A00
  5
219FE
331
21A01
  5
219FF
331
21A02
  5
21A00
331
21A03
  5
21A01
331
21A04
  5
21A02
331
21A05
  5
21A03
331
21A06
  5
21A04
331
21A07
  5
21A05
331
21A08
  5
21A06
331
21A09
  5
21A07
331
21A0A
  5
21A08
331
21A0B
  5
21A09
331
21A0C
  5
21A0A
331
21A0D
  5
21A0B
331
21A0E
  5
21A0C
331
21A0F
  5
21A0D
331
21A10
  5
21A0E
331
21A11
  5
21A0F
331
21A12
  5
21A10
331
21A13
  5
21A11
331
21A14
  5
21A12
331
21A15
  5
21A13
331
21A16
  5
21A14
331
21A17
  5
21A15
331
21A18
  5
21A16
331
21A19
  5
21A17
331
21A1A
  5
21A18
331
21A1B
  5
21A19
331
21A1C
  5
21A1A
331
21A1D
  5
21A1B
331
21A1E
  5
21A1C
331
21A1F
  5
21A1D
331
21A20
  5
21A1E
331
21A21
  5
21A1F
331
21A22
  5
21A20
331
21A23
  5
21A21
331
21A24
  5
21A22
331
21A25
  5
21A23
331
21A26
  5
21A24
331
21A27
  5
21A25
331
21A28
  5
21A26
331
21A29
  5
21A27
331
21A2A
  5
21A28
331
21A2B
  5
21A29
331
21A2C
  5
21A2A
331
21A2D
  5
21A2B
331
21A2E
  5
21A2C
331
21A2F
  5
21A2D
331
21A30
  5
21A2E
331
21A31
  5
21A2F
331
21A32
  5
21A30
331
21A33
  5
21A31
331
21A34
  5
21A32
331
21A35
  5
21A33
331
21A36
  5
21A34
331
21A37
  5
21A35
331
21A38
  5
21A36
331
21A39
  5
21A37
331
21A3A
  5
21A38
331
21A3B
  5
21A39
331
21A3C
  5
21A3A
331
21A3D
  5
21A3B
331
21A3E
  5
21A3C
331
21A3F
  5
21A3D
331
21A40
  5
21A3E
331
21A41
  5
21A3F
331
21A42
  5
21A40
331
21A43
  5
21A41
331
21A44
  5
21A42
331
21A45
  5
21A43
331
21A46
  5
21A44
331
21A47
  5
21A45
331
21A48
  5
21A46
331
21A49
  5
21A47
331
21A4A
  5
21A48
331
21A4B
  5
21A49
331
21A4C
  5
21A4A
331
21A4D
  5
21A4B
331
21A4E
  5
21A4C
331
21A4F
  5
21A4D
331
21A50
  5
21A4E
331
21A51
  5
21A4F
331
21A52
  5
21A50
331
21A53
  5
21A51
331
21A54
  5
21A52
331
21A55
  5
21A53
331
21A56
  5
21A54
331
21A57
  5
21A55
331
21A58
  5
21A56
331
21A59
  5
21A57
331
21A5A
  5
21A58
331
21A5B
  5
21A59
331
21A5C
  5
21A5A
331
21A5D
  5
21A5B
331
21A5E
  5
21A5C
331
21A5F
  5
21A5D
331
21A60
  5
21A5E
331
21A61
  5
21A5F
331
21A62
  5
21A60
331
21A63
  5
21A61
331
21A64
  5
21A62
331
21A65
  5
21A63
331
21A66
  5
21A64
331
21A67
  5
21A65
331
21A68
  5
21A66
331
21A69
  5
21A67
331
21A6A
  5
21A68
331
21A6B
  5
21A69
331
21A6C
  5
21A6A
331
21A6D
  5
21A6B
331
21A6E
  5
21A6C
331
21A6F
  5
21A6D
331
21A70
  5
21A6E
331
21A71
  5
21A6F
331
21A72
  5
21A70
331
21A73
  5
21A71
331
21A74
  5
21A72
331
21A75
  5
21A73
331
21A76
  5
21A74
331
21A77
  5
21A75
331
21A78
  5
21A76
331
21A79
  5
21A77
331
21A7A
  5
21A78
331
21A7B
  5
21A79
331
21A7C
  5
21A7A
331
21A7D
  5
21A7B
331
21A7E
  5
21A7C
331
21A7F
  5
21A7D
331
21A80
  5
21A7E
331
21A81
  5
21A7F
331
21A82
  5
21A80
331
21A83
  5
21A81
331
21A84
  5
21A82
331
21A85
  5
21A83
331
21A86
  5
21A84
331
21A87
  5
21A85
331
21A88
  5
21A86
331
21A89
  5
21A87
331
21A8A
  5
21A88
331
21A8B
  5
21A89
331
21A8C
  5
21A8A
331
21A8D
  5
21A8B
331
21A8E
  5
21A8C
331
21A8F
  5
21A8D
331
21A90
  5
21A8E
331
21A91
  5
21A8F
331
21A92
  5
21A90
331
21A93
  5
21A91
331
21A94
  5
21A92
331
21A95
  5
21A93
331
21A96
  5
21A94
331
21A97
  5
21A95
331
21A98
  5
21A96
331
21A99
  5
21A97
331
21A9A
  5
21A98
331
21A9B
  5
21A99
331
21A9C
  5
21A9A
331
21A9D
  5
21A9B
331
21A9E
  5
21A9C
331
21A9F
  5
21A9D
331
21AA0
  5
21A9E
331
21AA1
  5
21A9F
331
21AA2
  5
21AA0
331
21AA3
  5
21AA1
331
21AA4
  5
21AA2
331
21AA5
  5
21AA3
331
21AA6
  5
21AA4
331
21AA7
  5
21AA5
331
21AA8
  5
21AA6
331
21AA9
  5
21AA7
331
21AAA
  5
21AA8
331
21AAB
  5
21AA9
331
21AAC
  5
21AAA
331
21AAD
  5
21AAB
331
21AAE
  5
21AAC
331
21AAF
  5
21AAD
331
21AB0
  5
21AAE
331
21AB1
  5
21AAF
331
21AB2
  5
21AB0
331
21AB3
  5
21AB1
331
21AB4
  5
21AB2
331
21AB5
  5
21AB3
331
21AB6
  5
21AB4
331
21AB7
  5
21AB5
331
21AB8
  5
21AB6
331
21AB9
  5
21AB7
331
21ABA
  5
21AB8
331
21ABB
  5
21AB9
331
21ABC
  5
21ABA
331
21ABD
  5
21ABB
331
21ABE
  5
21ABC
331
21ABF
  5
21ABD
331
21AC0
  5
21ABE
331
21AC1
  5
21ABF
331
21AC2
  5
21AC0
331
21AC3
  5
21AC1
331
21AC4
  5
21AC2
331
21AC5
  5
21AC3
331
21AC6
  5
21AC4
331
21AC7
  5
21AC5
331
21AC8
  5
21AC6
331
21AC9
  5
21AC7
331
21ACA
  5
21AC8
331
21ACB
  5
21AC9
331
21ACC
  5
21ACA
331
21ACD
  5
21ACB
331
21ACE
  5
21ACC
331
21ACF
  5
21ACD
331
21AD0
  5
21ACE
331
21AD1
  5
21ACF
331
21AD2
  5
21AD0
331
21AD3
  5
21AD1
331
21AD4
  5
21AD2
331
21AD5
  5
21AD3
331
21AD6
  5
21AD4
331
21AD7
  5
21AD5
331
21AD8
  5
21AD6
331
21AD9
  5
21AD7
331
21ADA
  5
21AD8
331
21ADB
  5
21AD9
331
21ADC
  5
21ADA
331
21ADD
  5
21ADB
331
21ADE
  5
21ADC
331
21ADF
  5
21ADD
331
21AE0
  5
21ADE
331
21AE1
  5
21ADF
331
21AE2
  5
21AE0
331
21AE3
  5
21AE1
331
21AE4
  5
21AE2
331
21AE5
  5
21AE3
331
21AE6
  5
21AE4
331
21AE7
  5
21AE5
331
21AE8
  5
21AE6
331
21AE9
  5
21AE7
331
21AEA
  5
21AE8
331
21AEB
  5
21AE9
331
21AEC
  5
21AEA
331
21AED
  5
21AEB
331
21AEE
  5
21AEC
331
21AEF
  5
21AED
331
21AF0
  5
21AEE
331
21AF1
  5
21AEF
331
21AF2
  5
21AF0
331
21AF3
  5
21AF1
331
21AF4
  5
21AF2
331
21AF5
  5
21AF3
331
21AF6
  5
21AF4
331
21AF7
  5
21AF5
331
21AF8
  5
21AF6
331
21AF9
  5
21AF7
331
21AFA
  5
21AF8
331
21AFB
  5
21AF9
331
21AFC
  5
21AFA
331
21AFD
  5
21AFB
331
21AFE
  5
21AFC
331
21AFF
  5
21AFD
331
21B00
  5
21AFE
331
21B01
  5
21AFF
331
21B02
  5
21B00
331
21B03
  5
21B01
331
21B04
  5
21B02
331
21B05
  5
21B03
331
21B06
  5
21B04
331
21B07
  5
21B05
331
21B08
  5
21B06
331
21B09
  5
21B07
331
21B0A
  5
21B08
331
21B0B
  5
21B09
331
21B0C
  5
21B0A
331
21B0D
  5
21B0B
331
21B0E
  5
21B0C
331
21B0F
  5
21B0D
331
21B10
  5
21B0E
331
21B11
  5
21B0F
331
21B12
  5
21B10
331
21B13
  5
21B11
331
21B14
  5
21B12
331
21B15
  5
21B13
331
21B16
  5
21B14
331
21B17
  5
21B15
331
21B18
  5
21B16
331
21B19
  5
21B17
331
21B1A
  5
21B18
331
21B1B
  5
21B19
331
21B1C
  5
21B1A
331
21B1D
  5
21B1B
331
21B1E
  5
21B1C
331
21B1F
  5
21B1D
331
21B20
  5
21B1E
331
21B21
  5
21B1F
331
21B22
  5
21B20
331
21B23
  5
21B21
331
21B24
  5
21B22
331
21B25
  5
21B23
331
21B26
  5
21B24
331
21B27
  5
21B25
331
21B28
  5
21B26
331
21B29
  5
21B27
331
21B2A
  5
21B28
331
21B2B
  5
21B29
331
21B2C
  5
21B2A
331
21B2D
  5
21B2B
331
21B2E
  5
21B2C
331
21B2F
  5
21B2D
331
21B30
  5
21B2E
331
21B31
  5
21B2F
331
21B32
  5
21B30
331
21B33
  5
21B31
331
21B34
  5
21B32
331
21B35
  5
21B33
331
21B36
  5
21B34
331
21B37
  5
21B35
331
21B38
  5
21B36
331
21B39
  5
21B37
331
21B3A
  5
21B38
331
21B3B
  5
21B39
331
21B3C
  5
21B3A
331
21B3D
  5
21B3B
331
21B3E
  5
21B3C
331
21B3F
  5
21B3D
331
21B40
  5
21B3E
331
21B41
  5
21B3F
331
21B42
  5
21B40
331
21B43
  5
21B41
331
21B44
  5
21B42
331
21B45
  5
21B43
331
21B46
  5
21B44
331
21B47
  5
21B45
331
21B48
  5
21B46
331
21B49
  5
21B47
331
21B4A
  5
21B48
331
21B4B
  5
21B49
331
21B4C
  5
21B4A
331
21B4D
  5
21B4B
331
21B4E
  5
21B4C
331
21B4F
  5
21B4D
331
21B50
  5
21B4E
331
21B51
  5
21B4F
331
21B52
  5
21B50
331
21B53
  5
21B51
331
21B54
  5
21B52
331
21B55
  5
21B53
331
21B56
  5
21B54
331
21B57
  5
21B55
331
21B58
  5
21B56
331
21B59
  5
21B57
331
21B5A
  5
21B58
331
21B5B
  5
21B59
331
21B5C
  5
21B5A
331
21B5D
  5
21B5B
331
21B5E
  5
21B5C
331
21B5F
  5
21B5D
331
21B60
  5
21B5E
331
21B61
  5
21B5F
331
21B62
  5
21B60
331
21B63
  5
21B61
331
21B64
  5
21B62
331
21B65
  5
21B63
331
21B66
  5
21B64
331
21B67
  5
21B65
331
21B68
  5
21B66
331
21B69
  5
21B67
331
21B6A
  5
21B68
331
21B6B
  5
21B69
331
21B6C
  5
21B6A
331
21B6D
  5
21B6B
331
21B6E
  5
21B6C
331
21B6F
  5
21B6D
331
21B70
  5
21B6E
331
21B71
  5
21B6F
331
21B72
  5
21B70
331
21B73
  5
21B71
331
21B74
  5
21B72
331
21B75
  5
21B73
331
21B76
  5
21B74
331
21B77
  5
21B75
331
21B78
  5
21B76
331
21B79
  5
21B77
331
21B7A
  5
21B78
331
21B7B
  5
21B79
331
21B7C
  5
21B7A
331
21B7D
  5
21B7B
331
21B7E
  5
21B7C
331
21B7F
  5
21B7D
331
21B80
  5
21B7E
331
21B81
  5
21B7F
331
21B82
  5
21B80
331
21B83
  5
21B81
331
21B84
  5
21B82
331
21B85
  5
21B83
331
21B86
  5
21B84
331
21B87
  5
21B85
331
21B88
  5
21B86
331
21B89
  5
21B87
331
21B8A
  5
21B88
331
21B8B
  5
21B89
331
21B8C
  5
21B8A
331
21B8D
  5
21B8B
331
21B8E
  5
21B8C
331
21B8F
  5
21B8D
331
21B90
  5
21B8E
331
21B91
  5
21B8F
331
21B92
  5
21B90
331
21B93
  5
21B91
331
21B94
  5
21B92
331
21B95
  5
21B93
331
21B96
  5
21B94
331
21B97
  5
21B95
331
21B98
  5
21B96
331
21B99
  5
21B97
331
21B9A
  5
21B98
331
21B9B
  5
21B99
331
21B9C
  5
21B9A
331
21B9D
  5
21B9B
331
21B9E
  5
21B9C
331
21B9F
  5
21B9D
331
21BA0
  5
21B9E
331
21BA1
  5
21B9F
331
21BA2
  5
21BA0
331
21BA3
  5
21BA1
331
21BA4
  5
21BA2
331
21BA5
  5
21BA3
331
21BA6
  5
21BA4
331
21BA7
  5
21BA5
331
21BA8
  5
21BA6
331
21BA9
  5
21BA7
331
21BAA
  5
21BA8
331
21BAB
  5
21BA9
331
21BAC
  5
21BAA
331
21BAD
  5
21BAB
331
21BAE
  5
21BAC
331
21BAF
  5
21BAD
331
21BB0
  5
21BAE
331
21BB1
  5
21BAF
331
21BB2
  5
21BB0
331
21BB3
  5
21BB1
331
21BB4
  5
21BB2
331
21BB5
  5
21BB3
331
21BB6
  5
21BB4
331
21BB7
  5
21BB5
331
21BB8
  5
21BB6
331
21BB9
  5
21BB7
331
21BBA
  5
21BB8
331
21BBB
  5
21BB9
331
21BBC
  5
21BBA
331
21BBD
  5
21BBB
331
21BBE
  5
21BBC
331
21BBF
  5
21BBD
331
21BC0
  5
21BBE
331
21BC1
  5
21BBF
331
21BC2
  5
21BC0
331
21BC3
  5
21BC1
331
21BC4
  5
21BC2
331
21BC5
  5
21BC3
331
21BC6
  5
21BC4
331
21BC7
  5
21BC5
331
21BC8
  5
21BC6
331
21BC9
  5
21BC7
331
21BCA
  5
21BC8
331
21BCB
  5
21BC9
331
21BCC
  5
21BCA
331
21BCD
  5
21BCB
331
21BCE
  5
21BCC
331
21BCF
  5
21BCD
331
21BD0
  5
21BCE
331
21BD1
  5
21BCF
331
21BD2
  5
21BD0
331
21BD3
  5
21BD1
331
21BD4
  5
21BD2
331
21BD5
  5
21BD3
331
21BD6
  5
21BD4
331
21BD7
  5
21BD5
331
21BD8
  5
21BD6
331
21BD9
  5
21BD7
331
21BDA
  5
21BD8
331
21BDB
  5
21BD9
331
21BDC
  5
21BDA
331
21BDD
  5
21BDB
331
21BDE
  5
21BDC
331
21BDF
  5
21BDD
331
21BE0
  5
21BDE
331
21BE1
  5
21BDF
331
21BE2
  5
21BE0
331
21BE3
  5
21BE1
331
21BE4
  5
21BE2
331
21BE5
  5
21BE3
331
21BE6
  5
21BE4
331
21BE7
  5
21BE5
331
21BE8
  5
21BE6
331
21BE9
  5
21BE7
331
21BEA
  5
21BE8
331
21BEB
  5
21BE9
331
21BEC
  5
21BEA
331
21BED
  5
21BEB
331
21BEE
  5
21BEC
331
21BEF
  5
21BED
331
21BF0
  5
21BEE
331
21BF1
  5
21BEF
331
21BF2
  5
21BF0
331
21BF3
  5
21BF1
331
21BF4
  5
21BF2
331
21BF5
  5
21BF3
331
21BF6
  5
21BF4
331
21BF7
  5
21BF5
331
21BF8
  5
21BF6
331
21BF9
  5
21BF7
331
21BFA
  5
21BF8
331
21BFB
  5
21BF9
331
21BFC
  5
21BFA
331
21BFD
  5
21BFB
331
21BFE
  5
21BFC
331
21BFF
  5
21BFD
331
21C00
  5
21BFE
331
21C01
  5
21BFF
331
21C02
  5
21C00
331
21C03
  5
21C01
331
21C04
  5
21C02
331
21C05
  5
21C03
331
21C06
  5
21C04
331
21C07
  5
21C05
331
21C08
  5
21C06
331
21C09
  5
21C07
331
21C0A
  5
21C08
331
21C0B
  5
21C09
331
21C0C
  5
21C0A
331
21C0D
  5
21C0B
331
21C0E
  5
21C0C
331
21C0F
  5
21C0D
331
21C10
  5
21C0E
331
21C11
  5
21C0F
331
21C12
  5
21C10
331
21C13
  5
21C11
331
21C14
  5
21C12
331
21C15
  5
21C13
331
21C16
  5
21C14
331
21C17
  5
21C15
331
21C18
  5
21C16
331
21C19
  5
21C17
331
21C1A
  5
21C18
331
21C1B
  5
21C19
331
21C1C
  5
21C1A
331
21C1D
  5
21C1B
331
21C1F
  5
21D53
331
21C21
  5
21C1C
331
21C22
  5
21C1D
331
21C23
  5
21C1F
331
21C24
  5
21C21
331
21C25
  5
21C22
331
21C26
  5
21C23
331
21C27
  5
21C24
331
21C28
  5
21C25
331
21C29
  5
21C26
331
21C2A
  5
21C27
331
21C2B
  5
21C28
331
21C2C
  5
21C29
331
21C2D
  5
21C2A
331
21C2E
  5
21C2B
331
21C2F
  5
21C2C
331
21C30
  5
21C2D
331
21C31
  5
21C2E
331
21C32
  5
21C2F
331
21C33
  5
21C30
331
21C34
  5
21C31
331
21C35
  5
21C32
331
21C36
  5
21C33
331
21C37
  5
21C34
331
21C38
  5
21C35
331
21C39
  5
21C36
331
21C3A
  5
21C37
331
21C3B
  5
21C38
331
21C3C
  5
21C39
331
21C3D
  5
21C3A
331
21C3E
  5
21C3B
331
21C3F
  5
21C3C
331
21C40
  5
21C3D
331
21C41
  5
21C3E
331
21C42
  5
21C3F
331
21C43
  5
21C40
331
21C44
  5
21C41
331
21C45
  5
21C42
331
21C46
  5
21C43
331
21C47
  5
21C44
331
21C48
  5
21C45
331
21C49
  5
21C46
331
21C4A
  5
21C47
331
21C4B
  5
21C48
331
21C4C
  5
21C49
331
21C4D
  5
21C4A
331
21C4E
  5
21C4B
331
21C4F
  5
21C4C
331
21C50
  5
21C4D
331
21C51
  5
21C4E
331
21C52
  5
21C4F
331
21C53
  5
21C50
331
21C54
  5
21C51
331
21C55
  5
21C52
331
21C56
  5
21C53
331
21C57
  5
21C54
331
21C58
  5
21C55
331
21C59
  5
21C56
331
21C5A
  5
21C57
331
21C5B
  5
21C58
331
21C5C
  5
21C59
331
21C5D
  5
21C5A
331
21C5E
  5
21C5B
331
21C5F
  5
21C5C
331
21C60
  5
21C5D
331
21C61
  5
21C5E
331
21C62
  5
21C5F
331
21C63
  5
21C60
331
21C64
  5
21C61
331
21C65
  5
21C62
331
21C66
  5
21C63
331
21C67
  5
21C64
331
21C68
  5
21C65
331
21C69
  5
21C66
331
21C6A
  5
21C67
331
21C6B
  5
21C68
331
21C6C
  5
21C69
331
21C6D
  5
21C6A
331
21C6E
  5
21C6B
331
21C6F
  5
21C6C
331
21C70
  5
21C6D
331
21C71
  5
21C6E
331
21C72
  5
21C6F
331
21C73
  5
21C70
331
21C74
  5
21C71
331
21C75
  5
21C72
331
21C76
  5
21C73
331
21C77
  5
21C74
331
21C78
  5
21C75
331
21C79
  5
21C76
331
21C7A
  5
21C77
331
21C7B
  5
21C78
331
21C7C
  5
21C79
331
21C7D
  5
21C7A
331
21C7E
  5
21C7B
331
21C7F
  5
21C7C
331
21C80
  5
21C7D
331
21C81
  5
21C7E
331
21C82
  5
21C7F
331
21C83
  5
21C80
331
21C84
  5
21C81
331
21C85
  5
21C82
331
21C86
  5
21C83
331
21C87
  5
21C84
331
21C88
  5
21C85
331
21C89
  5
21C86
331
21C8A
  5
21C87
331
21C8B
  5
21C88
331
21C8C
  5
21C89
331
21C8D
  5
21C8A
331
21C8E
  5
21C8B
331
21C8F
  5
21C8C
331
21C90
  5
21C8D
331
21C91
  5
21C8E
331
21C92
  5
21C8F
331
21C93
  5
21C90
331
21C94
  5
21C91
331
21C95
  5
21C92
331
21C96
  5
21C93
331
21C97
  5
21C94
331
21C98
  5
21C95
331
21C99
  5
21C96
331
21C9A
  5
21C97
331
21C9B
  5
21C98
331
21C9C
  5
21C99
331
21C9D
  5
21C9A
331
21C9E
  5
21C9B
331
21C9F
  5
21C9C
331
21CA0
  5
21C9D
331
21CA1
  5
21C9E
331
21CA2
  5
21C9F
331
21CA3
  5
21CA0
331
21CA4
  5
21CA1
331
21CA5
  5
21CA2
331
21CA6
  5
21CA3
331
21CA7
  5
21CA4
331
21CA8
  5
21CA5
331
21CA9
  5
21CA6
331
21CAA
  5
21CA7
331
21CAB
  5
21CA8
331
21CAC
  5
21CA9
331
21CAD
  5
21CAA
331
21CAE
  5
21CAB
331
21CAF
  5
21CAC
331
21CB0
  5
21CAD
331
21CB1
  5
21CAE
331
21CB2
  5
21CAF
331
21CB3
  5
21CB0
331
21CB4
  5
21CB1
331
21CB5
  5
21CB2
331
21CB6
  5
21CB3
331
21CB7
  5
21CB4
331
21CB8
  5
21CB5
331
21CB9
  5
21CB6
331
21CBA
  5
21CB7
331
21CBB
  5
21CB8
331
21CBC
  5
21CB9
331
21CBD
  5
21CBA
331
21CBE
  5
21CBB
331
21CBF
  5
21CBC
331
21CC0
  5
21CBD
331
21CC1
  5
21CBE
331
21CC2
  5
21CBF
331
21CC3
  5
21CC0
331
21CC4
  5
21CC1
331
21CC5
  5
21CC2
331
21CC6
  5
21CC3
331
21CC7
  5
21CC4
331
21CC8
  5
21CC5
331
21CC9
  5
21CC6
331
21CCA
  5
21CC7
331
21CCB
  5
21CC8
331
21CCC
  5
21CC9
331
21CCD
  5
21CCA
331
21CCE
  5
21CCB
331
21CCF
  5
21CCC
331
21CD0
  5
21CCD
331
21CD1
  5
21CCE
331
21CD2
  5
21CCF
331
21CD3
  5
21CD0
331
21CD4
  5
21CD1
331
21CD5
  5
21CD2
331
21CD6
  5
21CD3
331
21CD7
  5
21CD4
331
21CD8
  5
21CD5
331
21CD9
  5
21CD6
331
21CDA
  5
21CD7
331
21CDB
  5
21CD8
331
21CDC
  5
21CD9
331
21CDD
  5
21CDA
331
21CDE
  5
21CDB
331
21CDF
  5
21CDC
331
21CE0
  5
21CDD
331
21CE1
  5
21CDE
331
21CE2
  5
21CDF
331
21CE3
  5
21CE0
331
21CE4
  5
21CE1
331
21CE5
  5
21CE2
331
21CE6
  5
21CE3
331
21CE7
  5
21CE4
331
21CE8
  5
21CE5
331
21CE9
  5
21CE6
331
21CEA
  5
21CE7
331
21CEB
  5
21CE8
331
21CEC
  5
21CE9
331
21CED
  5
21CEA
331
21CEE
  5
21CEB
331
21CEF
  5
21CEC
331
21CF0
  5
21CED
331
21CF1
  5
21CEE
331
21CF2
  5
21CEF
331
21CF3
  5
21CF0
331
21CF4
  5
21CF1
331
21CF5
  5
21CF2
331
21CF6
  5
21CF3
331
21CF7
  5
21CF4
331
21CF8
  5
21CF5
331
21CF9
  5
21CF6
331
21CFA
  5
21CF7
331
21CFB
  5
21CF8
331
21CFC
  5
21CF9
331
21CFD
  5
21CFA
331
21CFE
  5
21CFB
331
21CFF
  5
21CFC
331
21D00
  5
21CFD
331
21D01
  5
21CFE
331
21D02
  5
21CFF
331
21D03
  5
21D00
331
21D04
  5
21D01
331
21D05
  5
21D02
331
21D06
  5
21D03
331
21D07
  5
21D04
331
21D08
  5
21D05
331
21D09
  5
21D06
331
21D0A
  5
21D07
331
21D0B
  5
21D08
331
21D0C
  5
21D09
331
21D0D
  5
21D0A
331
21D0E
  5
21D0B
331
21D0F
  5
21D0C
331
21D10
  5
21D0D
331
21D11
  5
21D0E
331
21D12
  5
21D0F
331
21D13
  5
21D10
331
21D14
  5
21D11
331
21D15
  5
21D12
331
21D16
  5
21D13
331
21D17
  5
21D14
331
21D18
  5
21D15
331
21D19
  5
21D16
331
21D1A
  5
21D17
331
21D1B
  5
21D18
331
21D1C
  5
21D19
331
21D1D
  5
21D1A
331
21D1E
  5
21D1B
331
21D1F
  5
21D1C
331
21D20
  5
21D1D
331
21D21
  5
21D1E
331
21D22
  5
21D1F
331
21D23
  5
21D20
331
21D24
  5
21D21
331
21D25
  5
21D22
331
21D26
  5
21D23
331
21D27
  5
21D24
331
21D28
  5
21D25
331
21D29
  5
21D26
331
21D2A
  5
21D27
331
21D2B
  5
21D28
331
21D2C
  5
21D29
331
21D2D
  5
21D2A
331
21D2E
  5
21D2B
331
21D2F
  5
21D2C
331
21D30
  5
21D2D
331
21D31
  5
21D2E
331
21D32
  5
21D2F
331
21D33
  5
21D30
331
21D34
  5
21D31
331
21D35
  5
21D32
331
21D36
  5
21D33
331
21D37
  5
21D34
331
21D38
  5
21D35
331
21D39
  5
21D36
331
21D3A
  5
21D37
331
21D3B
  5
21D38
331
21D3C
  5
21D39
331
21D3D
  5
21D3A
331
21D3E
  5
21D3B
331
21D3F
  5
21D3C
331
21D40
  5
21D3D
331
21D41
  5
21D3E
331
21D42
  5
21D3F
331
21D43
  5
21D40
331
21D44
  5
21D41
331
21D45
  5
21D42
331
21D46
  5
21D43
331
21D47
  5
21D44
331
21D48
  5
21D45
331
21D49
  5
21D46
331
21D4A
  5
21D47
331
21D4B
  5
21D48
331
21D4C
  5
21D49
331
21D4D
  5
21D4A
331
21D4E
  5
21D4B
331
21D4F
  5
21D4C
331
21D50
  5
21D4D
331
21D51
  5
21D4E
331
21D52
  5
21D4F
331
21D53
  5
21D50
331
24348
  5
245DD
331
24349
  5
24348
331
2434A
  5
24349
331
2434B
  5
2434A
331
2434C
  5
2434B
331
2434D
  5
2434C
331
2434E
  5
2434D
331
24350
  5
245DE
331
24351
  5
2434E
331
24352
  5
24350
331
24353
  5
24351
331
24354
  5
24352
331
24355
  5
24353
331
24356
  5
24354
331
24357
  5
24355
331
24358
  5
24356
331
24359
  5
24357
331
2435A
  5
24358
331
2435B
  5
24359
331
2435C
  5
2435A
331
2435F
  5
2435B
331
24360
  5
2435C
331
24361
  5
2435F
331
24362
  5
24360
331
24363
  5
24361
331
24364
  5
24362
331
24365
  5
24363
331
24366
  5
24364
331
24367
  5
24365
331
24368
  5
24366
331
24369
  5
24367
331
2436B
  5
24368
331
2436C
  5
24369
331
2436D
  5
2436B
331
2436E
  5
2436C
331
2436F
  5
2436D
331
24370
  5
2436E
331
24371
  5
2436F
331
24372
  5
24370
331
24373
  5
24371
331
24374
  5
24372
331
24375
  5
24373
331
24383
  5
24374
331
24384
  5
24375
331
24385
  5
24383
331
24386
  5
24384
331
24387
  5
24385
331
24388
  5
24387
331
24389
  5
24388
331
2438A
  5
24389
331
2438B
  5
2438A
331
2438C
  5
2438B
331
2438D
  5
2438C
331
2438E
  5
2438D
331
2438F
  5
2438E
331
24390
  5
2438F
331
24391
  5
24390
331
24392
  5
24391
331
24393
  5
24392
331
24394
  5
24393
331
24395
  5
24394
331
24396
  5
24395
331
24397
  5
24396
331
24398
  5
24397
331
24399
  5
24398
331
2439A
  5
24399
331
2439B
  5
2439A
331
2439C
  5
2439B
331
2439D
  5
2439C
331
243A8
  5
2439D
331
243AA
  5
243AB
331
243AB
  5
243AC
331
243AC
  5
243AA
331
243AD
  5
243A8
331
243B4
  5
243AD
331
243D8
  5
243C4
331
243D9
  5
243D8
331
243DA
  5
243D9
331
243DB
  5
243DA
331
243DC
  5
243DB
331
2444B
  5
243DC
331
2444C
  5
2444B
331
2444D
  5
2444C
331
2444E
  5
2444D
331
2444F
  5
2444E
331
24450
  5
2444F
331
24451
  5
24450
331
24452
  5
24451
331
24453
  5
24452
331
24454
  5
24453
331
24455
  5
24454
331
24456
  5
24455
331
24457
  5
24456
331
24458
  5
24457
331
24459
  5
24458
331
2445C
  5
24459
331
2445D
  5
2445C
331
2445F
  5
245DF
331
24460
  5
2445D
331
24461
  5
2445E
331
24462
  5
24460
331
24463
  5
24461
331
24464
  5
24462
331
24465
  5
24463
331
24466
  5
24464
331
24467
  5
24465
331
24468
  5
24466
331
24469
  5
24467
331
2446A
  5
24468
331
2450B
  5
244F8
331
2450C
  5
244F9
331
2450D
  5
2450B
331
2450E
  5
2450C
331
2450F
  5
2450D
331
24510
  5
2450E
331
24511
  5
2450F
331
24512
  5
24510
331
24513
  5
24511
331
24514
  5
24512
331
24515
  5
24513
331
24517
  5
24514
331
24530
  5
24515
331
24531
  5
24517
331
24532
  5
24530
331
24533
  5
24531
331
24534
  5
24532
331
24535
  5
24533
331
24546
  5
24534
331
24547
  5
24535
331
24548
  5
24546
331
24551
  5
24547
331
24552
  5
24548
331
24553
  5
24551
331
24554
  5
24552
331
24555
  5
24553
331
24556
  5
24554
331
24557
  5
24555
331
24558
  5
24556
331
24559
  5
24557
331
2455A
  5
24558
331
2455B
  5
24559
331
2455C
  5
2455A
331
2455F
  5
2455B
331
24568
  5
2455C
331
24569
  5
2455F
331
24572
  5
24568
331
24573
  5
24569
331
2457C
  5
24572
331
2457D
  5
24573
331
24586
  5
2457C
331
24587
  5
2457D
331
24588
  5
24587
331
2458A
  5
24593
331
2459F
  5
24386
331
245DD
  5
245E0
331
245DE
  5
245E1
331
245DF
  5
245EA
331
245E0
  5
245F3
331
245E1
  5
2460C
331
245EA
  5
2460D
331
2460C
  5
24588
331
2460D
  5
2458A
331
2460E
  5
24586
331
24A2C
  5
24A2D
331
24A2D
  5
24A2E
  0
SORTENTSTABLE
  5
4722
102
{ACAD_REACTORS
330
4721
102
}
330
4721
100
AcDbSortentsTable
330
D2
331
F4D8
  5
F4E2
  0
ACDBDETAILVIEWSTYLE
  5
24A6F
102
{ACAD_XDICTIONARY
360
24D9C
102
}
102
{ACAD_REACTORS
330
23FD4
102
}
330
23FD4
100
AcDbModelDocViewStyle
 70
0
  3
Imperial24
290
0
100
AcDbDetailViewStyle
 70
0
 71
0
 90
3
 71
1
340
11
 62
256
 40
0.24
340
0
 62
256
 40
0.24
300

 40
0.36
280
3
 71
2
340
16
 90
25
 62
256
 71
3
340
11
 62
256
 40
0.24
 90
1
 40
0.75
 90
1
300
%<\AcVar ViewType \f "%tc1">% %<\AcVar ViewDetailId>%\PSCALE %<\AcVar ViewScale \f "%sn">%
 71
4
340
16
 90
25
 62
256
340
16
 90
25
 62
256
280
0
  0
ACDBDETAILVIEWSTYLE
  5
23FD5
102
{ACAD_XDICTIONARY
360
24D98
102
}
102
{ACAD_REACTORS
330
23FD4
102
}
330
23FD4
100
AcDbModelDocViewStyle
 70
0
  3
Metric50
290
0
100
AcDbDetailViewStyle
 70
0
 71
0
 90
3
 71
1
340
11
 62
256
 40
5.0
340
0
 62
256
 40
5.0
300

 40
0.0
280
1
 71
2
340
16
 90
25
 62
256
 71
3
340
11
 62
256
 40
5.0
 90
0
 40
15.0
 90
1
300
%<\AcVar ViewDetailId>% (%<\AcVar ViewScale \f "%sn">%)
 71
4
340
16
 90
25
 62
256
340
16
 90
25
 62
256
280
0
  0
IMAGEDEF
  5
24CF0
102
{ACAD_REACTORS
330
24CEF
102
}
330
24CEF
100
AcDbRasterImageDef
 90
0
  1
D:\Downloads\Downloads 10\COOL TECHNOLOGY - vizitka_na fakturu 2.jpg
 10
1063.0
 20
591.0
 11
0.0009407337723424
 21
0.0009407337723424
280
1
281
0
  0
LAYOUT
  5
D3
102
{ACAD_XDICTIONARY
360
472F
102
}
102
{ACAD_REACTORS
330
1A
102
}
330
1A
100
AcDbPlotSettings
  1

  2
AutoCAD PDF (General Documentation).pc3
  4
ISO_expand_A0_(841.00_x_1189.00_MM)
  6

 40
5.0
 41
10.0
 42
5.0
 43
10.0
 44
841.0
 45
1189.0
 46
123.4957947855341
 47
0.0
 48
49.84128745014555
 49
35.59298613685496
140
1238.841287450145
141
629.5929861368548
142
1.0
143
1.01710863986313
 70
692
 72
1
 73
1
 74
4
  7

 75
0
 76
0
 77
2
 78
300
147
0.9831791421362488
148
-49.84128745014555
149
-35.59298613685496
100
AcDbLayout
  1
6.OG-100_A1
 70
1
 71
1
 10
39.67020105151423
 20
-95.10119692559161
 11
1249.012373848777
 21
760.2871691993015
 12
0.0
 22
0.0
 32
0.0
 14
49.8412874501455
 24
35.59298613685496
 34
0.0
 15
1238.841287450146
 25
629.5929861368548
 35
0.0
146
0.0
 13
0.0
 23
0.0
 33
0.0
 16
1.0
 26
0.0
 36
0.0
 17
0.0
 27
1.0
 37
0.0
 76
0
330
D2
331
4488
1001
ACAD_PSEXT
1000
AutoCAD PDF (General Documentation).pc3
1000
DWG To PDF
1000
File
1000

1070
0
  0
LAYOUT
  5
22
102
{ACAD_XDICTIONARY
360
4484
102
}
102
{ACAD_REACTORS
330
1A
102
}
330
1A
100
AcDbPlotSettings
  1

  2
none_device
  4
ISO_A4_(210.00_x_297.00_MM)
  6

 40
7.5
 41
20.0
 42
7.5
 43
20.0
 44
210.0
 45
297.0
 46
11.54999923706054
 47
-13.65000009536743
 48
0.0
 49
0.0
140
0.0
141
0.0
142
1.0
143
8.704084754739808
 70
11952
 72
1
 73
0
 74
0
  7

 75
0
 76
0
 77
2
 78
300
147
0.1148885871608098
148
0.0
149
0.0
100
AcDbLayout
  1
Model
 70
1
 71
0
 10
0.0
 20
0.0
 11
12.0
 21
9.0
 12
0.0
 22
0.0
 32
0.0
 14
0.0
 24
0.0
 34
0.0
 15
0.0
 25
0.0
 35
0.0
146
0.0
 13
0.0
 23
0.0
 33
0.0
 16
1.0
 26
0.0
 36
0.0
 17
0.0
 27
1.0
 37
0.0
 76
0
330
1F
331
EA
1001
ACAD_PSEXT
1000
None
1000
None
1000
Not applicable
1000
The layout will not be plotted unless a new plotter configuration name is selected.
1070
0
  0
MATERIAL
  5
ED
102
{ACAD_REACTORS
330
6A
102
}
330
6A
100
AcDbMaterial
  1
ByBlock
  2

 70
0
 40
1.0
 71
0
 41
1.0
 91
-1023410177
 42
1.0
 72
1
  3

 73
1
 74
1
 75
1
 44
0.5
 73
0
 45
1.0
 46
1.0
 77
1
  4

 78
1
 79
1
170
1
 48
1.0
171
1
  6

172
1
173
1
174
1
140
1.0
141
1.0
175
1
  7

176
1
177
1
178
1
143
1.0
179
1
  8

270
1
271
1
272
1
145
1.0
146
1.0
273
1
  9

274
1
275
1
276
1
 42
1.0
 72
1
  3

 73
1
 74
1
 75
1
 94
63
  0
MATERIAL
  5
EC
102
{ACAD_REACTORS
330
6A
102
}
330
6A
100
AcDbMaterial
  1
ByLayer
  2

 70
0
 40
1.0
 71
0
 41
1.0
 91
-1023410177
 42
1.0
 72
1
  3

 73
1
 74
1
 75
1
 44
0.5
 73
0
 45
1.0
 46
1.0
 77
1
  4

 78
1
 79
1
170
1
 48
1.0
171
1
  6

172
1
173
1
174
1
140
1.0
141
1.0
175
1
  7

176
1
177
1
178
1
143
1.0
179
1
  8

270
1
271
1
272
1
145
1.0
146
1.0
273
1
  9

274
1
275
1
276
1
 42
1.0
 72
1
  3

 73
1
 74
1
 75
1
 94
63
  0
MATERIAL
  5
EE
102
{ACAD_XDICTIONARY
360
173
102
}
102
{ACAD_REACTORS
330
6A
102
}
330
6A
100
AcDbMaterial
  1
Global
  2

 70
0
 40
1.0
 71
0
 41
1.0
 91
-1023410177
 42
1.0
 72
1
  3

 73
1
 74
1
 75
1
 43
0.0007999999797903
 43
0.0
 43
0.0
 43
0.0
 43
0.0
 43
0.0007999999797903
 43
0.0
 43
0.0
 43
0.0
 43
0.0
 43
1.0
 43
0.0
 43
0.0
 43
0.0
 43
0.0
 43
1.0
 44
0.5
 73
0
 45
1.0
 46
1.0
 77
1
  4

 78
1
 79
1
170
1
 48
1.0
171
1
  6

172
1
173
1
174
1
 49
0.0007999999797903
 49
0.0
 49
0.0
 49
0.0
 49
0.0
 49
0.0007999999797903
 49
0.0
 49
0.0
 49
0.0
 49
0.0
 49
1.0
 49
0.0
 49
0.0
 49
0.0
 49
0.0
 49
1.0
140
1.0
141
1.0
175
1
  7

176
1
177
1
178
1
142
0.0007999999797903
142
0.0
142
0.0
142
0.0
142
0.0
142
0.0007999999797903
142
0.0
142
0.0
142
0.0
142
0.0
142
1.0
142
0.0
142
0.0
142
0.0
142
0.0
142
1.0
143
1.0
179
1
  8

270
1
271
1
272
1
144
0.0007999999797903
144
0.0
144
0.0
144
0.0
144
0.0
144
0.0007999999797903
144
0.0
144
0.0
144
0.0
144
0.0
144
1.0
144
0.0
144
0.0
144
0.0
144
0.0
144
1.0
145
1.0
146
1.0
273
1
  9

274
1
275
1
276
1
 42
1.0
 72
1
  3

 73
1
 74
1
 75
1
 94
63
1001
ACAD
1070
-1
1070
3
1070
0
1000

1071
0
1070
0
  0
MLEADERSTYLE
  5
12E
102
{ACAD_REACTORS
330
12D
102
}
330
12D
100
AcDbMLeaderStyle
179
2
170
2
171
1
172
0
 90
2
 40
0.0
 41
0.0
173
1
 91
-1056964608
340
14
 92
-2
290
1
 42
2.0
291
1
 43
8.0
  3
Standard
 44
4.0
300

342
11
174
1
175
1
176
0
178
1
 93
-1056964608
 45
4.0
292
0
297
0
 46
4.0
293
1
 94
-1056964608
 47
1.0
 49
1.0
140
1.0
294
1
141
0.0
177
0
142
1.0
295
0
296
0
143
3.75
271
0
272
9
273
9
  0
MLINESTYLE
  5
18
102
{ACAD_REACTORS
330
17
102
}
330
17
100
AcDbMlineStyle
  2
STANDARD
 70
0
  3

 62
256
 51
90.0
 52
90.0
 71
2
 49
0.5
 62
256
  6
BYLAYER
 49
-0.5
 62
256
  6
BYLAYER
  0
ACDBPLACEHOLDER
  5
F
102
{ACAD_REACTORS
330
E
102
}
330
E
  0
ACAD_PROXY_OBJECT
  5
2486D
102
{ACAD_REACTORS
330
24869
102
}
330
24869
100
AcDbProxyObject
 90
499
 91
519
 95
14942241
 70
0
162
694
311
4510C01BC019801980194019400B4010801C80194018401AC0080014401D4018401B001A401D001E40245948019401B80190019401C801CC0080019801BC01C8008000C400C0008001B401A401B801D401D0019401CC00
161
217
310
40AD0340D014050A40502000000000000021000000000000000840CC
 94
0
  0
ACAD_PROXY_OBJECT
  5
2486C
102
{ACAD_REACTORS
330
24869
102
}
330
24869
100
AcDbProxyObject
 90
499
 91
519
 95
14942241
 70
0
162
518
311
4112001A4019C01A00246D0401C001C001B001A4019401CC008000C400C0008001C8019401B80190019401C801A401B8019C008001B0019401D8019401B001CC00
161
209
310
40AD0240E4290140902000000000000021000000000000000840CC
 94
0
  0
ACAD_PROXY_OBJECT
  5
2486A
102
{ACAD_REACTORS
330
24869
102
}
330
24869
100
AcDbProxyObject
 90
499
 91
519
 95
14942241
 70
0
162
470
311
40D3001BC01DC024650401C001C001B001A4019401CC008000C4008001C8019401B80190019401C801A401B8019C008001B0019401D8019401B000
161
193
310
40AE40E40501902000000000000021000000000000000840CC
 94
0
  0
ACAD_PROXY_OBJECT
  5
2486E
102
{ACAD_REACTORS
330
24869
102
}
330
24869
100
AcDbProxyObject
 90
499
 91
519
 95
14942241
 70
0
162
582
311
4353001D401B8018C01A00080014401D4018401B001A401D001E40245948019401B80190019401C801CC0080019801BC01C8008000D800C0008001B401A401B801D401D0019401CC00
161
217
310
40AD0440D014053C40902000000000000021000000000000000840CC
 94
0
  0
ACAD_PROXY_OBJECT
  5
2486B
102
{ACAD_REACTORS
330
24869
102
}
330
24869
100
AcDbProxyObject
 90
499
 91
519
 95
14942241
 70
0
162
534
311
419340194019001A401D401B4024690401C001C001B001A4019401CC008000D4008001C8019401B80190019401C801A401B8019C008001B0019401D8019401B001CC00
161
209
310
40AD0140E4150140502000000000000021000000000000000840CC
 94
0
  0
ACAD_PROXY_OBJECT
  5
2486F
102
{ACAD_REACTORS
330
24869
102
}
330
24869
100
AcDbProxyObject
 90
499
 91
519
 95
14942241
 70
0
162
614
311
4453C01D8019401C801B801A4019C01A001D00080014401D4018401B001A401D001E40245148019401B80190019401C801CC0080019801BC01C8008000C400C8008001A001BC01D401C801CC00
161
241
310
40AD0540D01404D002000040902000000000000021000000000000000840CC
 94
0
  0
SCALE
  5
10D
102
{ACAD_REACTORS
330
10C
102
}
330
10C
100
AcDbScale
 70
0
300
1:1
140
1.0
141
1.0
290
1
  0
SCALE
  5
4BAF
102
{ACAD_REACTORS
330
10C
102
}
330
10C
100
AcDbScale
 70
0
300
1:2
140
1.0
141
2.0
290
0
  0
SCALE
  5
4BB0
102
{ACAD_REACTORS
330
10C
102
}
330
10C
100
AcDbScale
 70
0
300
1:4
140
1.0
141
4.0
290
0
  0
SCALE
  5
4BB1
102
{ACAD_REACTORS
330
10C
102
}
330
10C
100
AcDbScale
 70
0
300
1:5
140
1.0
141
5.0
290
0
  0
SCALE
  5
4BB2
102
{ACAD_REACTORS
330
10C
102
}
330
10C
100
AcDbScale
 70
0
300
1:8
140
1.0
141
8.0
290
0
  0
SCALE
  5
4BB3
102
{ACAD_REACTORS
330
10C
102
}
330
10C
100
AcDbScale
 70
0
300
1:10
140
1.0
141
10.0
290
0
  0
SCALE
  5
4BB4
102
{ACAD_REACTORS
330
10C
102
}
330
10C
100
AcDbScale
 70
0
300
1:16
140
1.0
141
16.0
290
0
  0
SCALE
  5
4BB5
102
{ACAD_REACTORS
330
10C
102
}
330
10C
100
AcDbScale
 70
0
300
1:20
140
1.0
141
20.0
290
0
  0
SCALE
  5
4BB6
102
{ACAD_REACTORS
330
10C
102
}
330
10C
100
AcDbScale
 70
0
300
1:30
140
1.0
141
30.0
290
0
  0
SCALE
  5
4BB7
102
{ACAD_REACTORS
330
10C
102
}
330
10C
100
AcDbScale
 70
0
300
1:40
140
1.0
141
40.0
290
0
  0
SCALE
  5
4BB8
102
{ACAD_REACTORS
330
10C
102
}
330
10C
100
AcDbScale
 70
0
300
1:50
140
1.0
141
50.0
290
0
  0
SCALE
  5
4BB9
102
{ACAD_REACTORS
330
10C
102
}
330
10C
100
AcDbScale
 70
0
300
1:100
140
1.0
141
100.0
290
0
  0
SCALE
  5
4BBA
102
{ACAD_REACTORS
330
10C
102
}
330
10C
100
AcDbScale
 70
0
300
1:200
140
1.0
141
200.0
290
0
  0
SCALE
  5
4BBB
102
{ACAD_REACTORS
330
10C
102
}
330
10C
100
AcDbScale
 70
0
300
1:250
140
1.0
141
250.0
290
0
  0
SCALE
  5
4BBC
102
{ACAD_REACTORS
330
10C
102
}
330
10C
100
AcDbScale
 70
0
300
1:500
140
1.0
141
500.0
290
0
  0
SCALE
  5
4BBD
102
{ACAD_REACTORS
330
10C
102
}
330
10C
100
AcDbScale
 70
0
300
2:1
140
2.0
141
1.0
290
0
  0
SCALE
  5
4BBE
102
{ACAD_REACTORS
330
10C
102
}
330
10C
100
AcDbScale
 70
0
300
4:1
140
4.0
141
1.0
290
0
  0
SCALE
  5
4BBF
102
{ACAD_REACTORS
330
10C
102
}
330
10C
100
AcDbScale
 70
0
300
8:1
140
8.0
141
1.0
290
0
  0
SCALE
  5
4BC0
102
{ACAD_REACTORS
330
10C
102
}
330
10C
100
AcDbScale
 70
0
300
10:1
140
10.0
141
1.0
290
0
  0
SCALE
  5
4BC1
102
{ACAD_REACTORS
330
10C
102
}
330
10C
100
AcDbScale
 70
0
300
100:1
140
100.0
141
1.0
290
0
  0
ACDBSECTIONVIEWSTYLE
  5
24A6E
102
{ACAD_XDICTIONARY
360
24D9A
102
}
102
{ACAD_REACTORS
330
23FD2
102
}
330
23FD2
100
AcDbModelDocViewStyle
 70
0
  3
Imperial24
290
0
100
AcDbSectionViewStyle
 70
0
 71
0
 90
78
 71
1
340
11
 62
256
 40
0.24
340
0
340
0
 62
256
 40
0.24
300
I, O, Q, S, X, Z
 40
0.48
 90
3
 40
0.18
 90
1
 71
2
340
16
 90
25
 62
256
340
16
 90
50
 62
256
 40
0.24
 40
0.0
 40
0.24
 71
3
340
11
 62
256
 40
0.24
 90
1
 40
0.75
 90
1
300
%<\AcVar ViewType \f "%tc1">% %<\AcVar ViewSectionStartId>%-%<\AcVar ViewSectionEndId>%\PSCALE %<\AcVar ViewScale \f "%sn">%
 71
4
 62
256
 62
257
300
ANSI31
 40
1.0
 90
0
290
0
290
0
 90
6
 40
0.0
 40
1.570796326794896
 40
0.2617993877991494
 40
1.308996938995747
 40
-0.2617993877991494
 40
1.832595714594046
  0
ACDBSECTIONVIEWSTYLE
  5
23FD3
102
{ACAD_XDICTIONARY
360
24D96
102
}
102
{ACAD_REACTORS
330
23FD2
102
}
330
23FD2
100
AcDbModelDocViewStyle
 70
0
  3
Metric50
290
0
100
AcDbSectionViewStyle
 70
0
 71
0
 90
102
 71
1
340
11
 62
256
 40
5.0
340
0
340
0
 62
256
 40
5.0
300
I, O, Q, S, X, Z
 40
10.0
 90
0
 40
2.5
 90
0
 71
2
340
16
 90
25
 62
256
340
16
 90
50
 62
256
 40
5.0
 40
2.5
 40
5.0
 71
3
340
11
 62
256
 40
5.0
 90
0
 40
15.0
 90
1
300
%<\AcVar ViewSectionStartId>%-%<\AcVar ViewSectionEndId>% (%<\AcVar ViewScale \f "%sn">%)
 71
4
 62
256
 62
257
300
ANSI31
 40
1.0
 90
0
290
0
290
0
 90
6
 40
0.0
 40
1.570796326794896
 40
0.2617993877991494
 40
1.308996938995747
 40
-0.2617993877991494
 40
1.832595714594046
  0
TABLESTYLE
  5
7F
102
{ACAD_XDICTIONARY
360
162
102
}
102
{ACAD_REACTORS
330
7E
102
}
330
7E
100
AcDbTableStyle
280
0
  3
Standard
 70
0
 71
0
 40
1.5
 41
1.5
280
0
281
0
  7
Standard
140
4.5
170
2
 62
0
 63
7
283
0
 90
512
 91
0
  1

274
-2
284
1
 64
0
275
-2
285
1
 65
0
276
-2
286
1
 66
0
277
-2
287
1
 67
0
278
-2
288
1
 68
0
279
-2
289
1
 69
0
  7
Standard
140
6.0
170
5
 62
0
 63
7
283
0
 90
512
 91
0
  1

274
-2
284
1
 64
0
275
-2
285
1
 65
0
276
-2
286
1
 66
0
277
-2
287
1
 67
0
278
-2
288
1
 68
0
279
-2
289
1
 69
0
  7
Standard
140
4.5
170
5
 62
0
 63
7
283
0
 90
512
 91
0
  1

274
-2
284
1
 64
0
275
-2
285
1
 65
0
276
-2
286
1
 66
0
277
-2
287
1
 67
0
278
-2
288
1
 68
0
279
-2
289
1
 69
0
  0
VISUALSTYLE
  5
F5
102
{ACAD_XDICTIONARY
360
24D6C
102
}
102
{ACAD_REACTORS
330
EF
102
}
330
EF
100
AcDbVisualStyle
  2
2dWireframe
 70
4
177
2
291
0
 71
0
176
1
 72
2
176
1
 73
1
176
1
 90
0
176
1
 40
0.6
176
1
 41
30.0
176
1
 63
7
421
16777215
176
1
 74
1
176
1
 91
4
176
1
 64
7
176
1
 65
257
176
1
 75
1
176
1
175
1
176
1
 42
1.0
176
1
 92
0
176
1
 66
257
176
1
 43
1.0
176
1
 76
1
176
1
 77
6
176
1
 78
2
176
1
 67
7
176
1
 79
5
176
1
170
0
176
1
171
0
176
1
290
0
176
1
 93
1
176
1
 44
0.0
176
1
173
0
176
1
1001
ACAD
1000
AcDbSavedByObjectVersion
1070
0
  0
VISUALSTYLE
  5
F7
102
{ACAD_XDICTIONARY
360
24D70
102
}
102
{ACAD_REACTORS
330
EF
102
}
330
EF
100
AcDbVisualStyle
  2
3D Hidden
 70
6
177
2
291
0
 71
1
176
1
 72
2
176
1
 73
2
176
1
 90
0
176
1
 40
0.6
176
1
 41
30.0
176
1
 63
7
421
16777215
176
1
 74
2
176
1
 91
2
176
1
 64
7
176
1
 65
257
176
1
 75
2
176
1
175
1
176
1
 42
40.0
176
1
 92
0
176
1
 66
257
176
1
 43
1.0
176
1
 76
1
176
1
 77
6
176
1
 78
2
176
1
 67
7
176
1
 79
3
176
1
170
0
176
1
171
0
176
1
290
0
176
1
 93
1
176
1
 44
0.0
176
1
173
0
176
1
1001
ACAD
1000
AcDbSavedByObjectVersion
1070
0
  0
VISUALSTYLE
  5
F6
102
{ACAD_XDICTIONARY
360
24D6E
102
}
102
{ACAD_REACTORS
330
EF
102
}
330
EF
100
AcDbVisualStyle
  2
3dWireframe
 70
5
177
2
291
0
 71
0
176
1
 72
2
176
1
 73
1
176
1
 90
0
176
1
 40
0.6
176
1
 41
30.0
176
1
 63
7
421
16777215
176
1
 74
1
176
1
 91
4
176
1
 64
7
176
1
 65
257
176
1
 75
1
176
1
175
1
176
1
 42
1.0
176
1
 92
0
176
1
 66
257
176
1
 43
1.0
176
1
 76
1
176
1
 77
6
176
1
 78
2
176
1
 67
7
176
1
 79
5
176
1
170
0
176
1
171
0
176
1
290
0
176
1
 93
1
176
1
 44
0.0
176
1
173
0
176
1
1001
ACAD
1000
AcDbSavedByObjectVersion
1070
0
  0
VISUALSTYLE
  5
F4
102
{ACAD_XDICTIONARY
360
24D6A
102
}
102
{ACAD_REACTORS
330
EF
102
}
330
EF
100
AcDbVisualStyle
  2
Basic
 70
7
177
2
291
1
 71
1
176
1
 72
0
176
1
 73
1
176
1
 90
0
176
1
 40
0.6
176
1
 41
30.0
176
1
 63
7
421
16777215
176
1
 74
0
176
1
 91
4
176
1
 64
7
176
1
 65
257
176
1
 75
1
176
1
175
1
176
1
 42
1.0
176
1
 92
8
176
1
 66
7
176
1
 43
1.0
176
1
 76
1
176
1
 77
6
176
1
 78
2
176
1
 67
7
176
1
 79
5
176
1
170
0
176
1
171
0
176
1
290
0
176
1
 93
1
176
1
 44
0.0
176
1
173
0
176
1
1001
ACAD
1000
AcDbSavedByObjectVersion
1070
0
  0
VISUALSTYLE
  5
FB
102
{ACAD_XDICTIONARY
360
24D78
102
}
102
{ACAD_REACTORS
330
EF
102
}
330
EF
100
AcDbVisualStyle
  2
Brighten
 70
12
177
2
291
1
 71
2
176
1
 72
2
176
1
 73
1
176
1
 90
0
176
1
 40
0.6
176
1
 41
30.0
176
1
 63
7
421
16777215
176
1
 74
1
176
1
 91
4
176
1
 64
7
176
1
 65
257
176
1
 75
1
176
1
175
1
176
1
 42
1.0
176
1
 92
8
176
1
 66
7
176
1
 43
1.0
176
1
 76
1
176
1
 77
6
176
1
 78
2
176
1
 67
7
176
1
 79
5
176
1
170
0
176
1
171
0
176
1
290
0
176
1
 93
1
176
1
 44
50.0
176
1
173
0
176
1
1001
ACAD
1000
AcDbSavedByObjectVersion
1070
0
  0
VISUALSTYLE
  5
FF
102
{ACAD_XDICTIONARY
360
24D80
102
}
102
{ACAD_REACTORS
330
EF
102
}
330
EF
100
AcDbVisualStyle
  2
ColorChange
 70
16
177
2
291
1
 71
2
176
1
 72
2
176
1
 73
3
176
1
 90
0
176
1
 40
0.6
176
1
 41
30.0
176
1
 63
8
421
8421504
176
1
 74
1
176
1
 91
4
176
1
 64
7
176
1
 65
257
176
1
 75
1
176
1
175
1
176
1
 42
1.0
176
1
 92
8
176
1
 66
8
424
8421504
176
1
 43
1.0
176
1
 76
1
176
1
 77
6
176
1
 78
2
176
1
 67
7
176
1
 79
5
176
1
170
0
176
1
171
0
176
1
290
0
176
1
 93
1
176
1
 44
0.0
176
1
173
0
176
1
1001
ACAD
1000
AcDbSavedByObjectVersion
1070
0
  0
VISUALSTYLE
  5
F8
102
{ACAD_XDICTIONARY
360
24D72
102
}
102
{ACAD_REACTORS
330
EF
102
}
330
EF
100
AcDbVisualStyle
  2
Conceptual
 70
9
177
2
291
0
 71
3
176
1
 72
2
176
1
 73
1
176
1
 90
0
176
1
 40
0.6
176
1
 41
30.0
176
1
 63
7
421
16777215
176
1
 74
2
176
1
 91
2
176
1
 64
7
176
1
 65
257
176
1
 75
1
176
1
175
1
176
1
 42
40.0
176
1
 92
8
176
1
 66
7
176
1
 43
1.0
176
1
 76
1
176
1
 77
6
176
1
 78
2
176
1
 67
7
176
1
 79
3
176
1
170
0
176
1
171
0
176
1
290
0
176
1
 93
1
176
1
 44
0.0
176
1
173
0
176
1
1001
ACAD
1000
AcDbSavedByObjectVersion
1070
0
  0
VISUALSTYLE
  5
FA
102
{ACAD_XDICTIONARY
360
24D76
102
}
102
{ACAD_REACTORS
330
EF
102
}
330
EF
100
AcDbVisualStyle
  2
Dim
 70
11
177
2
291
1
 71
2
176
1
 72
2
176
1
 73
1
176
1
 90
0
176
1
 40
0.6
176
1
 41
30.0
176
1
 63
7
421
16777215
176
1
 74
1
176
1
 91
4
176
1
 64
7
176
1
 65
257
176
1
 75
1
176
1
175
1
176
1
 42
1.0
176
1
 92
8
176
1
 66
7
176
1
 43
1.0
176
1
 76
1
176
1
 77
6
176
1
 78
2
176
1
 67
7
176
1
 79
5
176
1
170
0
176
1
171
0
176
1
290
0
176
1
 93
1
176
1
 44
-50.0
176
1
173
0
176
1
1001
ACAD
1000
AcDbSavedByObjectVersion
1070
0
  0
VISUALSTYLE
  5
1E6
102
{ACAD_XDICTIONARY
360
24D86
102
}
102
{ACAD_REACTORS
330
EF
102
}
330
EF
100
AcDbVisualStyle
  2
EdgeColorOff
 70
22
177
2
291
1
 71
2
176
0
 72
2
176
0
 73
0
176
0
 90
0
176
0
 40
0.6
176
0
 41
30.0
176
0
 63
7
421
16777215
176
0
 74
1
176
0
 91
4
176
0
 64
7
176
0
 65
257
176
0
 75
1
176
0
175
1
176
0
 42
1.0
176
0
 92
8
176
2
 66
7
176
0
 43
1.0
176
0
 76
1
176
0
 77
6
176
0
 78
2
176
0
 67
7
176
0
 79
5
176
0
170
0
176
0
171
0
176
0
290
0
176
0
 93
1
176
0
 44
0.0
176
0
173
0
176
0
1001
ACAD
1000
AcDbSavedByObjectVersion
1070
0
  0
VISUALSTYLE
  5
FE
102
{ACAD_XDICTIONARY
360
24D7E
102
}
102
{ACAD_REACTORS
330
EF
102
}
330
EF
100
AcDbVisualStyle
  2
Facepattern
 70
15
177
2
291
1
 71
2
176
1
 72
2
176
1
 73
1
176
1
 90
0
176
1
 40
0.6
176
1
 41
30.0
176
1
 63
7
421
16777215
176
1
 74
1
176
1
 91
4
176
1
 64
7
176
1
 65
257
176
1
 75
1
176
1
175
1
176
1
 42
1.0
176
1
 92
8
176
1
 66
7
176
1
 43
1.0
176
1
 76
1
176
1
 77
6
176
1
 78
2
176
1
 67
7
176
1
 79
5
176
1
170
0
176
1
171
0
176
1
290
0
176
1
 93
1
176
1
 44
0.0
176
1
173
0
176
1
1001
ACAD
1000
AcDbSavedByObjectVersion
1070
0
  0
VISUALSTYLE
  5
F0
102
{ACAD_XDICTIONARY
360
24D62
102
}
102
{ACAD_REACTORS
330
EF
102
}
330
EF
100
AcDbVisualStyle
  2
Flat
 70
0
177
2
291
1
 71
2
176
1
 72
1
176
1
 73
1
176
1
 90
2
176
1
 40
0.6
176
1
 41
30.0
176
1
 63
7
421
16777215
176
1
 74
0
176
1
 91
4
176
1
 64
7
176
1
 65
257
176
1
 75
1
176
1
175
1
176
1
 42
1.0
176
1
 92
8
176
1
 66
7
176
1
 43
1.0
176
1
 76
1
176
1
 77
6
176
1
 78
2
176
1
 67
7
176
1
 79
5
176
1
170
0
176
1
171
0
176
1
290
0
176
1
 93
1
176
1
 44
0.0
176
1
173
0
176
1
1001
ACAD
1000
AcDbSavedByObjectVersion
1070
0
  0
VISUALSTYLE
  5
F1
102
{ACAD_XDICTIONARY
360
24D64
102
}
102
{ACAD_REACTORS
330
EF
102
}
330
EF
100
AcDbVisualStyle
  2
FlatWithEdges
 70
1
177
2
291
1
 71
2
176
1
 72
1
176
1
 73
1
176
1
 90
2
176
1
 40
0.6
176
1
 41
30.0
176
1
 63
7
421
16777215
176
1
 74
1
176
1
 91
4
176
1
 64
7
176
1
 65
257
176
1
 75
1
176
1
175
1
176
1
 42
1.0
176
1
 92
0
176
1
 66
257
176
1
 43
1.0
176
1
 76
1
176
1
 77
6
176
1
 78
2
176
1
 67
7
176
1
 79
5
176
1
170
0
176
1
171
0
176
1
290
0
176
1
 93
1
176
1
 44
0.0
176
1
173
0
176
1
1001
ACAD
1000
AcDbSavedByObjectVersion
1070
0
  0
VISUALSTYLE
  5
F2
102
{ACAD_XDICTIONARY
360
24D66
102
}
102
{ACAD_REACTORS
330
EF
102
}
330
EF
100
AcDbVisualStyle
  2
Gouraud
 70
2
177
2
291
1
 71
2
176
1
 72
2
176
1
 73
1
176
1
 90
2
176
1
 40
0.6
176
1
 41
30.0
176
1
 63
7
421
16777215
176
1
 74
0
176
1
 91
4
176
1
 64
7
176
1
 65
257
176
1
 75
1
176
1
175
1
176
1
 42
1.0
176
1
 92
0
176
1
 66
7
176
1
 43
1.0
176
1
 76
1
176
1
 77
6
176
1
 78
2
176
1
 67
7
176
1
 79
5
176
1
170
0
176
1
171
0
176
1
290
0
176
1
 93
1
176
1
 44
0.0
176
1
173
0
176
1
1001
ACAD
1000
AcDbSavedByObjectVersion
1070
0
  0
VISUALSTYLE
  5
F3
102
{ACAD_XDICTIONARY
360
24D68
102
}
102
{ACAD_REACTORS
330
EF
102
}
330
EF
100
AcDbVisualStyle
  2
GouraudWithEdges
 70
3
177
2
291
1
 71
2
176
1
 72
2
176
1
 73
1
176
1
 90
2
176
1
 40
0.6
176
1
 41
30.0
176
1
 63
7
421
16777215
176
1
 74
1
176
1
 91
4
176
1
 64
7
176
1
 65
257
176
1
 75
1
176
1
175
1
176
1
 42
1.0
176
1
 92
0
176
1
 66
257
176
1
 43
1.0
176
1
 76
1
176
1
 77
6
176
1
 78
2
176
1
 67
7
176
1
 79
5
176
1
170
0
176
1
171
0
176
1
290
0
176
1
 93
1
176
1
 44
0.0
176
1
173
0
176
1
1001
ACAD
1000
AcDbSavedByObjectVersion
1070
0
  0
VISUALSTYLE
  5
23FCC
102
{ACAD_XDICTIONARY
360
24D8A
102
}
102
{ACAD_REACTORS
330
EF
102
}
330
EF
100
AcDbVisualStyle
  2
Hidden
 70
6
177
2
291
0
 71
1
176
1
 72
2
176
1
 73
2
176
1
 90
0
176
1
 40
0.6
176
1
 41
30.0
176
1
 63
7
421
16777215
176
1
 74
2
176
1
 91
2
176
1
 64
7
176
1
 65
257
176
1
 75
2
176
1
175
1
176
1
 42
40.0
176
1
 92
0
176
1
 66
257
176
1
 43
1.0
176
1
 76
1
176
1
 77
6
176
1
 78
2
176
1
 67
7
176
1
 79
3
176
1
170
0
176
1
171
0
176
1
290
0
176
1
 93
1
176
1
 44
0.0
176
1
173
0
176
1
1001
ACAD
1000
AcDbSavedByObjectVersion
1070
0
  0
VISUALSTYLE
  5
1E4
102
{ACAD_XDICTIONARY
360
24D82
102
}
102
{ACAD_REACTORS
330
EF
102
}
330
EF
100
AcDbVisualStyle
  2
JitterOff
 70
20
177
2
291
1
 71
2
176
0
 72
2
176
0
 73
0
176
0
 90
0
176
0
 40
0.6
176
0
 41
30.0
176
0
 63
7
421
16777215
176
0
 74
1
176
0
 91
4
176
0
 64
7
176
0
 65
257
176
0
 75
1
176
0
175
1
176
0
 42
1.0
176
0
 92
10
176
2
 66
7
176
0
 43
1.0
176
0
 76
1
176
0
 77
6
176
0
 78
2
176
0
 67
7
176
0
 79
5
176
0
170
0
176
0
171
0
176
0
290
0
176
0
 93
1
176
0
 44
0.0
176
0
173
0
176
0
1001
ACAD
1000
AcDbSavedByObjectVersion
1070
0
  0
VISUALSTYLE
  5
FD
102
{ACAD_XDICTIONARY
360
24D7C
102
}
102
{ACAD_REACTORS
330
EF
102
}
330
EF
100
AcDbVisualStyle
  2
Linepattern
 70
14
177
2
291
1
 71
2
176
1
 72
2
176
1
 73
1
176
1
 90
0
176
1
 40
0.6
176
1
 41
30.0
176
1
 63
7
421
16777215
176
1
 74
1
176
1
 91
4
176
1
 64
7
176
1
 65
257
176
1
 75
7
176
1
175
7
176
1
 42
1.0
176
1
 92
8
176
1
 66
7
176
1
 43
1.0
176
1
 76
1
176
1
 77
6
176
1
 78
2
176
1
 67
7
176
1
 79
5
176
1
170
0
176
1
171
0
176
1
290
0
176
1
 93
1
176
1
 44
0.0
176
1
173
0
176
1
1001
ACAD
1000
AcDbSavedByObjectVersion
1070
0
  0
VISUALSTYLE
  5
1E5
102
{ACAD_XDICTIONARY
360
24D84
102
}
102
{ACAD_REACTORS
330
EF
102
}
330
EF
100
AcDbVisualStyle
  2
OverhangOff
 70
21
177
2
291
1
 71
2
176
0
 72
2
176
0
 73
0
176
0
 90
0
176
0
 40
0.6
176
0
 41
30.0
176
0
 63
7
421
16777215
176
0
 74
1
176
0
 91
4
176
0
 64
7
176
0
 65
257
176
0
 75
1
176
0
175
1
176
0
 42
1.0
176
0
 92
9
176
2
 66
7
176
0
 43
1.0
176
0
 76
1
176
0
 77
6
176
0
 78
2
176
0
 67
7
176
0
 79
5
176
0
170
0
176
0
171
0
176
0
290
0
176
0
 93
1
176
0
 44
0.0
176
0
173
0
176
0
1001
ACAD
1000
AcDbSavedByObjectVersion
1070
0
  0
VISUALSTYLE
  5
F9
102
{ACAD_XDICTIONARY
360
24D74
102
}
102
{ACAD_REACTORS
330
EF
102
}
330
EF
100
AcDbVisualStyle
  2
Realistic
 70
8
177
2
291
0
 71
2
176
1
 72
2
176
1
 73
1
176
1
 90
0
176
1
 40
0.6
176
1
 41
30.0
176
1
 63
7
421
16777215
176
1
 74
1
176
1
 91
0
176
1
 64
7
176
1
 65
257
176
1
 75
1
176
1
175
1
176
1
 42
1.0
176
1
 92
8
176
1
 66
8
424
7895160
176
1
 43
1.0
176
1
 76
1
176
1
 77
6
176
1
 78
2
176
1
 67
7
176
1
 79
5
176
1
170
0
176
1
171
0
176
1
290
0
176
1
 93
13
176
1
 44
0.0
176
1
173
0
176
1
1001
ACAD
1000
AcDbSavedByObjectVersion
1070
0
  0
VISUALSTYLE
  5
23FD1
102
{ACAD_XDICTIONARY
360
24D94
102
}
102
{ACAD_REACTORS
330
EF
102
}
330
EF
100
AcDbVisualStyle
  2
Shaded
 70
27
177
2
291
0
 71
2
176
1
 72
2
176
1
 73
1
176
1
 90
2
176
1
 40
0.6
176
1
 41
30.0
176
1
 63
7
421
16777215
176
1
 74
0
176
1
 91
4
176
1
 64
7
176
1
 65
257
176
1
 75
1
176
1
175
1
176
1
 42
1.0
176
1
 92
8
176
1
 66
257
176
1
 43
1.0
176
1
 76
1
176
1
 77
6
176
1
 78
2
176
1
 67
8
425
7895160
176
1
 79
3
176
1
170
0
176
1
171
0
176
1
290
0
176
1
 93
5
176
1
 44
0.0
176
1
173
0
176
1
1001
ACAD
1000
AcDbSavedByObjectVersion
1070
0
  0
VISUALSTYLE
  5
23FD0
102
{ACAD_XDICTIONARY
360
24D92
102
}
102
{ACAD_REACTORS
330
EF
102
}
330
EF
100
AcDbVisualStyle
  2
Shaded with edges
 70
26
177
2
291
0
 71
2
176
1
 72
2
176
1
 73
1
176
1
 90
2
176
1
 40
0.6
176
1
 41
30.0
176
1
 63
7
421
16777215
176
1
 74
1
176
1
 91
2
176
1
 64
7
176
1
 65
257
176
1
 75
2
176
1
175
1
176
1
 42
1.0
176
1
 92
8
176
1
 66
257
176
1
 43
1.0
176
1
 76
1
176
1
 77
6
176
1
 78
2
176
1
 67
7
176
1
 79
3
176
1
170
0
176
1
171
0
176
1
290
0
176
1
 93
5
176
1
 44
0.0
176
1
173
0
176
1
1001
ACAD
1000
AcDbSavedByObjectVersion
1070
0
  0
VISUALSTYLE
  5
23FCD
102
{ACAD_XDICTIONARY
360
24D8C
102
}
102
{ACAD_REACTORS
330
EF
102
}
330
EF
100
AcDbVisualStyle
  2
Shades of Gray
 70
23
177
2
291
0
 71
2
176
1
 72
2
176
1
 73
3
176
1
 90
0
176
1
 40
0.6
176
1
 41
30.0
176
1
 63
7
421
16777215
176
1
 74
2
176
1
 91
2
176
1
 64
7
176
1
 65
7
176
1
 75
1
176
1
175
1
176
1
 42
40.0
176
1
 92
8
176
1
 66
7
176
1
 43
1.0
176
1
 76
1
176
1
 77
6
176
1
 78
2
176
1
 67
7
176
1
 79
3
176
1
170
0
176
1
171
0
176
1
290
0
176
1
 93
1
176
1
 44
0.0
176
1
173
0
176
1
1001
ACAD
1000
AcDbSavedByObjectVersion
1070
0
  0
VISUALSTYLE
  5
23FCE
102
{ACAD_XDICTIONARY
360
24D8E
102
}
102
{ACAD_REACTORS
330
EF
102
}
330
EF
100
AcDbVisualStyle
  2
Sketchy
 70
24
177
2
291
0
 71
1
176
1
 72
2
176
1
 73
2
176
1
 90
0
176
1
 40
0.6
176
1
 41
30.0
176
1
 63
7
421
16777215
176
1
 74
2
176
1
 91
2
176
1
 64
7
176
1
 65
7
176
1
 75
1
176
1
175
1
176
1
 42
40.0
176
1
 92
11
176
1
 66
7
176
1
 43
1.0
176
1
 76
1
176
1
 77
6
176
1
 78
2
176
1
 67
7
176
1
 79
6
176
1
170
0
176
1
171
0
176
1
290
0
176
1
 93
1
176
1
 44
0.0
176
1
173
0
176
1
1001
ACAD
1000
AcDbSavedByObjectVersion
1070
0
  0
VISUALSTYLE
  5
FC
102
{ACAD_XDICTIONARY
360
24D7A
102
}
102
{ACAD_REACTORS
330
EF
102
}
330
EF
100
AcDbVisualStyle
  2
Thicken
 70
13
177
2
291
1
 71
2
176
1
 72
2
176
1
 73
1
176
1
 90
0
176
1
 40
0.6
176
1
 41
30.0
176
1
 63
7
421
16777215
176
1
 74
1
176
1
 91
4
176
1
 64
7
176
1
 65
257
176
1
 75
1
176
1
175
1
176
1
 42
1.0
176
1
 92
12
176
1
 66
7
176
1
 43
1.0
176
1
 76
1
176
1
 77
6
176
1
 78
2
176
1
 67
7
176
1
 79
5
176
1
170
0
176
1
171
0
176
1
290
0
176
1
 93
1
176
1
 44
0.0
176
1
173
0
176
1
1001
ACAD
1000
AcDbSavedByObjectVersion
1070
0
  0
VISUALSTYLE
  5
23FCB
102
{ACAD_XDICTIONARY
360
24D88
102
}
102
{ACAD_REACTORS
330
EF
102
}
330
EF
100
AcDbVisualStyle
  2
Wireframe
 70
5
177
2
291
0
 71
0
176
1
 72
2
176
1
 73
0
176
1
 90
0
176
1
 40
0.6
176
1
 41
30.0
176
1
 63
7
421
16777215
176
1
 74
1
176
1
 91
4
176
1
 64
7
176
1
 65
257
176
1
 75
1
176
1
175
1
176
1
 42
1.0
176
1
 92
0
176
1
 66
257
176
1
 43
1.0
176
1
 76
1
176
1
 77
6
176
1
 78
2
176
1
 67
7
176
1
 79
3
176
1
170
0
176
1
171
0
176
1
290
0
176
1
 93
1
176
1
 44
0.0
176
1
173
0
176
1
1001
ACAD
1000
AcDbSavedByObjectVersion
1070
0
  0
VISUALSTYLE
  5
23FCF
102
{ACAD_XDICTIONARY
360
24D90
102
}
102
{ACAD_REACTORS
330
EF
102
}
330
EF
100
AcDbVisualStyle
  2
X-Ray
 70
25
177
2
291
0
 71
2
176
1
 72
2
176
1
 73
1
176
1
 90
1
176
1
 40
0.5
176
1
 41
30.0
176
1
 63
7
421
16777215
176
1
 74
1
176
1
 91
0
176
1
 64
7
176
1
 65
257
176
1
 75
1
176
1
175
1
176
1
 42
1.0
176
1
 92
8
176
1
 66
7
176
1
 43
1.0
176
1
 76
1
176
1
 77
6
176
1
 78
2
176
1
 67
7
176
1
 79
3
176
1
170
0
176
1
171
0
176
1
290
0
176
1
 93
13
176
1
 44
0.0
176
1
173
0
176
1
1001
ACAD
1000
AcDbSavedByObjectVersion
1070
0
  0
DICTIONARYVAR
  5
146
102
{ACAD_REACTORS
330
5E
102
}
330
5E
100
DictionaryVariables
280
0
  1
1:1
  0
DICTIONARYVAR
  5
145
102
{ACAD_REACTORS
330
5E
102
}
330
5E
100
DictionaryVariables
280
0
  1
STANDARD
  0
DICTIONARYVAR
  5
84
102
{ACAD_REACTORS
330
5E
102
}
330
5E
100
DictionaryVariables
280
0
  1
STANDARD
  0
DICTIONARYVAR
  5
2409B
102
{ACAD_REACTORS
330
5E
102
}
330
5E
100
DictionaryVariables
280
0
  1
Metric50
  0
DICTIONARYVAR
  5
2409C
102
{ACAD_REACTORS
330
5E
102
}
330
5E
100
DictionaryVariables
280
0
  1
Metric50
  0
DICTIONARYVAR
  5
5F
102
{ACAD_REACTORS
330
5E
102
}
330
5E
100
DictionaryVariables
280
0
  1
2
  0
DICTIONARYVAR
  5
63
102
{ACAD_REACTORS
330
5E
102
}
330
5E
100
DictionaryVariables
280
0
  1
1
  0
DICTIONARYVAR
  5
1AE
102
{ACAD_REACTORS
330
5E
102
}
330
5E
100
DictionaryVariables
280
0
  1
0
  0
DICTIONARYVAR
  5
1AF
102
{ACAD_REACTORS
330
5E
102
}
330
5E
100
DictionaryVariables
280
0
  1
0
  0
DICTIONARY
  5
24D61
102
{ACAD_REACTORS
330
24D5F
102
}
330
24D5F
100
AcDbDictionary
281
1
  0
DICTIONARY
  5
24D60
102
{ACAD_REACTORS
330
24D5F
102
}
330
24D5F
100
AcDbDictionary
281
1
  3
1435912551200
350
24D5A
  3
1435912551216
350
24D5B
  3
1435912551232
350
24D5C
  3
1435912551248
350
24D5D
  3
1435912551264
350
24D5E
  0
DICTIONARY
  5
24D9C
330
24A6F
100
AcDbDictionary
280
1
281
1
  3
ACAD_XREC_ROUNDTRIP
360
24D9D
  0
DICTIONARY
  5
24D98
330
23FD5
100
AcDbDictionary
280
1
281
1
  3
ACAD_XREC_ROUNDTRIP
360
24D99
  0
DICTIONARY
  5
472F
330
D3
100
AcDbDictionary
280
1
281
1
  0
DICTIONARY
  5
4484
330
22
100
AcDbDictionary
280
1
281
1
  0
DICTIONARY
  5
173
330
EE
100
AcDbDictionary
280
1
281
1
  3
BUMPTILE
360
175
  3
DIFFUSETILE
360
174
  3
FBXASSET
360
24052
  3
OPACITYTILE
360
176
  3
REFLECTIONTILE
360
177
  0
DICTIONARY
  5
24D9A
330
24A6E
100
AcDbDictionary
280
1
281
1
  3
ACAD_XREC_ROUNDTRIP
360
24D9B
  0
DICTIONARY
  5
24D96
330
23FD3
100
AcDbDictionary
280
1
281
1
  3
ACAD_XREC_ROUNDTRIP
360
24D97
  0
DICTIONARY
  5
162
330
7F
100
AcDbDictionary
280
1
281
1
  3
ACAD_ROUNDTRIP_2008_TABLESTYLE_CELLSTYLEMAP
360
24D54
  0
DICTIONARY
  5
24D6C
330
F5
100
AcDbDictionary
280
1
281
1
  3
ACAD_XREC_ROUNDTRIP
360
24D6D
  0
DICTIONARY
  5
24D70
330
F7
100
AcDbDictionary
280
1
281
1
  3
ACAD_XREC_ROUNDTRIP
360
24D71
  0
DICTIONARY
  5
24D6E
330
F6
100
AcDbDictionary
280
1
281
1
  3
ACAD_XREC_ROUNDTRIP
360
24D6F
  0
DICTIONARY
  5
24D6A
330
F4
100
AcDbDictionary
280
1
281
1
  3
ACAD_XREC_ROUNDTRIP
360
24D6B
  0
DICTIONARY
  5
24D78
330
FB
100
AcDbDictionary
280
1
281
1
  3
ACAD_XREC_ROUNDTRIP
360
24D79
  0
DICTIONARY
  5
24D80
330
FF
100
AcDbDictionary
280
1
281
1
  3
ACAD_XREC_ROUNDTRIP
360
24D81
  0
DICTIONARY
  5
24D72
330
F8
100
AcDbDictionary
280
1
281
1
  3
ACAD_XREC_ROUNDTRIP
360
24D73
  0
DICTIONARY
  5
24D76
330
FA
100
AcDbDictionary
280
1
281
1
  3
ACAD_XREC_ROUNDTRIP
360
24D77
  0
DICTIONARY
  5
24D86
330
1E6
100
AcDbDictionary
280
1
281
1
  3
ACAD_XREC_ROUNDTRIP
360
24D87
  0
DICTIONARY
  5
24D7E
330
FE
100
AcDbDictionary
280
1
281
1
  3
ACAD_XREC_ROUNDTRIP
360
24D7F
  0
DICTIONARY
  5
24D62
330
F0
100
AcDbDictionary
280
1
281
1
  3
ACAD_XREC_ROUNDTRIP
360
24D63
  0
DICTIONARY
  5
24D64
330
F1
100
AcDbDictionary
280
1
281
1
  3
ACAD_XREC_ROUNDTRIP
360
24D65
  0
DICTIONARY
  5
24D66
330
F2
100
AcDbDictionary
280
1
281
1
  3
ACAD_XREC_ROUNDTRIP
360
24D67
  0
DICTIONARY
  5
24D68
330
F3
100
AcDbDictionary
280
1
281
1
  3
ACAD_XREC_ROUNDTRIP
360
24D69
  0
DICTIONARY
  5
24D8A
330
23FCC
100
AcDbDictionary
280
1
281
1
  3
ACAD_XREC_ROUNDTRIP
360
24D8B
  0
DICTIONARY
  5
24D82
330
1E4
100
AcDbDictionary
280
1
281
1
  3
ACAD_XREC_ROUNDTRIP
360
24D83
  0
DICTIONARY
  5
24D7C
330
FD
100
AcDbDictionary
280
1
281
1
  3
ACAD_XREC_ROUNDTRIP
360
24D7D
  0
DICTIONARY
  5
24D84
330
1E5
100
AcDbDictionary
280
1
281
1
  3
ACAD_XREC_ROUNDTRIP
360
24D85
  0
DICTIONARY
  5
24D74
330
F9
100
AcDbDictionary
280
1
281
1
  3
ACAD_XREC_ROUNDTRIP
360
24D75
  0
DICTIONARY
  5
24D94
330
23FD1
100
AcDbDictionary
280
1
281
1
  3
ACAD_XREC_ROUNDTRIP
360
24D95
  0
DICTIONARY
  5
24D92
330
23FD0
100
AcDbDictionary
280
1
281
1
  3
ACAD_XREC_ROUNDTRIP
360
24D93
  0
DICTIONARY
  5
24D8C
330
23FCD
100
AcDbDictionary
280
1
281
1
  3
ACAD_XREC_ROUNDTRIP
360
24D8D
  0
DICTIONARY
  5
24D8E
330
23FCE
100
AcDbDictionary
280
1
281
1
  3
ACAD_XREC_ROUNDTRIP
360
24D8F
  0
DICTIONARY
  5
24D7A
330
FC
100
AcDbDictionary
280
1
281
1
  3
ACAD_XREC_ROUNDTRIP
360
24D7B
  0
DICTIONARY
  5
24D88
330
23FCB
100
AcDbDictionary
280
1
281
1
  3
ACAD_XREC_ROUNDTRIP
360
24D89
  0
DICTIONARY
  5
24D90
330
23FCF
100
AcDbDictionary
280
1
281
1
  3
ACAD_XREC_ROUNDTRIP
360
24D91
  0
XRECORD
  5
24D5A
102
{ACAD_REACTORS
330
24D60
102
}
330
24D60
100
AcDbXrecord
280
1
  1
AcDb_Thumbnail_Schema
102
{ATTRRECORD
341
24D5B
  2
AcDbDs::TreatedAsObjectData
280
1
291
1
102
ATTRRECORD}
102
{ATTRRECORD
341
24D5C
  2
AcDbDs::Legacy
280
1
291
1
102
ATTRRECORD}
  2
AcDbDs::ID
280
10
 91
8
102
{ATTRRECORD
341
24D5D
  2
AcDs:Indexable
280
1
291
1
102
ATTRRECORD}
102
{ATTRRECORD
341
24D5E
  2
AcDbDs::HandleAttribute
280
7
282
1
102
ATTRRECORD}
  2
Thumbnail_Data
280
15
 91
0
  0
XRECORD
  5
24D5B
102
{ACAD_REACTORS
330
24D60
102
}
330
24D60
100
AcDbXrecord
280
1
  1
AcDbDs::TreatedAsObjectDataSchema
  2
AcDbDs::TreatedAsObjectData
280
1
 91
0
  0
XRECORD
  5
24D5C
102
{ACAD_REACTORS
330
24D60
102
}
330
24D60
100
AcDbXrecord
280
1
  1
AcDbDs::LegacySchema
  2
AcDbDs::Legacy
280
1
 91
0
  0
XRECORD
  5
24D5D
102
{ACAD_REACTORS
330
24D60
102
}
330
24D60
100
AcDbXrecord
280
1
  1
AcDbDs::IndexedPropertySchema
  2
AcDs:Indexable
280
1
 91
0
  0
XRECORD
  5
24D5E
102
{ACAD_REACTORS
330
24D60
102
}
330
24D60
100
AcDbXrecord
280
1
  1
AcDbDs::HandleAttributeSchema
  2
AcDbDs::HandleAttribute
280
7
 91
1
284
1
  0
XRECORD
  5
24D9D
102
{ACAD_REACTORS
330
24D9C
102
}
330
24D9C
100
AcDbXrecord
280
1
102
DISPLAYNAME
  1
Imperial24
102
FLAGS
 90
0
  0
XRECORD
  5
24D99
102
{ACAD_REACTORS
330
24D98
102
}
330
24D98
100
AcDbXrecord
280
1
102
DISPLAYNAME
  1
Metric50
102
FLAGS
 90
0
  0
XRECORD
  5
175
102
{ACAD_REACTORS
330
173
102
}
330
173
100
AcDbXrecord
280
1
270
1
271
1
  0
XRECORD
  5
174
102
{ACAD_REACTORS
330
173
102
}
330
173
100
AcDbXrecord
280
1
270
1
271
1
  0
XRECORD
  5
24052
102
{ACAD_REACTORS
330
173
102
}
330
173
100
AcDbXrecord
280
1
 70
1
 90
1673772943
 71
1
  1
D78702C5-6A80-4744-A4B1-F464CFA39D74
311
504B030414000608080009576551E31FB9333B010000A80100004F00000043303841344642312D433438332D343537442D423137332D4245323739303133343131372F4173736574446174612F446566696E6974696F6E4974657261746F7250726F706572746965732E62696E55503D4EC3301476A90462E880C4013AB055
311
264EE2D42912023B699858409DC10DA6ADE4A6559D88352323129CA21C0124BA21B1F7105C00B195679A0A61E9F37BDFFBFDEC7B84D0AA3AE0A21AA084BB01F64C656A364A2FD3A11A4BB46D237AD297FA003C4299105C44384EC20EA65DE162EEFB0126A1EB799E1B502EBA5B50B70388D5AD2C746E479E8F4CAAB496999A
311
14660F02D58EE658E6B04BEA43DBB48B903525006D12C64E1AAC155991770079333D3A91C6A8FCD88948C8690232221AFA98062CC6C2653E165D8F7588EB53D765CE85329362962AE3C42C64C48B02DCE621C194518A3985EE84B6699470BF1333EAE4C3C27ECDBE95D1CFE4483BC4A9245C4DB30184117A5B3C7D839E06AA
311
FFD2C5CB9AD72AFEF0FA9F93AFE7475B5F8317CE57F3DEE9E786D751AB5C2E9BEF7FF3E6BD5679FDB1E63F504B030414000608080009576551D3E88D8FEC000000300200004500000043303841344642312D433438332D343537442D423137332D4245323739303133343131372F4173736574446174612F496E7374616E63
311
6550726F706572746965732E62696EEB606060F80F0540260323103700495E20ED9E9A975A94991C9C9C919A9BA802147031B73037307236D53573B430D035313731D175347132D47533313371767334B6743137614768046931363471713532B5D435353131D635313332D475727372D13534373670367376B67474B5042A
311
03DBCBA019D37FE8ABC6157B20CD04146B0062181F4C03F940F0C11EA29A8141C08141002C0426541C106CAC2CA046088033B02A030AC2157C6006F21A8018AAF50194E6010A610250382264E08660284CD9E98021862280A91564B406929A0FF62C401E28B6F88038B83CB1243943D7A928312F25350524432B0000504B03
311
0414000608080009576551B5A795FFE3790000DE7900006B00000043303841344642312D433438332D343537442D423137332D4245323739303133343131372F5265736F75726365732F44373837303243352D364138302D343734342D413442312D4634363443464133394437342F7468756D626E61696C2F302F67656E65
311
7269635F706E6701DE79218689504E470D0A1A0A0000000D49484452000001000000010008030000006BAC58540000000467414D410000B18F0BFC6105000000017352474200AECE1CE900000192504C5445818181B3B3B35A5A5A4848486060605C5C5C6464648383835E5E5E6262624E4E4EAFAFAF4A4A4AB5B5B54C4C4C
311
B1B1B1858585B7B7B7585858ADADAD7C7C7C464646787878ABABAB747474A7A7A7686868707070B9B9B96E6E6E6A6A6A8B8B8B666666545454565656A5A5A5505050A1A1A1BBBBBB8F8F8F9F9F9F4242425252527676764040403E3E3E9B9B9B7A7A7A8989897E7E7E9393939797974444448787873C3C3C727272BDBDBD3A
311
3A3A6C6C6CA9A9A9A3A3A32020209D9D9DBFBFBF8D8D8D9595959191912626269999992222222424241E1E1EC1C1C1282828C3C3C32C2C2C2A2A2A2E2E2E303030C5C5C53232321C1C1C363636383838343434C7C7C71A1A1A0E0E0E121212484A484C4E4C1616160A0A0A4A4C4A787A781414147C7E7C9193915E605E4648
311
46838583878987B1B3B18587856668665A5C5A626462818381A7A7A5A3A3A1B1B1AFADAFAD7072705C5E5C9D9D9BABADAB7E817EB7B9B7585A58BBBDBB4C4C4A8D8F8D747674B5B5B3B7B7B59FA19F606260ABABA9A5A5A39B9B99A9A9A78F8F8D6C6C6AC7C7C5451AD12700002000494441547801DCBD89771BD7B5A70B8E
311
E04C702641712605CE034890E220088028C93245451215B713AF388E7DFD9EEDB8DDCE6ABFF4B57D97137BE50FEFEFDBA74049B6AEED74869B7E87404D2814EBB7F76F0F67A8835CEEBFA0E42B854AA5B2BB5B6BCC951A8D52A93657A914FE0BEEE39FFE2FF395B9B9C6CAD2D4C4606F4B7FFF8D1B37EEDCB97587F7CD9B43
311
43BD134BABE7DB48E3FFA7A228ECD6F6574E4786C0FC8B5FFCE2CD5FFCE297BF7CF3CD5FFC92B52FFE58BFF9E69B776E0EF5F79E55CBBBF9FC3F5D3DFFB07F5898ABAF7CDA3B74E74EC0CE20230561BF096E97E05712BFFCC59BC80539DCE83DDD6E54FE61B7747DE17FB8980BBBFB2BBD4337DF487881AAE6C5ACC6AF2520
311
7877B2B527BFF1CB3B77FA47561ABBD7F7FA7FE146A5B6BD74E3164C7F51449AE95DB412200EC539418717E7F2F11B376FF62E95FEAF1442BED0581DBCA1BD2780D23F506AFA16E1A7AD974EF17876F00DD7BCB187A1A97AE51FCED5BF2BC1F2BBE5B3C19BE27B43CF26DE00933658FE129B109C2FFF922CC22C4260FA01BE
311
FB462A77DEBC35F42F600C3F5B0795D2E9E02DAD5E650B4438A92801B65C35CBAB7B1EE5041CE69D3B6F1822DFB873EBD6AD3B6FBC71EBC6C86AE967DFC2DFA4CEBFF1BF54F6276EBC114E2F43FEC60B01A0D440A868B2920E5C4BC10D60931ADCB871F3268B21D3851B08E1D6AD9BFD4BF57F7577909FAB86F29B98257113
311
6AF01DF5FE32AC3BD9406CAAF2440A54CF176EDD01FBADA1FEFEFE21FE4C9858DFF4183458A9FD2B6708A5A5A137E0EE1D11A9EC0C7C58B2C73C0AD6B479BD76B7790CF899E287FA5B06FB7B07C9195B7851FA8794031EF1FC5F9406BBFB23375420286399B631E93B08022A785C4DBF9996EC3551874094D71B6F487E80F6
311
837E50F483BDBDBD83232323AC420A18C68DA196EDDADF68A77F938F78FD972BABBDB7B87FB164AC6FC2CB760365821ACB74AED44FFAD7E7431ECD7E08AC421F391D199998989A383D9D98E8E56F84A318C58D9BFD2DAB73FF5222C8EFAEF4DE7AF30D756E5108683DA471E70D0502099A7240F19E4089D3FD203E620F1B47
311
BF43501E85031AE44B4B9F2E4D2D9D4D51D8970983FA861B3706FF950CA170DE82F6B312CC4F42C8966295F7D725ED29882415DC055F36DEA1FE96FEC141493F05FAA9A9A5A595B333DED5B3D5A533F62183323032F46EFF13EA0AAFA5FBF7C8976F8C10F7280A014832593B90004D52341980D907EAEB73411EB2F1EBC9F5
311
07F92746C40E7AE0AFAE54292BAB2BAB67CAE0746264A277B06508168C94BF772BE9765F7BF0B548FE1E07F3B5A521340A5CB5297C4B12811B89E82191ECF3E41B3259C529F135E23CF4C7F961FB13537F5A02ECCAEA76B5BA5D3D3FDF3F2FEFEFB3AA22053E5008833428DC6C59FA2F770595F311F235D427F379BB8A121B
311
D901B96076A388DC4C3C61C7933CCCD770FF375A6E0CE9F535FE2534BF5ADD3E3FAFD71BF57AA951B6D4CFEBFB8864758A26154430080B06ABFF557610ECC93726224F155D1471041E0D42F82F4891C926C1355B0831649FF365F46FF05300A7A790BD8ADEEB0D4AA9569A9BDBADCCD56AA55AE377F5F3F3EA2A34983A1DE9
311
1D810543138D7F28E57FF4E2B5335A3928B76EA1CB9B00BF158C8F63A2E788826896D0B5E7C461949ECE089144F8EBEFC7FB4D8C9C4E9DAD60F7FBE572B416C2F2423ECF8B86C439E450DA970634ACFDA977629098D0B2FAF313A36B3869E37AF7853378CDA1171FBEBA95DF1E44FD5144A420588641B0055A79ED91CC0DC4
311
1E27064512FB33F1F04D09D0D2DF0203A646A6CECE80DF28356A348CED8C4F1EF137B9319E1BCD29867CA556AA97F7B757567006A447FD375A26CAAFDED9CFDCFB2BB0BEEE8AA5911BC2C7F85DF88A3775389990AA72219D582409210F85A4E66F2987D875C30848023088FDF77E87F96FD7CBA5B9DCCEF4F4C9FC7C676777
311
577B7B7B67E7ECCCE4E8DEE85E81A6D55AA3BC7FBEB242589CE8ED4770E785D7DDE23FF2587EBF57F50B9E820527316488E5C32D50F979BCA58207297E2B6D658702FFCD211840FE43FC9F3A5BAD9E97E6F21B9FCF16BBBB3A3A5A175B5B1787875B5B3B86DFEFFC687A72674F19D46A8DFDF3EACA59E405375ACE76FFA922
311
C817CE86A89BDD92F400F2C55B7462F610459837D3A61ACF50C7471C8F2F2A9D38C3DA2F068007F80EFCDBFBE5DCC674B1D83EBCBEB8BCBCBC3ED0D3D333D0B3DE33BCBEB0D8DA35FBF9F8CECE68AE020BCE61C112A4C1138CD47F9AD13F7DC6AB9CF9CFCFAF9D0E01FFE6CD503F5B91C5218E2899CA15098714848B04FCE5
311
654884ABF0E554F11F6C21D73D5D5AADD64B7B9327DDAD8B0B7D7D6D6D07070763BC0F3E38E8EB4310EBEB8BC3DDB347E3E37B5842B97C4E44A0C630427E5CFDFB71E03F471E12CA9FF70E055AE141042DD81234B879EB4606361D9328149037D7D76A571A7E974FA20AD0323832713AB5BA7ABE3B3E3D3FBC30307070B0B9
311
B645D93C3CDC3CDCA41CFC6AAC2D64D0D579B4B1B397A7C1BDBEBD7D36657A3CD4B2F44F4909F2B9CA597F4245C59DEC354316F0587020D0C661742BC02869435FD12CF195C422DB3C5A3E2305C000CE6B7B27ED8B7D63079B5B5B878787C787C7C7C757C76C51B60ED60EDAFA06D67B965B3B672677080BB5329E60E9B477
311
847AE2E9EB53E35779FD37EFCD2D0DDD68AA355B6B0D81860502B8B68C801F5C697E9AD62F4B406244CB975560BAC756AAA577675B07C6D03778C17E7C95CAF1B3ABABE3E3ADADE3CDB1B1B6B681014470343EBA979F8B90383545727C63E43549D14FD0F927E5F1FDEFD7263058FE02EBCD1BDCBCA053496BD58E69BC44F9
311
F854D4D979AE9ADB908824382AC1D4014E9756EAF9CE85B6B54DB01F02F8EA5908E0D9D5F1B3E72188C3C3AB67879B07C8A0A767B8B831FE5E7EB754DEAE5261460243FFF07858D8EF0D658BDC563A2C5EF5833C13C90B69248C4DD97842B61DFA7F210A2F6108A0F96B62E2D3B3F3DD939EA47E30ABF5AB2B903F4BE5F9B3
311
6757CF65021E616DAC6F60A1FB647274B4B05B2E5341B082D43278F67D8DFDA48AFF9A13F22B34C7586C9992BA6E66CABC190E313E7C811AA57304B421A75B289B9D174CC868C24548823E230B9A5A2DCD2CAFE1F98E61C015CA7E96B083FC59F3ED06EE60F360B3AD6F79787ED278D0A86FAFE00BA9220EAEFE1D5DE1F785
311
5939C3FCC1332426B377F692406E022C010DB437EF009803F0DCFD3B7C94440571D8F2C328F115F47FD324802070BAB43FBA80EFDB92FCA1F7E7CF9FA875CBB327CF9EB08C4DE4815BC4210E2CB7CF1CEDECEDCED5B757490968286899FAF95583BF46F9393CEE6A86D6F618CAAD9BFF0BE22B042412C5CFB50556815CC5BB
311
E33E9F61ECEC26A9BCB8145FD10590078F9C9E953B513FAE1FE387FAC246E14F9E3CE7F5F8194BD6594140876B6B84C5D6799C61A16434201E5237582AFD75C07EEED9863F463284E2E13425A036BD41061259289B6BDC1ED656FC8B8592C9D00701E27CEA749F0D8EF44EAD8C1F80FFF8F8F9D513191F6803384C800097F2
311
4069C407CFAE88136B7DCB3D5D4A60B711F19070D83235F77331FD35E715966889038E2E0B346EAB7936C4162043E1A1F144093695443A570144898BC4079CEF1912809A3035A1D3F361235F90FFF1E3E0FB93C7E2750719F88E7D8E68123883ADB5B18185AE99F1D11C1238A792DC4BEDE8EC6FF503DF377E0445F68FAF4E
311
08D43082D02170F30131A154206CC559A8D9CFDD762B31273E4947A581E0D9BB71E33FFA07CD02CE2A6BE1EC80167497F2A81CFA3F7EFE58D0CF5D5D170DE4F89070B0BC4040CC17BEAC6B0586C3D3FF0309BC06F44B04A1E13729929B4DF73C44070692C810B08AC3012E8EE9EAE22067796288C193B2139B970B86F47FAD
311
0F98382B1E035D9C32FD318A4FAFCB274F2E1FA772F94411B0CD42493C23393A685B5FEF3E1ACF554AF5F3552A478383374E6B2FDDFC4F6DFE38F4F4ED7A7FE838F488EA852482F412D3CB07E293D02C9F074F12E84C5AAC423271450572A385449844706475FD38DC3C22486A0639E5F1E38B0CFE93CB4B25910EF309A222
311
4BD8DAD40C682C28341AD69047E8539A6AFC14EC573F7FAD10AE0FE6EB13E87B28E093B513B5803514DE408809BC12A14876DE0A25F643009E9176D9F0C330164285A7444DC8CAF0E9FE41429EE0A2F6A6DE91C0856C501272404A8468822E24C807030B1D33D40D4AFBDBABB411D093D88C86D7205E05FC57EDD1F805FA4C
311
ED5920F0CED39157E007CE21757C5DE440ECBCB46CD283E378029B43FB077B4F47E60E9F61E8D01BE017D7E843EB49F50A2028F1E442FCC90C9EE308E4C0C2C94EAE30B75FAD3A0EAFA57FE9EF960F14BE15638840EAF3BA490BB6850EDB38EECAFD21A0C746D0C4234DBD035EFC7EDD121FA585FAB73DB89FE6A03CF833AB
311
0730E5E2F1A36CE3F202A128934B44E396961121E1F2C9F32BFCC0C140CFE22C1CA8E109B182919696BFB98120234F61B59F7BF46EC30CF067B21A33B0FB3E402448EE266CCD93135A8E823DB31F85E677434E608F53F8100BC0098EA2FD6BC01770E0F2F2D1E5452A711C4BB8486248FAD756D852026B6DC90A2AA5C6B69E
311
9068B8F27AFABFFEE8AB36F1D23985D5960014FD711940800B560250D2272CC54FF1D3A660B275AC3881E349689C1616E1E9044129D032313509DE4700BC867C71F128C400159407C761022BA8A040F40A244788808C60B3AD67A17576279F6F946923191921B0545FC2F12AC0EFEFBD7262B6935679FC7F80629160ABFAEC
311
88E8430E76D82A8DE62ACE50BD4A42FBF03B387B37FD321B37E31C3F063D99703F5160E6C9E5A300CF32A91E0A085A29C0FC507F6C21012303C6104B82C1F1E156DB3229D1A855A32A8352C9077AF733A0AFE0FB3EF81FDF2F0F82C21B0EB06998866878B103305E31EC17F4FD43831E570A2118D1667632D4FFFFB125782F
311
96168A833DBE78C3F11F8383A79D49F58F1E3DBC780417AE6581381E8610604888E2913E12492881274822C221AD04CB0B1D273B8542837460898C686864FF6F801E8269F40AD0481DFAF5E6E9C1F3BE391C325004DF0746A4E4448F7B52C0D5EAD39EC46896B888C4210D68E99DFA2820DF7FF850EC407EB55C3EBC502861
311
1409BFCB8889C90F1C52355AEF98B18100094C9D0EF6F64FD47E5CBF3FF5293DDFB4B50DDD54F351446FA1F14580DC3902C085F593CB24ACC917B213BBC11B3F0A61042FD8B24F4FB9C4556D0CB9E1A880DE89934CE9607F18F81FDD950DD0E1D143F41D56110E227C250621FF098838042BC85B5B6BCBCBC31DD37B34966E
311
9FFD9936A2FEFEA9EBA4182E5CD3E17AE35501FCE0707E5525A7DBC64DFD077825BE37CE0BBE1BBEC061410C660B6E49912665E2B3749C7C9F93834022F74CDE6CA5EB501D9CBC04B768292C5CCB84478F3CA83074092C6082169015E5800D5839DC6C1B58EFE83ECA513BDE3EFB8EF1242D2D4B3FD55AFE03D42F8492AF8A
311
3F21444FA2FA9ABBF525EAF84C09F0168527B0138A85D1EC0443C467B28BF844EAF76323BE13D7C11F72FED783837B970FEFDE7D7817E077C17EF7E2A1C2C0FE851FE4C008388C15E818958746129E1009D054B67530D6B3D8DA3D59D82D9D57CF70039FF50FFE0DE94089DB269C3655A4F25B38C49D0BD48E59F1526887C1
311
8FC5272197F85CA72862A593A4843CD25F920487DDF7AA0441A2C0600D062001F103FCEEA3D8560CEC3EBACB01CAE5A51E420349F602191E5F901893142381351CE17047E764BE50DEAF9E4D8C38B6ECFFACEB141E54A6865A88A60133EE9CBB4C256930B0B168C1C3AB59FE1743FB422C7166082E934AFA5EFA3E4BCE0B69
311
362FA7041818B7FDECE1DDFB4D022007CA23E521F0700AAEB5888BBBF08023E128B4045381542FA256B0D04E28A0C3804E233A1BFB476A2F48FD135BAF9843BEDA3264EB42BA499601F16B566E72C7EA35908ABCB9176BBED43204C696AFD3D7B24B08D3AFA44BE243D88A6D9D0B6562B52F741E1610C0EFBBAF2B0829289A
311
640EC4C8A4FF66A24430786CEBE1E1E61AF9507BFB496EAEB64F8F49B4129EBDEC065EC1F8A3F228A3CD0950883B41BEC6D1944AE06147289600A7726313AC69A3F91197F1438BCB743E76F01F6EF1D1C854071670FFFE43FF1EDED702EE5A14C85D0C42DF90B86068800659AC88981855E3E774A71C0CAC2F76754EE7CC87
311
C808D1E1E0F6CF47FD4224731337BE1E39C5010823EE997B1491BBD99FC8D8EF77482BEB5EB2CF66499A8E0F7511B19B3EFBDACB6507BC78731B1B383D02FFDD7BE8DD9256F7D0BA7B46015941097B80018F700FFA024CC08078F51806100ADBFA163ABA8A3B95B9D2F92AC30BC908ED31FABE0CBEBFFF0279B675868F9AA2
311
4E9530B08C174055B7F48E4F58002F3E82F0BDFA003E8B431EB6C4A91E4D9B5FFB791265BA8827BBE5F1BCFA7F789F72F75EC800F8AE43FFAEC42F13009FB905A9A0132015D0068ED7682AC608BA6771038DEDB3B33082891FAB1ABF5614F93238079726B833958796B845B731FCB86316713C1DC581B1E19B424EE3267409
311
3F80776F7E27C6FBFAC85C536CD955B96EDA2A3FBF770FF4BE11845470EB3E42D022000E0FE07D161811020742162444668308801E133A4C163BE68F6826A5523071CA78B2FED51F28F8C70FE4190073A3E5D3259D7A288CD19BDE623F10021BAB0C6E327FD507B2741627727EA00D31856492F9F009D7F152D930704E6427
311
95C1C1B336E0DEBB7F0FDCB79318543B25341F36802D64A981A690B94259607DE0B19D466BF8C1C5E1CEF9A3FC5C639FD6117B4BAEAB453F8EFBDA500A67E8BAF76C8A06566E36EE1184E8329419161F83D843D5DE7D8221163E145F56921C3EE383978072129E290A9B7166E63D26BAB1FCDBF710009E4051842390031845
311
F20077CD079407C575F20364C4910ED2A574BC357630B0BCD8DE39335EB175646A698458F6A346F003A93002E846FFE0C459B8006E506D79BF902908A0AA05CB5E73530E33BA1D3C2EF99C712B7C8B41DF4D2A7830BE8707485FCFAEEB85A09AB6D39BBF7B4F23E00509C20DB04E240822A4B810E04D8D53D10D504C059ED8
311
6BB8697F514777717A8F8144D48A4C89077F7EDB00E2D89DC02A7B975640A282C49A4AA84B70B12BFED8EA6584860DFB7EE23FCB00C6BAF7332FF259FA3C9346508813E372F1DDE425065BB61FDF8300F7EEDDBE8D0C6EDF46F7D8823478590AE23759D60DA6B7A9F125EDE8F4A5D2B37470D0B63C30DCDE3D3D59A8D1501E
311
B1B0A5377517BDD6E301F995E3F955F0F58FAC2E81CE172A8344AC03DC6781939D2484B8FFC15E8F3ACCD3954CE19576B942D0A029188EC7013FE59AE90B71292DE774F1F63D60230180B30A2EDC65291B6211B4081128856001A680015CE000708254891851D4B3BED0FA4D7166B466BFF1D2A924885AD12B387FC0FCE681
311
9AC3AE06A7AA4B715F0927B74D119D4A668FB54B8A8C268D8B038A207D10A7B1E95E42195B695BE0240F7408B311257C23F581E987C180140C584A02B1670CB817CEC0A080F259F1360E58452013200E3EC107AC1DF4FD7B0F6D23F33347F9527D9F51E6138E31AF35F1BDAAEEEBA3D71BB402E2FB47CECEE96B4DB8553677
311
2B07C82A34F3E66D0BCEC207FEB9E70643761276F7B50D5EE963CFF80C7AF4A2130F5BF8C4EBFB5F07B709840480DBD8007FB7EF3F90104908BA457D43AA2A6A02C91422285E5AAC143F3313A0CB74D9D164933B86C25587134E8D342B453FC982860D09FD13ABE72055ED020E85D3E312F74C25CB0293D978A1C4001927C8
311
0B86FD06349126EC219F0C735C8053D8F5F310817EA01F1B7851F406144C211C6362C27DD51F1E310C0102280ADB891E9B085CC528A2B1369A46BA195B9A2B351862CE43174BA73FB7CBB430A5798F4C54B7333B96C3224A9863AD02B9FBD8E63092191924E77C199D92887DA594B6DCF0112857162FD0949FE6A441F5E62E
311
42FB2105BC405A2301A3424601DC807912CB2C39C604A27908021CDA30C4C8C2019A883B3A8BD393BB3546136EAF561980FB63E9E035FF73B96D09A905ACB2C11D79571C5159026227DDBDB81396EB03F14100BEB66DE1FA9EF82C3ECCBE318119C4269FD014E66361FC8BB0B4EA9A98EF3D8848A01360430284335004C183
311
CC25BCA82D2302EB03B8419241C64DF4F5ADAF77B533BE786334BFCBB8DA72BDBEFFC36103AFB30608A0B39B58D93F0BF42180841DD26BDC22CF0A770E90240006BAC65197D90920131C7B2EB3CFD3C71C6378A305EE8488FC1FF8D391E2BDDB0F6E3F45E7C8207C419800DB410073A3173942CA8D5242642A74496FF11583
311
2A6314D9FA4257577BF7FCF8F8E8CEE8DEDE5EBE76DD3CF892BA7FB8B90F629431B5525E92A15A3A4A6FEA3FDD73136172060959206591F4C927196CF645AA285CF3014630121754261C0D31E1A7E3DA2DBDB54B04703BDE3A4209F02045C4BB0F529A14BED07098A2A1CD47513DA64B512F409BC01663090796D787173B5A
311
A141B1B39BB470EEBCF1E30F9D263ACC4D05110797CEF7B923B027F089F74D1D06F0A4D8C0CDA6604023FCA45B76C5CDE0BF3845ECBE13E0C0ED73700A8A753C1AC8AEFFF1B407FC8A20F42F0D94019121DE304077A027D4112283BB8FF0072444D68AAD111D6F591BC0061854BBC048EBBE9E81F6A33A95C21BFD13AF3C7E
311
7DCDFFEB0DE8903F77B41DF178E99C289895B0EA8CD640549D68935BA7C5294E0A1D66DA0CC419BD398E6265789CA1241441AC94532A3C19C95340BEFC68703077EFC1D307B71F3C500859C11494838E902203A2BE90EACC5135B80B078804340C920C2300BCC06F7A1C71B875DC572C9BD1D84BD5FB9363CA6BA7D03E5C40
311
FDFC54FC23C9B4B9DDD028787D89219038523BF64E638BB37CC25335937A00DFD32869C5B390C8C32FF25C8C47A7181B4A599A224A9DADB0E0406FEFF9F183B7448F081E3C55024FB33828784AB61704482CD0160C04174F9E33BA9291D58C2F1F1B1B3B5863B0D9F3E51C35C253D54A23E560E2C0CB3A6F7A81382601C207
311
9CAE96B7B1560D20A341E85A928A4E01083256420576C2ED477E2E565FD9223BCC691CF394D3D8E281501E0EE5C1C8159E92585D255CF30CC854C75318006EA4A01028EC853F9407C6053910BE105348324002260254886C156260F9189EE0F8C9A3CBAE9D5A992184568A69D5183A7DB97DB089FDC57AEE54F858FE54F577
311
DBA85309640290F2D220952620750C5811FB772A7876D1E4040FBFC6474D51246D8B3FB378283FB514F8AB3C20B8BF7DBE5DE541C9A5D3D38DDB30E00151E02523081BC89C2214103E0BC1B3D0199A08E002681A2613A2616CEDF0F0F9C5DDC75DA395C25C0309C03DEC8091A4AFD3FEB504AAC6633930556DAC86EE356194
311
1E862C4A75DD6B6BB3A0C59BE153DFA73EDFCBC3CE2188D3D378FC976D0EF9A95B7C8532F527CE3CF539581E0FE501291E9139FFB65EFF5DBD8E0C18DE3077170A64E033FD278F18068028802F156C3809FDEB11B1019C208D020C9BA2870457F0F8E1FDC7EDD393E3B9FC9C4308E9315704233F960E554802C14716B0B45D
311
AB5EAB5E25AB7830EBB8D25E6CA94E4AA01794FB1EE164FE9F040FE82C940A4BCEF913075D087E85A7237D3CF29C47E4E676777779528C4781761F0BFBC1D3A77880E40C9A2E5109180D5255317890394229F0F082010354082D574F1E3FBAB7D6553C2113DACB97BEB5526C7C6F69F9310A94C46CD89FF8F379AD1AA035FD
311
00FF3F320180F01417A6F255A3A8D86319FE0C0B0E06A0DCD33F79841339C01E5BBE1911AFCFF7C1E0A540BFBDBFCF2372352686D863F83F59CB6865F43104007EE06F52406F680341102048A01BB048823082CBCB0B6AC48C313F3E7CFEF8F2D1FDC3D6F6F9F9D9E98D9D7CAE5EADE2A6512FAD7AB526E17F600C85550DDE
311
9ACFE9D97E694513103BC69F8A2813176032C890C1E9C49FC09C61670FF8705B1D7386260E7C8E7122C7F8208A55139E8C8D4763F7EBF5728DF9C34677364E3A3F9AEFDEC9CD95470788834F9FBEC512379890B38C94205B2557987C4186DF5C0837608DF0F9F3CB87B7EF6E920475752A01460E556919B2B64296FB9FB70D
311
D5F47232A0F77465BF140CD001F00ADCA175090E2665A14E6329B62660E02A1CB50C6025E3DA252A670B3F0FFAA5EAD94A509FE7036B159E0D1D9F2E76B7AE1FD5A606198D3A747AF450023CBDFD162278B9446688111009B4029B0F2180AE20A542D40610C073B47FEFE1416B2B12200F3C991C2F54EC2491027A816B0A34
311
A9D05C6F437AC23462385DADD75642EDDA738AF1600DBE07EE8437804D2D011A94DF71C2085EDD40266A407FFA1D1C00B0C03927E60338E3B9D8C47D1F8CAED578E06F7CFAA4BB63B175FA7C301B747CB377F45192003CB8FD34B12009224543D8604494011A80C1903CE0518C986208E1C5FDDB8FDA161686873BBABABAE7
311
4FA637BEA894A44078C19696F326E057D7F95D061A6B0394A9D5F2DCAAFE4C2388D8A6E9AB7695CB0BDD0A332430F1A9333DA41D1FFB97FA09AE84E738C75C407C260408F8DBD5EDED7DE1570A7BE333C54F16963B46AB0C2B71208EA3D16EF4EEDCD7005241166C005A73C03164792151205C007288AE337B4D7103741BDE
311
7B7AC913350B348B2D767515674EC6F72A0402BBCB41C81305AFCF05F2758D3ECAC8D26AB97606DB9581A4B7A8FFB068CD5C0604E6849046B70C2B60FF0CDDF93C13822B4E82FA0479A68220E66D9FD775FB3C1A9CDBDB9829B6AF2F77EC9E0678FB20ED8D1B1A1A39D10F9812E20D6281F5673121AACAA9C53424000DAC17
311
3F7E18C3052EEE3E78E7F1160F5AAEAFB70E0F7775CFCE4EF384DDEEBEB9C0889D5243BDF557559FEDE5F17AB21E118C4C31A3DF6A96B56AC62180293910ECD6B721047664BCFCC6B2DD3C65CA0F0C823DFEF84083C7ECCDF05898EEF158F4FEF97EB9C123F1B9D1D1A3D9F9AEC5F5CEDA84A3C96C14A55584D62893D6A54D
311
8D2028D05C8B1F124884543F3223B29D208B04910D3FC43F5C52196AEB5B5F5E58E8E82610F08C21BD443801233C0CE8BD1E40F84A1CA86001990048031ABBAB11EF83F9283EA89F181F2A0D9A9F62D94B7F625FD727E6A93F63F200F614F7CF100D4511C07DB45FC5F0CB4CA359ABE4774631FDAE85E599EA0878A3C33D5A
311
D6430CF4C055EE5FDB80629000D7855DED3F436F3B61B3DC7FFACEFD2B1BC6FB0696312CFA477CE87A87070C7998E04FBA78AE3F915A065E819FCF35B410321D9ABB308146A11AD5196CDDD7C477A171C8AFC74B45CBC6F641AB53C8D4ADA5870C02379BC0470CF83DB55F073E29CF5CE5F7A3F8FD62EB7AEB1774C2C6780B
311
9523F9287193FD23DDB79FBEA513B45200E2E0C1B51350163AC19043C600F2C1DBF7DEBA7BB9B5457BC0D840CF325EB0BBABBB786D301437000020004944415472B491ABCCEDAFC0591201CAC8EBFACBF367FE7B6E40E69F551BBBE7123E3C00AC560CE20C62436E8C3C54CC225EE08C0D74CE26148877689EDD004FB2BFBF
311
FFBB984035373A7954EC5EE8591FE531348654514DB1D1C56411DFA2A7C212BE5ED91278F2851A432244C6822C29C85A8B320ADCBDFDD63BF71FD32648E7D098CD018BC35D7FE89E250EF2AC75F96C15271602687965C844B8807C6E7729D93F22E81D39ABD62A0820C1FE9F11CFA7208125D33E96FD69E83AF6052DD32D49
311
FF0802CD9F9DFD39260389A950887A647CCC99BAB17132DFB5DED35138FB3A060F6295AA5E195BF0BB56495A5A4A8FA440026E46A047D40ED2520A441C302D240F201FB8F7E0EDDB0E12A04D8816215A0579E8FE1B1281E9F19C9900DE79842E2A7CCD48E9876EB01C75DBA0E0C8D44AB5512947A00BE7CF5DE9E1A6A6BE43
311
CF1A78783DFD5A404E4477336C1ED8B18908B2A847B2AFE9839E891137A6673BBB96FBBA2A4B8E9373B001F08369BA11BE8ABC4302FD2345FD6014A127068427D007BE28B41D9B0D40FFB7EE531FA673C8870A69135B1CEEE8D009C08042A5B4EDA314920B635BF941E7487E45256439DFE9D276295F87E698389CD49FB394
311
FE19720412DEDDC40E9CE9C6DD605E0B719FADC416CB15AB3A61F9B5B9B9426E54F81D8B03DD950946D432B40CEDAB7BB5AF11213CBA73C9BCCCDAFBCF06127C7980FE6D1DC9B4DF14832D6568FEAEEBA76FBF438300B541064ED33F3AC0B0D10505306FD370AED02859234402F6C3FED006766DDED2034D90D119057225EE
311
E3DAF787EBF30EC51ACB4F551678BD6728E1944730C095F13E4D81A4DFFBF67C5BEE37E62A85FCCEC6CC6C7BC77A5B477E22223ECA4FCC0F87E2A5E3EB782BDB25B8CFC6736A044DE5A7CDA604526361D650484FE283B77EFBD65D52C1C73C4F48E7D0D81ACF572F2E2280F98FB230508FA906B42DE240ED651B301CEC83DE
311
1790C9FD96B6CBF986BECF3BD332C18EF627A0B6EECD5B152E02088D03D828AFFAD26B05BF671B4F9A09A8CE0CD2707F67F2A4B3BB75B9ADA331C1305BBAC182FB4A79820B7EEAF73199B8404C0B81231CDCBB871B80FC41FF5860E8E108222A1A076C29E6E03B6F3FBD4F1F295DC457573C7ADED636D6B7B8C88413DDF3B3
311
27E1046AA51040B40CB50C7E3F1D2E44DAD34CFA604029BFFBE714DF0C069908027EB275F1F366C132E1A7450B04011CF82B2B647CE754F650FF6E25BF37AAF65B7BDA16CAA791F1D09F6CAB989EC5AB7809BE145FA459E8D3E4B0FB47DAEF093B946FED585B80FE1A0305FD5330FEDB4FDF79FBF6BDE81D8300CF6815E5F9
311
896552412A03F31FCDCC7CB5E32365550CD9365FDCCEC8752E943161D78047336F8AF6539840A1F2E764FDA2970999F205CD2BD1F5CF496571F76EAEFA0E1CF8FD2A55FD06391F9EEF8B9DC9994E72BEBEE1FC928E2F223EBA0FBFBFB4F2DF137BC894B8087643D64ADE6EDED67F7680FAC9060239E845FC94AE93D880F994
311
FBF71FBCF5F66F9F32C292EA900F9C1E6F1105E81C5B5F58A067A448143842008D7275EA3BBA3D2516FDF02FF79260020D6B3C714711F3CFB61BFF56A826E627E82256F7400FB387FEF23C1C1E77FD6A21EBB1B2B35F2F95E7760BE1FA3ABB3A981423477517EEE36FF96F122B942F6FB64D9502BD1B9089162532A2FEFED2
311
55028FE653C9F46FA321E0B588B7DE79FBED07C44106CC85133CA65190543004D01D02D8181DDDA5A9C91A7110805B7875B689FC3902200FB192E7DFD936B37B57D9C338BD49E99E181F4E5FCAB2ABC1CA7AAB382CBC7D515457CFABE6FBC63D525E5CDF74B16378B9AD6774A58531912D232DF01BAA913DFB7D3AAFF91298
311
4302B84D0500077800D26C60A4742101DE420C610C2E92FA93056022EFBCFD5BB6B38651470CD33BD87630C05831BA864C85997B8754B05167F0706499DC442FCD22592AEC2ABF3FF13F950039BF159FA9B36ABDB2778EFF83F70972B83BFD3F4899E64DD8346AA495CB155A7499F2CE39B0AAE755125EB84FD8CF8D8E4F4E
311
9FB4B72E8F1DBCCB98B31BC4607C2CFF21C8145FB48EA0F2159F86A3098415609554DEFA7B27EF1301033DD06D274BAF6821D220DEF96FA4CBB60B3CA241C021D38E1AA76B4406B4767576166766A6C7F77273F5F395291BBA19F64F2E3095C14F3E60371827741CB27E89543857D6D96BF9A47C6A9A26057840332EB84371
311
7AAD171880217B71FCCC0355AED3D4819911F79D0EA8AD6DA31A83E36C5DC2D470295C011302387069158F6C9966022367ECF1D00BA9BB95C389AE7B6105A1FB640689033A7FCCFFEDB762189103A61C3A4FEFE0D6A6B5A19EC5755A443AE78BC5E9235B047890A65919A0D2F96AA3C01CEE913BB3ED239C3E0CD8DDAB99E4
311
348BF3F8B977B6C43DEBEFBD7721A839A63B94C06A10DB87FCBFA3C2932F8C26F88B6D6BB30C3C4E09AFE40FAB52EFAA1EC0316920E031A46D65A0FFE45A673432E907FBCF86717AC04F2CD0EF512D665FF53F05BFCDC43489F150890C60A8E0314E70A06F619D30D841189CA15D3417F3CD50191AE4396543F0C42BCFD696
311
C58DF163F5B46D708BD5FDDA5E5E5FDF9401BC4F7E00E8A17520833D1CBFF495B5D1CE037C664123EEE74737268B5D1D3DBFDA6AAD8C08DF2C0BC7A737E10AAB2A7B958990CEBF556CDBEE823CB09FB344143463C630CFFF585D330CF0320E921744A7918280FEEF981161008E9FBC78C830217A07B7D6985E83F9A79884AB
311
B5AB383B4D7D788F9FB3D867A2112A43F19042B33A108690CF6F472F8661CFAC971478757F6E6F2F7AEB82FEA85E5715941778B278281F28C268AB24BDB470EF3303E09C359E9DF1CF990D8A096106E6A66C8620DDE7D281DF0B2831F20439A30D68386CE13E002F7EDA8D7806162B205D6A19AA1FABFD6B1B400EC2BFFDD6
311
6FDF7E8755B4883C043F43046C1326136680404F1F934EBDDFDD39CB58A98DF1BD7880E0532E671FA1435E9D6EA5E9071000BE8F262E7C4044FD95D5FD526EB40A05A634775F32205C3D779FDC168CD5E56BF982508BF572BDA4F6F57D3304BE9EB18149461B12F760D7485891CA47CFC44909136FBF4931716A2E100123FC
311
6CCAA6A644F25EDF4AC980B14039009BECE8B798BF69A05DC5B6885CD23F8E13A46FF0C0A986D617F001C52241801E87C2974C31411DA3A5D7B6175472763D637D3E57C33B908F867F4A59CFCA7923375E5F027A983E18BD7BD4E6FDDBB2250C1529F4202EFAAF979DFFB1F2612E87EBEFEC58581EDB9AA95AD1D7C1905F73
311
05BF8182D5BBB524D47C4E3B81CD843220DE1E6536497C0962C225F75A2D6A998303B23FC501F0B3F736EE1FF01200FC8C99F5515207C9C40081DF304C0A17D06E26CCBC5B3C47459308178301FA8057C2C0AE9D99B05F038828B08400F2E3251254DD7EB8BC4853B101F99AB48E387457C96951E5DB670648BAB70A7B04FE
311
93EEC5F5B183F9739C98952C6845C380D401B8FC86E70A20744EC720E09D35955D96A9041720196D183AC2CFE6AEA816652D0234883D788BEC8F5DF2615261DB031C2381092401B48D8D2D870FECEA9C3D99DDB036C8A051058030E32190976718C89F031DFBFF2EEA3D88606A8A19BD0AE305BDFD12BA4FF46F1A0002B071
311
37989C748936E9DB2C91F43B07E4E4D16C3779CF5A4FFE8CC981F07C29E34B7C012AF0054FAEA4A6A3D49D3A16D2B3CF220A029003366663053C89B3FB1827080DEC2780076FBFFD8E39810CB0593CC68B5D9009F2D400418028B0BC6CC74067E7C9CC0C2690FBB084AA5254A12AF63543B35EB40D17B693F7E3464D5094C0
311
0AA9E04E0E0524F5C35C5EC6BA94B21AAF2440725E2A9FF94FE7A8F0E769EB83FDEB039B631B18BF396F5C13CF89ACC02C387DA56DC3B1CD84B96CFAAA37B55FE723B611062258257D331F186AC93D8AD600B4FEF4AD777E4BF68F2168FF08C081A37AC13446C859964803961928476D78F68419390D830C1935B5C2A0A22A
311
3AB17D3D6428BF12DC373B8D464E04C0A496BB3B3B75639DCC2500E0F0B15FB6F47B5A7ED0183A87CAE8D535F2EDBD4B3B7FC762DFE65A07C30B2851DB890082ADC07131EEEFA3DB7DD5CD32C0860CA83CD4B7993A175F422A8149B1C1D94C1145059D9C78A8A572A90B7C8B1E3392FF77A80C50220880FF3669004E90F101
311
740D2B808181455A044904674E7482CC3EC85C4BCE339404C0B0BF6A5611E4F9B8157BAB6DE327EC9BFBA1B4557ECB609C1F45326499EFB90EE78F18227F09E563C9E63D847EDB3B68EB9C39E95AC4F7ADCF7D87F6752BB6912040281E4A0D8A8314E80D60470999B8A51FB1488A66A9F3F81FFA61C83F4FA6969E472288FA
311
DFD61B005E0EA4284822E018911828E868614DA0C36E11F3A051070BF2F0840E35F200E2C0C80A776CC9E7E6841C0503D0EDF15ED9AFE527E798D23BEE5F0604E58DFB7099D739BF0BA5D332EF29F1535995BDBD0DE681C4F71DFE6A7AC5A13554AE6910963E9ABC9A0DB5B202225545F5CFACC942B5B93C207352B6E5310B
311
F349AF200175D7DFDF78F6D683B7C87E087FA9B35812C4F8F13452CED610A2207541E6D659A739441F3833CD0C9C3C3DC2B0712F62333C4FA9327C9CA1124904B4FDE0FE21C119776CB0C212AAFBA5CAF80EB43772ADFE77CD9FA8A4144C54C2FB2304C65F62FC3678E4F6C68F30FEE1BE8383CE7DB86F58B1AE0C51F0F055
311
E188D02F00911DDB0991832228B3172B3E623E513FF1734FF414A611A603163F401BEA790FC9FF7FC3FD3DB02DC00184145B850D01D120424DC03C00FCEB7880EEEE939399F1F18DBD4AA54C939899304D913CC2D5CFBC55E50C7FBE4C0E14AEEF53D6843DFF56BE2D554637EA047D3C210E2C61077875FB5B40E19F43AB74
311
70CAFE1C0D3ED3B3B4778D1DF6D4F837C08747180FE8394F2CA1E0A46B6DA62CE2B2DABEDE0B1924098580FC16B369730E9E90541D3730D47FDE16EE1FFAD3419CDA05ED1F2715C607F2E81893AFC5936303F40EB776F1D808BDE393A3FA401E1C706E154C892860AD74A2949C409E28A8FB3349C764D13E4D1D3468952B7B
311
1B35001BF41142CAD58D6011C8B78961EACAB66E9AFBC627673B61FFDA4167950A274145BF11EA17BA9AA60815C2C43AE1F648E3772E53C94E6364AF826019E723069A8AA353A3BF7FB5359281700061FF64C28C10B9AF0B70B0B0D30A31CD1CFD22F68C76DA1E44558869257892363C091D313EFA46B57C3BEB252E9C6BF5
311
B4799EC58F1910F469E25AA17B343799DB3E33CF410061F96C6D63FA91B1000CEBB7D2971BDD39A2A76361E000F5DBC1688D47CB812DD60F8001AF25B328D173A9E4BAC18CE9F1F628704330741B2649B92E9714447C68559C6CD2F681919367E4811100750058809D0230C087A89FF3C80C23C4C60882E481F48D531764BA
311
BD5CCECA308DE2F63D3BB50373D630796126803C2D1FBAC148F7592881B395ED7D26B7DD38D7096AF98841CB37592561D9C6565317AFBE9FC4AF7371E060736C7635E0CBA1809FC80F544DBAA1F2F9393D970D44C0615A0C6930E758B9E63AE690F73045F0C8C0731DE9CD80F718E94652383458799E02C06D328010011C70
311
90D8C5E5336A83D4059953877EA1E1D66FBE994F04608C4C991917230FB61F9AEE183A40AB9108D032449FD1A7283DD25ED15360EF7EA9303EDDC0043403531EDEAB10DFF87F5E2FD56DF0F1B701A9F614DB17FA0E0EDF6FD0B1622A81FA3D1DE5A33F551930335C353A87F9AB05C60455193448246944A232C5D07636D864
311
CDD7A50D0B4440CDCC465D1C418321F50E1648D500294065D869559EF3C40C8FCC6C323E989AD0F0C73142480B200842802C061008B480A9954AF282052B3AF67350FD0DD30D1F4075AC303A5D490250F5400ACF479656861E4C77AFF327F3EBECA4B57B6B6C8FF62602BF150744656A87DABD7BC6BED50527B2120C001A0B
311
3718C74F0C65CD34F275164D7968148DDF259AB8AD6CA81CDA4E8819509B996A7F642D987A401A2B04018C01E6C169A8700F9DE3B489DB2BC49C9B7B858A4F50D22AE15428FCA4A1EDB20C83492690CFE361CC7F8C8066FFD0D77AEE797977F468A36E0B0DFC87F90EE6348BC748F7CB73B5B9DD5C6EE7AB19ADBF6DF359F1
311
DC2A0F9E44F213F8041F64274C0859A2AB7C37440FEDDD2F95BE44065F22067E3EA0CC3BD8C0D8194EAB291CCEE20B9CD8E02950AD806080047A279F19024C837C848816719AC4A34DF8F0706CED904E8185753A458A27E4C1E37B5F30A104932BE140E0BF4E400160F320B054A8705042FFC47B4940810173F9C9E97240C7
311
FCC3F3813EA239B745DE9F1B1F3FC2F9330374DBD1A7B475923F9A2ED81716D18D1B577DAAB9D1A0458655AD3CA7E211867AE7C702DCACCD291E0F798013DC01BC326087775C0833E04EA3778FBCB8DA4687A0255CA0AD210C15661E4E92001A4449031D1DD27D327334BE830B64DAD90CBF537A45FBD4E94A7A88888E715B
311
7E74FCD040E818BDC1BF5AC609CCCC015DED23877080FCDC47BD8EF3A7B783A17D33F3ADEB6D6BC7AD75EA7C7852C5B6FDADA6AFEFC2D181C03F8C40DD8A4AB5024F0B72E34B57BC1182472DC80946789AFB711DB7F1193C03C893B0345F420246114D3EA71D04FBA731C0DAB0D3CD311B218F0D5A15ECC105D02F3AC32F13
311
600084731A83220040019B03180634B5923D438300B05BAC80881F061095FED5D572A3323ABD83F1D37A2301A8C930AB3F66ADF7CBEFED30BAAD7D78A06DEB6A87F15491F5AB7E25842B6B34BEFC12C8A159F187C64B3CBD2356DE5FBAB98BBE9583F0E3280C0076DA15BF34C15238145742B07080B1EFB83382F9FEF2239D
311
003541041083C5AF9EF3C8944DC2030BC3ADEDDD9D27475800693049E05413BFB3FEB4308731512F13400D06F813368A0101D8D863EB3E75FCCADED124F532AD3F123F131AB46A93DF1ECE7F96CE9EB6C365C6D6A07EEC461FC919FE288AF7AE1A7D012D291EB073735FF26BBB1C99FB706E972192819B7A34BF22424BEA1C
311
C7958AC2E04BFC8E02DB90A4A1DD04811ACDBC181037864672C78F6C0EC3073A40CC49D5E813593B7002763BC6A909D31AC86F3F6E335C9E1C309BC58F16418642E2AF6B290A34FEDC0CFEE08FCA0F56700699CB73B9C99302AA17BD516D7F1FD755A2B32B3FBE7134D3BEC813195BD355020A7DBB541539CD2C06E45F46FC
311
0EE08293E6C0E1972176D9B678340AA1A4823404EF79B1E2347E47C35D0A2260730E0B513025DC0BD1C07E3366E9B9D17F767405FB531070700035618606F0B40C73C974CFD321B0C174A80C0F3AA54945FFEF348F5488895713E89B5C98DA501E06D8D24FF04FF0CD7ECD7BAA755A854EC6A180AD13BE094E8D5D63BFD6DF
311
A5F5D3E4DB1BA18FD8473DC6E17FFC9832B71A2A94D96E808BB53F9192955D62C82E282B05168AA0927D54AB20A20A74800B7CC9655C8B15F62377CA4C91641F9F4D0478F4FEFDCE273A002CC0A725EC165CE3A149F0333E8E9600B2C05A7D15FD831F0938DBE5D0FF13E3C0F0765965A0961C3FA86DEEB0E28304747BFBA5
311
FCDEE44C23544F7BB7BF7A132DDE34F99E44EC3FEEAE92F667A10F7E90B0E8C6442DF5A5318B0F816311DB2E6DC6F172C363FC800EE09186BB9EC82A24C0117700CD884AA42023B81EA6E0CF8B3056411110D78606EBC5AD5417B45BCC8E61EA01C4006AC233933E35D860BC1B6CB9C9CCCE7840D2E0C1C1FFC11CCE54D593
311
00F2B47D66A10F09D8E24B71B9BDDF98FB62A3B897C53EC88D16D1FFE8C649B17BB8E760EB20B784F52F992544753F2CBF642CD3C9C70D8722C197142C567E74FB431EE248A8F3FC00377F5142144A82FFC28AC2970A780C85A7EE9146FA4B2981F3C93BCB0F3FBCB6DD3DE69C72B6073B99140DE28B8E919D9D9E7C2F5FA9
311
9FC1FFD07E9AC0965CDAEA0A945FADE52C791EA989E8E7A21A355FB37E44405D171B98A6E946DB26AE71DBD01FEF07FD378F5B4B518724481820890E7486E3FCE61A60E096D577701890EE07CA5D7F2B086040749FCEF3F81972E510A86359C9BB579883035887542090614E5C4461705D7CA1CF84DB564838606CF1597E81
311
19790D021080C935A908324EDE9F60A04B7830A33F0670CB08605B8D01BF9A3D435693FAB4FD84EF6754930640C1F9D74B052A7ABBA9F502B39DA3BF6BC7514EA4BEC71D752BFDC198EDA8DFE8F32B3EF811E4576B0A2074B99B070A069F60173E7427BDF285024E35A4418B7A412914F2800F1965C4F1120A2D5D2C644005
311
63D5942044807BE7C738EBF3034C4A6F4D70C04ED1F97673C039FABC4CFF18866E08200BB66BDC9CCDCC3FFD1E43BEFC52C317F0F5E64900FBFCDA4DEE68768FFF46350E0EDADB7B34DBBEDE3776BC55599AF84E312229F931E700D04478D66A0D88D09B2276141AF0F8811C5F8067DC04C0F90929F7F1AC9CCD368488AFB9
311
65C97B855A3E2E93AE5B4866502E55991B82D4388614F2C36B8484A5FA06E3EFFA984A6AF17D5C2073299D9F12FD63826F67FC460E54030981684E9FBFC22009A3006962285FDF4FC84B699FB5BEF3736C6072F6844C15EDF25883037DE6BB7AFAD6AE164B367812FA8CFCA6FA25725D99AEC5C6EDEEC64ADDA2BE00560020
311
32E1D7A20A54CF444E360D520A5B69816C0A953CE0434A8A898BF18E2B704588C01BDB2133342F5404FEE698957C200EF54E31BE6DF4E888C9C67F5F3F1B41F922777E7FA6332677C20098C59F762F5DFE4A23F9801A3BB6F8A4F66E0D40EC867E92DEFCE84C714FC7CE8DD3DD3BDBF9C781B1C3B549FAD2C89D711808CAB1
311
00E09700BB85240374A7209212F320CA577222A7020E7824500179FC7096C714884BDFD9499E027ABEB3CB0226CD293CAE6E0C41A6788F396606A073E28CBE5CC67D584D36CA39D37974FE1023253E3FFB007A26F657FFC901D851130DDC2BF54884F20D5D40A0B7E5C7BCC7CC87B84F2ED820192CCE1AABA1FF24ADBE1D03
311
635B5B3B53D4A5F84120125FADC36A0E792D3AD7E255792CD5241A4C84171F1104090017DA493D0A7790A7BDE6DF326180398E4B0DEADA5C2763825E43E05C388E184678C88CE6422606C017F030366981353DF03A753DBF6370879F79889DD0BF75408724DB53C5B0063AB6568D02DC47AE4627B58D7E367A6000267E7840
311
C23A0940B992DB98ED1C4731B4FB4DCFB6D3EAFB6CAC7646F0335C5031888CD74E2103380260AD47176D703960230370FBBF28813524C17FFFBD6288BB28E4F905ADB4A788B40B4A6201C1878BED224DE9906C4C79EF32EE679B9F5D3B5DFA137327320643909A823F62106CB8F9BFE4BFEAFF0FC7A6393EC7F64A698EFF8A
311
CE31BA05ECE6DAB6DF124118D1D13F892F3D3530602E3F3ED3D59DFB821ECFA3D9AE85B1ADAB9E328DE738BF55D5DFD039445AE76D0194180F57B15BEE5F09C07F952F9A10372BC894CF7DA12CF6507E2A8916E0DF430C519485C55D61EFE209912D8C32866214E121611E22A0B1238DB18E86636A3BFAFD5B4EE02FF1E505
311
F902BDF424D0516907BFC95EF3A76B6B3872769D67E25B548F0DA46E2B93DFDFD5F2B9E9EEE1EE1DCC7FBE6380DFBF38A165CAC73DF912AD76A4690D2B766A3EB4AFA2D05BE543EA20B095FB17AE3F1928D84482049B659E671A4763CFA567C08824913D37F2F92F841FC244085C1681225C04AD6DE1684831682CE0D6096B
311
56101C0D4FB3A1BD3F11FC1105AECF5660BD3FEEDF162B0D9DEC6DB55AF27FC98050BDDEDFF63ED14B01336053A19DE9AEF5F5D9E9D9F9E19ECDADCD497BCC57681922F327EB41FF681E17C1921B04FBAE371AC69E53F98183E91B84897A5DB164158BD1D12FF6F6BEF0E02847727BF2628F9FD48B6FB11DF6928C868B2959
311
0A0606F92140D0C08850DAA7DD8A5FE8A50389F61288AEB743E9C801BB67DBE0A7F64F63BC87770FDF57AA73FE1F5A84F8DD3AADDFC32087FBC0A7D645C327B97D65E7A8BBA76DFD9BCEE1B1CDE3F5F7CE4E6DF4013ECD7CB60BD1239E8A4E9A5722AD9C4FAC8F7FF17B214AF8801950430639A08E3ABD05A0D94E253BD595
311
1C885B0CE750309070555FF21F2EF83FF53F4E15038B8D8A244740A5C9CBC120043DA0B323FB1DA0A4EDA268C05A304619505000BE10415DE898809DB6B66896E60AE347ED3D6DC707CB7D5B5BC374A158EDC343D0EA61C217D4878CBBDC1D85686782C3CF4272E7DCFB5E9EF628F5A95AC1AC0C6848F5771329EF8DF2BB79
311
EFEDEC8DBEC72EB7F245287FD4B31008AB38EA4D52F2BF57167159E3004CD8950E217DDD6F699FC763E9D1A0AECC701F7BD4430A3E030374066938F883C01DE40E7DAFD609345E33570F4CE6BE467FBD7F793B5AF2A9D331D86DBA7BF98067918F9FCDD609A0384B523F4413B574B818C6889FAEFC5E7B8F90CEFD62BC2C85
311
B2478D54DD076635BE434FCADE68B3ECF1C8708E27863DBEC352D87BCC7A92A8E135700CDE65BC114026DE5DB68275E656D2C0D4087293D43BB4C9C14EA83C0D806783B40DD7CD4F19EE9F33801F55A3F1FD600017A6CD5DE607783D5F74E34680E7DAB98D99F6E5B5ABC7F7DF19D8278322F6A97FDB2FADE1539BD945DDF8
311
68EE2B8B70D9EDAA45D1BB0A5801198CF1DA891540474745BF0317F8A3703E02510AE94B084221F887FE950272D62D4232781054A87C58D015CD45EBF9B70E60820A2056E9D4D619E8494BBFA68B61EBDD8CF52CCBA124BACD4A4077E8420A7F36FCDAF661E577B792A7E1B7E337C7CF1FDEBB3B49F501F3C7366C1730E793
311
F51FA20A9C3D2E9F18E63DC277449054CEADA36DA0807467D45F8A744E1BDED725A033868703F1392BBE221158220588F30574A0B0893D0515B0B7C404AD0E7F40C11D504C49BD7DA39A85A19CD7357DFC966E5D92272FF06D59CA5A6A1C8AE30E52F1247C1F1D78F81887F9F3E387075B170F9F5EEE4A7F5BFC69DF02FD87
311
95FCFFAB472E7C88D563DA514861B85BD41594A75F5E866BE69471110A9F75C8609C7E6BF6C7C727431EE3E9E3773D2378C25226E82C08104A57ED273FE0921D6990E02B006BD038263BA360355E8DC446A380F0BA35FA9945A80CF60DFD54054202F91897C241C147D59F8E0FC67CD0F2BF377A3463F8BBBABCFBD6833C57
311
E214AC3F5AE9C2FDE88852968F20337972C7E04EE5658223008AE82D93BC37D8DDD900BD6B16EF221F0D4149045D740A8A215D4FC186C658E01994B8CCD317465828704BB630DA2243B3B4ADD3EA554A97408454148C04A1A0CAAC2E04033C04073851F54380E0BF2DFFA43FAD3D6B574F2E1E5EF6E5F4FEFBD1CA87C161FC
311
BCF5C7AAE2F726F814027BAE10F79BC3D765D61D1803952210A9AA07F8C6BB2105B61145B324F96014EF223D4A9261080239F03FF6F4DD4975C183B887E081F7A467A25EAA0C94028FEB808637768B07400A8235D4EF33143253198900E079E3FACB0C59B00F827A5785A6FFE2FCF0C0E6F1714F11CDE5140D931D70795063
311
1F3DE877F300002000494441540ADFB08704E252AADE1BD4E8DF55796A32B9B6F17737C67702E5C638682737286CB0E0A89B624D5BF28222432848C9AB8C07170C97B814FF492A61072407D638006F7C8400860444C01B1930A522788045633DFA9507267A3A42BA05925BAD705CDD3792FA23C1075C6EE768A673919EB6C3
311
FCFE7629B7310AA794CC9C0D14A1FB88F95C845BF22543F57996E0B26C9E4C2ADF187F979F8A55F11B47BC26594C52588518D25E6C2B1CCED231EA1B748F093E5726A21A54C91EF95789041030C20FD5AD68613432E19A4D0DA2505B6BD843516E10BB00AF9AC315EE9FDB39CC1F9EA59CD88F9CD071D470C86C4647FDEDDB
311
B1CDAB81DA94034747A779F4CED497CFF817348F69F52E55490840E48840BA72DB71F3E84F6DA2F4717AA928F153DA6E4C7E8E00363CEC9A2E1C8E65F298FC4A52F087FCDEE5CBA38A80CBE11FF7BC2AFF249203FFAB77A128A001B1987BD334AD9B901890A8C2005B6B248196AD09C0025ED841325B31845032E327C531C8
311
39E66DBAB39566B631C2FF0A1DA5A3CC47E665AD8751B47CFE33899DF047C9F3C365E3B11278D49DF939298E09002F6430F9958803309827A7C791048CA070061B7E9A64C557D235F83EE24822E5EAB805F9862F20FC58F483DC0EF02181F572930205107E00E523861895A2811309808F2B6C14B2AA579E893753C155D2F5
311
4302007E9FF36AC5FEDBCAD47E182D91A73920CFA5C18E01F8FFF4C3F1FF553BCAD0E58DEF85DD63B91BE38ECE1A9FFC4AD4A1FBA30D462C328C5A0340DFD393D3D3D3C0659195C96990F391EFF4175213BC74C020922D4830FE215E76940962BC0713A3B82784C0CB6623DC40D6E1485BAD454F6892200B225096127FBD82
311
D2B12006BAE2E329C771E25FEBC0DAB3B5395289D56D7A8A89081B34EE06F80F819EFE75C67DEEE95D227E283FE98A7B9F1C97D2D05B4D07A469153C3DA3048EA68FA667A6D90E291C7D7E2D063E4D044964D055F2DBF3E31BB851AE9F78A0A7314F0AD24901F581D74A6929142039C65AF5830D1C809536CDC05E4BA51038
311
F79D713DA930CF18BA3010E385351CF47F74D439BCBC793556A1F99814926AF12835E251C59BEA3C083EC2B2760FEBDF4304C9EB87B35769E1EB24B648542CFA4EBA9EF93CD42F03C08F249A2C98897D8E2225E90077823F4A52171A61219998CED6FA050992B6B0A74A2220ED12123004FB977084208F8E2AFC80F456CB11
311
0BCA647A3A0F854085D84FE0052BE31FFE7F925610BAFEC06FC33F9931BF063F39DB3D1BB20EE357F594045F4226131578582CB055A59A073AE0413989D215019B6EB8A21CF154D71164E0D8F4E730C2CD382D098DA5261456A425643686BC8301710F2C50665881399156AA2B4C3191BC555728384800CE10040F746A3D8A
311
80A5F0E500A93456FEC52833BBB45203DACCA37FE1D3EE4B9BF0EC27ED47D89B8266F11EA2DB8B5A8BB93EAEDF0C06B7AD0402B9EAC6E787365535AF19F15158308A9D9785C1BC1C01377F8C6B4D07B50DAD25649764A91DC9812C7B34CA98184084F7C01055466B48058CD44085AF26648520C85C41C67805462D84256804
311
25559F4440F3ABBE1F3F81B1EC72708767DDC8FFB6465796C8FE310FEABE0C9B242A74137EC3E0427091967023299BE5D6D4D0C6D15747DC2AEA4ECC57C72856E827D33CBD319D70FF854369EB841282F84B7CA4881447ACFCB257E252E00FBB3272120A75B99119840858486615636E0E0334031AAA8C08A62E080053A0AA
311
A4158431EC727A084021D41CF5D630C94184F6FE7432E8F5F9A4FCDF3EA7CF136FC2988093F98ED622E38E4976E1BF0CF49D2889E6DF3566719FE1F9B47A2D3BF89C69155DCF24F88C609EE551160F0415900B4C48FB013D8900A9192A700748002924771A3686A0A580FE4009E00ACC090253E280B90AC15048E047020483
311
A038A60ED232831F2CC90498648690D960C48E439F18F4DDBEB0B6F5AC7B7B89F6230243B4FA160A7B9327F3AD5D937C8BFFE5FF8B3A5E64283BEF8EAB9F71159514CFED62DBC880614AA1F7994CCFAE7D8C87057F451733699B8DF87056E1F0654B5021E38097E4E23221B810DE20559AD183A61C2C88A648DB096081E980
311
1CA00BC1DA0124E08DAAC15FD2936905CA8DA1C40E42B13F1764E0C4015EAD7F8BFEC99A310B1B7C0BCC7746D3C0702759C89EAD57122092122D1F857067684A578F1DAB7EAC400841F493A468113282FFE42316CC74C756B1C880FE78795C692813CF4644480EE9B02991BCA257A71861F00666D9410288487618D120D0E8
311
0D7773E2B7DD180E100EC98B221C94BFC4FF531A09B986230F1CD08378A8E4D0FDD7D9B1BC75F5C12EAD7FF83F3ED19EB018620303C217A6A35D826E72ABF2D8E2BB1B783F6E48D2E3F360806E1D192085D022103473A10375B63853EC54F500B5B064DBC20945B88160DCF7E4F83A0200BF6FAEAC88E9F54D22D898E43F37
311
8D20B51B5D6B1457000922202800DD401A9266483029C0D6D57ED80D42A0E6E08835F0F3AC73D7FAE6D56185F04FC44472B854EB7D9CBF7134DF3DDC35A9F6B38417DD6F508B37C1A718B0D054124176F7222F62DFB327F34D451799D56216880193254FF782D7DDE26C271BF38C6E422E271CE4AB8823C9510F021126A7A9
311
44E00DB4031D013C88EA0746C96D4574069BD5439C4110403B40020C30B07A604F1E41D19C21A93FD9002DFC35F23B1E7B98E95E38387E3603FE7393680410D702FF9ED5A3C5E5CE68B5827D721FA78F3A9A0C08A79722D9C9B418F46C0057BB1640C70AA4A03D29CECF33987596D53CFB27B32C3BE304C540E14BF8464E08
311
0918268D254838C91A01F0FFB99154FD8A9C0495EAA6534A6C464440B4A71E16100E7405088122A35F7A511DC003D002E6C8E7E15F6D1D2FD09014139EC11FDC89394621F77B9F88EB5A583C41E2FEDBC8F82334494C0BFA97FF3C3A34ADE60385B60E5A30CF036E5E75370BE3B83AE73B3B7DC0BB337DA0045299ED0C6668
311
1E4AE223D01B1BC3BD4C921E2005FEB5114739040758189BA8A320067B62A3995E4720055065AC2B4A8006BF8CFCC907C0063EACE41813C5F017065AD46CFDC6FF1BFEE052932CA3478C8E5A6F25DC8503D40F61FC1B047E4DFFE8E84407C81F1AC7B5C79DA358551CD0D13785A9AEB38D6EB68A0A8087FC6543E747108287
311
3CDCE5CBEA1EFC5CC0579469E225428E9A43D6A6000B4219DE52E8DF00A55F4BF5035960661C2DB88AC1F67C2890A93FC420193C8326409E7B595FBBBA9AE1D1511B3F6D65B09AC10A71C2317201A603E88C56CC68C91279E83F5C147787EFE6C675F00941D23EF092920330982DF38C65EDFCA89DA98E8ADDECCD77CB86D8
311
5118F3DD9884820B1128010D02F1060F582871CC8FF42024C02239273A1CC3BF71E770DFB7E96081682803188118B50310BD620234F230B12711B063E0F0490FCDA9248B580D3D3DE944A30CFCF2A1E0F6E59E8FBEA289CCCC943785BB8880ADA9C2FD70F6A13F5418444E3A669273C006C4B4EEEC067827539FFBEA9CFF04
311
D84E7F170480037005AAC8829084329899F90B5E013927F8E646514B4824B01D11F72C012CEACD163B6358A4454A4221D06E68A71062520649BF9E9127D0772D6E5EADED52FF216BC2FC513C7D3C5CC4C8AF009811826AE20203B076A2AA66D8D32E317DEE0EFC000FCE16D9E0BEB17C74AB009256C5D8AD1CBABBDA614026
311
12C675FBD72D07E633B1A42F2421208CE01397560811204306617A5141706105C9F4984C459F2D0F6C392FA05BED808512B0B9A8A9FC6CED89640EA347D31F0DF76D3D9E61E800FE9F7601BE4C9614A1C58E6C839F13A12D0EB426DE6386B82369A9E6A7F1F9146EB578A2EF4289AA109B4F6CEFEC0463E0072A05CC9DEDED
311
FE08407B173B8AA65399C80B2911252E6290C82CC1B8909140C11B7AE161B42B93905045D017E00CED6D27AAA15F2C2179F1E83D411A7020B9408D202381E7E5DEE5A9E7E5CDE3B186433F488AC81554BEC09BC579018ADD1DCB3D9D70F02B14BF9159A4DA376225FE43DA224FED327941705DA582B2FD1BB5DC0540667B65
311
0BECDD1D5DDFB0C7F36DEE2B94F6EE2EE4E426F20A1174C31DF153321A24114C4FFF25E505475F6906D4149B21F1BD9D9DF7B059F8E0FD83323CB97991FE80EE131A9003B81C491B218B1D42C0C0D593D9D548003839DC29A740298B0C23F0CE14BB167BD61989AEF0B985C8FAC8F923A73F31953989F0F6C96CA6C4D0A9A8
311
8184BEDBBBDA3BBADE77CD8E2FFEDEEF46184A86671D7DDC51417477BE9F04804F305AC82C2D018A21EA903866A0F959FBD4139916D036635EE03DDB7408BCF0627A03027AD314C09B0A27F0A79490D53839D0DAF1416995CAB24101FA63F75029D57A4CBBA9FB4D120ADB17FB5A999FC9420DFE04FA670430B90FE7F589F7
311
FE8D50A4B5F004CE5F07EB4EA007F8AEAE8E8EF7DB3BE2F81F42166C7246FA9E62D02C8209BA1024414C483498B50229FD923F2414040B2081390AAC353B5283EADA12A30B1080866D746B9ABF5BC107F33C2A015B275480759334B83AB02175EFD0DEC785DFC505E0064F4EBA5A97073A74C5C9FEC97BD25D819E28AEE661
311
FD2732B8BBFB1BF13441B3C1F45E8AC1752BBF80C113DE960E0AC7D9D02C58C80505A19BA0E84B14402601A590A4AE00A825E98C3212342302EE10FC5100681F86834A2804BC409D70270A2091DCE874B16BE0706C974EB3D26EFEDFFCA6C4579AA4DB781708469F055532A7046C6BEB0CF39F3ED2EC4FBCA3D00EA91CA68F
311
D2B87B5C191E0EB2C300F00A1C9881F263571C6CFD83D079D09F176FAD839340CF030F70458F81F09AEE1329505150CA0A00576B56C06D58070B23086F685E44232D9D53DE3FC3731044F286D19F459351863F749F1104198D6E14BBC68E17CAE70D7AFD958E350BEBBC70C9C4DFBA075240DA27D40AD7DB063A097DD3F041
311
EDB3E4B682A7A12A548F3393DB01945547175879989302521EEB1431B08759B632B174E0F700E774FCA1BB83F95029ED1A084288C8893520E49415E00DA080AE8027C34206D35491D050A4C6B080F6A20889A2FF82379AB6234F6710C05F9080ADF002B9C9F9C583AB220F45D618D7E7F7547FB27CED8A8B7A7D24EDA4988B
311
0C1C2A1AFB53FDC61BF3DE50D63C560F0120B0372F0839DDDAF13E583B868717C1CB8CC71D1D7F440CC82184803144196EFD58BBE00B7EE77DE8C015942357FB06FC906A5E2B8882CCF9FFE184B0035A5CF186A962A63F84B3AAEE3D5A2C830008807568B6A9F424086D2095A3E262DBF124350082C4B5DF4704A9D2C93553
311
DE47BD6766B69349610716999FA25854F759CA9792599D3837ACF6247CE8597B0F960FA3EC45B61715050260C5844FCCFEC9666BC71F875B17E3BCB4CB151405D7D08F846B4CB952248B4603CC402B609E90F0044A007FA800EC46D07A51232B00E5683C55D5096E1374DA4FCBBDE2C25A5B8D26008227CA7758033D7D70DF
311
12CAF7F247939F93F1CC63047D63ADA0B7CC8771B234D8095FCDB577B586D1834062035670E204B245EC093FCBE15626C10D210CB38A13F50E10A0D5C0814B0C4B30AA9858516001669002229618F100767AA3D6D2528595FE7A398C2D2300ED0013A0AE60B91644A057327BD3C36BEBF48C91279B45F8BD145494674AFB21
311
1A91977CB838DF35DCB3D6D6AA2FB2784B591ED785DFD7DB77747DAC9D2F7674810EFC2895F9ED8007EC7885101679C06F21E4B1C8A6120956F80518D1DAF1717BEBFB5803E20C6F2A11B2E48AFF4AD2810A70054623E341B3D1ACD92DA91150DE631EEB2C28882D092049C0DD38E262A7BD6F98549930C9D44B7C37028AEA
311
9F8C5628A2BEF5704C0DCB2B428181B1BE766F43014498D2E57791E4C8DA6BD2ABF5003F0C40202E2E32EDFB02852D16C30B7F646B98FDF86C7891690043128B0A0DE6B4EA27F08C30CA34C9D0AA0852A5997F8D11A6EE84E040B20472020256F4AFEBBB74E6705A12083B249089218E6452C8E5A69717E904A3F5EF3D5D08
311
EC1F4D4E85086B238CFFC11AB9AE972CB775616C6D1DE04DDF073B4DE3747C41FBAE6072901CAD0237100670C5A00C2C3CE063610ED824826C1F6650700E88C00B62468903A0D71D3A390255AD7040048348C56C4647413C2C2561216E0C469203EF06A5B101AD40D0E207F78B124747DB5B4BBB4E88B1C373C114E0470B34
311
5156EDDBCE1B4DBDF81DBC400746B0B54E05F693707B89A5E430982C2AC7D10DFF11D5B102B9505034B35D07E8E5F585757F088B390F2D4C85CF7218E8418BB4F25B885053D07D5A908326809F31D6CC6B77CC948413B28664484439D118DBAC27DB5AC40C1AD166F25E6A2F0AE82100C0BF220405323E1FF80DFC518CACA8
311
DE1003F3C9FAE9C7B2D60703A0004F8EAEAD2DE0F5485452D15B77B4B67F4C2403B8D8F9C533558ADE058A9E177A1698F75DC0EB4C800F74C0270178C8579C1FACD025F0560844502D2BBC01E620030CB93636C1041636A693949CD80139FD15BE107F905590A292840F8860706D07E2970A2F15E5B13B87C3143CB2930374
311
CC46A6F9B9D7A5CCCC14E11B9E879A49FBE27ADBD6DA82410FBB94FAA8487D61B51F4BE0A03FD08743C31020D6628ED20305A22C2C2FAFA7ED1E7881C438AA5B9035F20759E243C51F34D0D5F02F11403B9E204CC1686C0B6C9000470561519CBE1B0E4FBEAB37A39EE4B84C05F023858779341991F36D9D9F351E7BB3B5AD
311
F00148D9D05784F9AD8B037D48C01BFA83D4247F03BB768BEEF973A14E610090D4B96B1EEC5C5E66928F28EBEB6CF578B067DD83086081579848E60DFC7684044D8174993C39F886043481F6A2B743B18749E52447CD4D230513032D20D20206E536E15BCF7B7D211634F98FF9986287F33F9A94615A5A0A7CACF8DF5DCC1A
311
C6EF9AF1945EB78E0A2FED1DA2ACC00EF983F9A012260BD722EF61C9DBCDD8719703ECF839029010CA0B9F100B1D2842153E01A1A3837AB579516A31982FD2908A09100DAE591016CBCD4B011A2F4DE299E1338CE065DC4841BF9895D8C81714800CD08F5AD39601BC929B55D291F6CDCEF2AB40DD5D98F4E6F107C47AEE4A
311
09A079C05316F479DAF4C2BAB83221BCC0CE23FE3D3D4C7BC9AB673D89A3677D6020F6E182332028012FA0FBE0B2668FB85485902A8E7FA0BA2105C213E20BC2169211A4BABA7D693C3F1DA961F203694853137073AD5CD25F1C017DE0477626D7BA55B88F83B5EE513C41D814639FD1BF759171F4577D3CAB0C3DFF68B2D3
311
B1F8478C18F67BEBB2598FA76A4545E9E961BACF657E0791D2373030E0EC9FAEDD17BEA7703A738185D08236C407448A4CB504CBF01FF43859D3115488EA01B55078000DF085911805790DE1B41B6F8CB2889C3834FE02AFE07D85143C6C008438A944EA63E047023A7EF37E13B0903AFEA7BBAB9579330FAFDAACD5400229
311
80B65A75FBA17D388F1E6576405CCE7032D95BDA420E7DC0EFA320879E5F8B3B04C1D2D9C1114210C19FCC49DC6A855E12010184DB8968109ED016E4683CD552A36B3AFA13BFC2114068935A7E774CD2C7225642B73325938052D8634ABC18DC9442BF9E0402E85B42F9F3273672DA8E8F1070405D1DC3248487574CD98092
311
B8B956E6AFE1566530B78FAE05B4A0DE51FBAF85DD075C7E11939F80E015A58D1F87E400CFFD2306C4D1D3C634380A201545A92BE01F445800BE12302AB477BD6F62600D211232EB061448A0D2B877BB940D63D059C37E0569A83DE93E214F4BD86209FF6F479C640AFF8AF6D1BFD987D029A94DB7C329B4184D4BB013BF91
311
2FB88FEEF913071A8D82B651BC10DB067A7EC52FE1B421883144C00F64FA23A11CF708BF16CA59F18D4C04B8085964B2D8DA4A855187000BE440BC816FFB13374640B0EB1D0998AF38A1AEF503F14302E2811081FC12EA6CD38A63B33035125F40F170C0B0AA45E9FCA38FC6D688D48563B5C4B4B7C359D3C7AE0EFB16ACD5
311
E2FAA47EF8307044B4EBE1C71E84E742D81431FB06B90B600B9C239E277A57C94C427EE10E7826980C0136600D916A06058CBE8604DB4D314FBC014EDAACD0820F14BF75449B70339490FE5A0491221BF95F949DF1235380E969AABDBE2D32EB4403D3FDF17F42F9A0A7C28ED75BE86BDB7C7EC80C76F86B8800F77B305EB8
311
8F00A4352E0F8089EF811EA02A3DF08F7DA008F803BE4B4EF5F41E56087099E920708C3D720916444440FDFA013D4E1201414123A09290F5BD7AB729298209C4306D007BB0829FD4EC3A6D7E4F00B67DF38CA0764F832F0448E58439B952CB4F70DF964AFA74CCFDBABBDF273E2FF4F56D3DBFF2A78D42FFF2755DF3070664
311
97F44062AADFC0CC546F6DCCFECECFA232E14F408F05477D311B683A35BC245FCF8A5CD2AF20022C21022266905A5BCC8B20235D6FF04019CC04058AC80023662E25F342063165956320BE50370F2A657BACC817DDA3DDD3EFE04028645780A768FE38DBA88BF2EF3ADADFC7FEACA952E5A77568ECF0C971DF32BF1D24F848
311
6B22A649EC81B1B60315CBEFC026091CA45F858D7D04C1B437079431E63E38F880758842E780A9E03791C0FAAFE10012588C3C592FE35461A6047802BA18686887023A422A49599399893103942CF6DA53A8E387825FA0678B261F139F801E2B17C901D0F5217E07AC2401A87D0480F753FBED44FE949C93A1D042B879FCE4
311
99B3D861AEB23F9C1F372F0C24D0B7D6E70FE1AAF60F84BAE642D82F0A9F53E22783915518494FDBC0AFAE7DA282E5050B703570E06319A015E00D693A6BEFFAE493941C3B08C13B96BD20D0115A9565701DC58568A3009DA13E965765C03091F0FF339F7309D44F6E61F837F1B1FF920450EB8FC48F9B40158BE89C81A597
311
CFB0DAF5F5755D3886DC13D4479599B583758CBF35663AA234F133F91D3BCCFCE0A794367F385C59B19431780F1C099131384056616E15A1563B50021D369C593FB292685A68A8B2A50A0A2085CF05434617E05FC24A6B077B990014421A68401AC4D65788EE25F737EB780D08A6E38F060F2ABD889E1B889C44852C2FF368
311
C1E3E710D73B6589EA83F7417B341ADA1F639A23D15298F087AD0326410E116C3A1B325218433C71AE62C07C1480F1C045629724A076A4BB8D622D24690486727F56108D07046DAB065000678E04C4F8C342DE27F4AC102D854F2D08D59B4ED0E4F697B0FF62F113646BC5B7F3131D4EA8BF8B265EA3F2026E7061B96F6DF3
311
D993276B2180B8E57067587428579460551049049B074CF8B1066C7E14C705F0B39298C0997C17F701097023BAC31081390196801FB0C2A12380042927503D5A01CA127F9841B460310639C674BC8CDF1A320501448E0068905B07F6E5602F8C1F07786253438CEC51AE61FDB25FF71B09893AC026A9EAE3F30F369F5D5EAE
311
A5801FBAD3C98B38C13EE017B054F81A56F05259DBDA64FE270B1FC4C77200FE276FE814B916E222575ED717A62A92956504605268408CFE13FD61F84252228376060206802B9550F00B9D47E6AF1022538A752CF4FFF1F5931384A9FF8700EDD4FFA2B93FCBFABB3EA6C607FF714B0B8B04EBBE83B52B246092AB018C0D00
311
02FC490849F1E214AE6FC42009D6D86616C835B65DB9862EFC4480C14137603C3089D0A5588FA27E693DD184131BA4E88C35045ACEF1CDE1A82323C20B842F2419604821196EE8185BC834AD44F8E9B7549A32900196E9ECBBE20FFB4706861AACADBBFD9B56A23FFD3AB8BFACC18B1B5AC0ECD7B6AE2E2E9CCD2BE8AF1B1B
311
C3A813B94107E82DE67A42E7CC7D4A6116700B5B2EE3C338A09B840F07C40A64800D7C605AC42B72227C4C7020AB1F20056E26F542717F56534261DE3766AC10A6ED2D006DD03BA9DBA507AE0510A8B385C92363B9154167F1230C40D76AF6F3BE0CA08F8BA2FFBBCEFB09D0986550E0F0EAE2F2780CDF850CB0F88CFC2815
311
FE87BD83909F474F45DD47F1C821DB2107A8817FD45384F57891B65F2543D0C1E20A89B4A8DF806862AC27C60F6A054627FD344250718AC0FA21CDC4E28DBF2650D1B39D8B8A420C348A4F846E2BE824BF8C45E1DB8EEB52F576F47A75FF95F90FCE0FD3A7A08D48D5B9AFBE3EA658E1676FE3372FB57F0AD8D70ED4AEBA3D
311
4C2BE0AAF1C3AD63A6004D12900CFC481A47430C9EACB390038642C8C41B13303166614210592736B8603AD4FAB17189DBB32F3915F0C380795A089A15228460BDE8E52203527D41B5470901B088D84FF8B3FE2BA7F4FD30ACAB3DE0B7E2FF95807AB0010FFDE3A048F7360F9F3FB9380EE537F16F8673131325D3351A3F66
311
4022020811A0FE8C019CA17370725CBFF64132025DA1BE2555102212E80A907FB43ED80A991A8AAC183932C19AE17524B06590B6AD286EB99BAD18FF4BD64BAB519202F992A963648ED30E7521F909F090C0213E367A77D8836BEB6F34D92EDA624183070248351F1A079E5D3E7A9EE81F2CE6678F92E299EE312B6C0572C0
311
A7B5EEE07853612403813152C7125E2022A20C18F855DBAFA399817FC97FB6E1CDCA31D348434ACD0012F0D32A5456B4007E6E92D72B1A4E9971223A42C1042819E4049C0C5801300C0013FA48F8944FBAE71DAFC27F1826FA2304ECDF3F6C10FF47D5C7E49748DDD687DE8E91C09394EE0682A4F84CFD6067EEDF43E67EA4
311
6CB2F4070160439245F00343D03BF25D7E2F26FC400A896DBF19FB8D4D0A66DA669C3D608F9CD048A0533621B25690EE19D5D15248E390F042B12C682511B02BFE3E5700E4C9A9B2107A8F45248FA48234FD23005ED1F4EFE80D1320836F04003BF42856D478D1DCA3ABEEE3C68F9F30C3A16E5C238EA5DE3FF37DACC2F8B7
311
980033F47FAC34421EF0418A045394802CE032D61C70023D788136788613887C0011A4EA316E005718AE191F8D0D841B9C679CD2FC478442D005429166F5A24403B1E6ACF3298F388B6D0BA933D92339D48969A5C11F09B4FF017A9900A4F887010C474717E10F36468032FF33F4AD610517777104CD920C3CD15FC5F3B3A0
311
C75BBCA3B00F2724863C10BCD4A0E00736C7981F2F72E4B001438B99714FCFAF713A2603BC710376A1715FC602022202E06FDEBBC680A3DF1C4C095A12C50B554FE7623B50374FB2129DDEA4C392C9188077658C87F55FF92FFA507FF03FC8DFD3F31BDAB46DD51AEB03F7E1B38B8B87CFF47EA1479C3EBAD5C6B382C221C0
311
F1B358B39D76D9D3142C4A20935F541E492E0EF081BA41B3620A8E172B584EA1485632E22A8221CEDAC6110AFA4B6D43E2B76A18AB240BB24337721C9321D2C033B2D3E2641A55A400A28403C12D1DADE39AD23FC5FC08C47A64DC3FF6DFF76B5235124022D7E6D6D5F3CB870F9F31C96FE477FAFE54100068A3A87FA5908A
311
2C08011CF31309C10025B089FEF9C510522B8DC07C30AA469841723A10C08E27F00F7FBC181C083F2809EC3B2B328E294AEAD5A071B3A95C81D2DE3F930372D022C9C793535B92FDAD5426E90490C3C81D000017C6494441544698C416520C1C40C71FC204B22448FD9303782FBA67089A1A7D4CE38E89050FEF5F1E078A4D
311
CCFADA058032C34C1CBC2E1202B1F8962B1A8024F0EB7A11F209E96FB369D4B64202FE7BA230AD24C46413536EAE955B341B726C593B5D4630C0BE822480908522B0D85430230352618DCD4F7BA6D568BF4343801480006658EA3EDCBFFA9702B4FDE9022163C43F9B72B58001A23FCE6F0B3FF0E4E1DDFB9801A6FC42FD01
311
32CC1F2224F89933107AD30B6C9131A53818AE944BE25A70810821C38F098411980E46D108F483DC63F49B91B852351604091D60546702F58A3872A1716411B642C7629C267E64E77719F46B0548FD6BFFFC86A38DBFADFCDF700228C124C8664FAA02BFB1F92B09800876FCE4F2D1C3FB4FD0A44E0106A8DB8079751CBF0B
311
D9340066C3D52BC64706467C05B5A54401BE4A1B0132A55EAC1CCCB10D378A3DFEB9812022327745EF2102886A9142C812A1A2C9708027BB55B7006357459F9C2080E0BC34489FC629510F3017B62D5073E2A2C64048A0A42580E413BA9E08274091A398EA80B5BF31C87BF5ECF8F1C5DDFB4F22AAC181F070AAFDDAE5650C
311
4000516440D8806786D874215149E69ABEC43FF0EFC820FEA112B0522003C84BE03FB76623513B6D840820358B084119B0CEC8C00AE888826339A54091F5FCA513AFE147975BB1A86FC50618D9D74502F0C7C8815AA306602FEE3A5E79E0D7DED1B221001118B73182CD439A092FF801105D1AA14E1918EC282F6260869D55
311
108065988BD67F68E5581720A708051F7C8070F582389C682BE53F2AFD85853F2A013D21564028E06E79B7A71E43212180A81541EBC88F451E02385100491AB0C4A3BC5309A95911E66D04C0B448366988ECD204C2FC930F8CEE8FA410EE4C25B58DD1B6EBAD83F6196670F7DE635282C0A56A851AB035831725F0471A10FE
311
52097089C80495804100318405F0DFC2136004B4C40705EC9154315129205EC357930035688F61AC02188250CFA9A980233925F16A117A48CA54DAB6400221976B75D863330942E20EE3B00B08FBB71AA813B0E502FD2B023DF70114E0D7DF2E2EEEDE7B789504200112075478F2FBD6897835C91F0C20782401E801A2F914
311
2700B74805703426023A81CC0BE88B537D0003E0C5181D29EB8D83050964DD2580910A1E7A8138F76253DC01DC2F3824391AD748276C0B0CDF12366625D038603D0003E0266CB42704C8CE7FA7F11B4D59C0BF454A78F8FCF1E50513715D469607031272358F04E0003C90107223A581218F10008B10247CD20D860FF0BF48
311
801040B361808148714764028EAC137E871501EFDD97C89B52107FF1235B0928C562530082573CE137840EFEF82A0BDC602736C595912FBEC69E6A3A26903B3A300C5A098A9E3F1810CDFFBA019D97B4E7A7A075850F2E92569BD960CA7B8304995FD006FC4213BB1448A6F4BFBB3A9F9FC4962D0A1369129B10073771FEDA
311
38B1737B663A71C088D8848027FC3008DAC4E4397A6F76271DFFFCF77D6BD7F1F67DA51E0E08875A6BAFBD6BD7AE52CC04A0B4A2206F650EC412841A48258258E8662C3838FBE21E25172C2A15A4F78D82DCF68A005DCF07047C183E1CE47731BBCCB5469D9169E0D588945BEB637E87802A03D88FB82486210D28FB3B858D
311
13DC7CE75F5E6F3B03C1744D30CC58C7C7A256146853A05243060B850072A7010CA47CFBF9A1E24F414037B8781E8E9F219A774B36481CB43E48A79819D638C8760D672FAC19FB9D3FC5EA9158DBD0159C27860409682E8FF2595652FE189D2CC2D7C023E944158355806FC320087CC74116030CC376C559C098B93A041C5D
311
DA48AF33827D2327DC761D19C17CC62780D82A170E6CE7415A5E7FE825E053048F88D2AC2A561CA4D4C60098DA28EF1A01382772484698F60C8DD24BF396EA76260542810A625978C03580A9CAB91D10249BE579B0377A3DD15749A45F24C4D81FF3D7D7996F6A1690288008C0FF6CC186DA9D5FC95BB09B1301004B016E70
311
7FDFED306A1BE8FA208828F00BF342186839839F1F6FA338DC5A0200FF383DE92614C03A4508DA18F4D85F9354F7E867AA77A42FF49BBE6757A1A7454448D0BFC3C220714FE43A3D8F1547BE10F0BC5A05985AC3C28829A06FE24CD062700601F4AF12AF99099B08E7071DC4626A97C920C3FF96E190C9D1FD7CB6163E800D
311
79E5F3F10A9306C02B799E80F1AB380E0571A584C0370A220C3125000B500900D96FEA40409F980E2083E4EDF4D8D2480AE5667222E020BCDAD4EF19682120818FE18EC7FD6AAD67C03F7DF1955E697456F517AC4F24700C30171C67E9168B109A4F60AFA60F98BE30941BF776DBC7C70792A2FBE98AAA97224F8BEA39B47B
311
FD14A8CD03320DA2B676E3AA397E652E30A42CE2987B7DA1EF7F75242413800A04C0270C62A13372400B435ACD84B8B5009208F5AC73EB149FFF3508E21C2201E0338BE07E50EB47E7FF6D97724A601028C5519073E7978EC88834410450E074DD58AD13A4900103A6444A9CB99103229F0EF8C0C78161EBC68137240734CD
311
CFC349807851E0EB46CE864D2E405ED341B71A390CF2DE20CF5193189E1901E866D0230409684B193D17E2928534D04240937D3C84477494FC5E0FE0B448E35AFC19007926C1C6A6E622FDB8A12E30993C6710E070397C4B26304C0AE38218D19F01FFB15BAE1C0E7E74DF75F2406E373C414E848FF8E500EFAF3C1029C9C0
311
ADAB2313A7426CA9B2C1B9E30032C84EF31A09A88A386F136E8C2F1D582EA0459207015F10F1F001F0B1B7DF7222011EA2001F00BFD36BAEE0850928B08C077030FE3806C880EAA74BCE0863A952812E6008B3A89199C1EE918AF96AF583F1A073B0A355B9D861AF1460DCFB3BFC6B7EFDC834B09700CBED3510E48DC71290
311
41C991F06BA5006CA6B5B34EE21501374E8DFC910042036111EC9C7CFA1C05D48A7270F7F835BF04A4194DA4CF76CEC66718C84CD020D04C412AC848F03E3C61A1C8D50D0EA6838A00376054D3DF61A0E393E1F8B058A6C994093476D601A4A06F0CFD3C0A6BFA910E75CC10400A80FDA93AC9B5EA4303F6C0D188B5590860
311
91CC5910137772E14F2376D03181B5CFE74C0EA38440D0AC256D6C4D104CE05302FCC00B60B9CD4D71E08BD40C144A025E60D4C1F45FE846A2105D717EEA84808A5DD90A168E133640311CF05DD870768683F5D2F1800F485AEBE5CABD8FFA3C0BEB33702493AEB551B1EB035EF5C8E5757FA7832141F88E8578A363802B56
311
0007AF93D7D470B478C4D00B412D634C9140C4F9275C00DCE8DFE3C7F8C0AFBC5B2CE82E3C3BDF393D4375D50C43CD1C17E3777CD2C170725B7B42B41DF15BFC344DAD089C1E9118522B4A2C60B794E4E8F33081BB7C8CFCEEA0B2015E49D586429C6C78646180B7710E06018A3082243C275F077FBE412C17DE80D3E6B946
311
2C5204C5D980D1DF84A864401C483CD01B143F4A4868087A0F780F37230200A4FBF6AED325114C367C22512750A5C7C3E32D545CE20A0904183BA10015DCAD89864B3E1EE97EBAE8B204266A48E010511838E2FE413FB116E60880C2D8440AC3880DDA6DF6618C138CF1CB2A09637E18D00F80CB0DC05322E31EADB8081C29
311
410903F06BFCDF5AB46024E4A75828056440503C707856EF0C037623DD4922A400E8A6BD75E4D2800905F18450A00CEE88860C8964C7B3F90F56528BA18F71CFBBBCD2D05797E168FC37DB26DBE0DD2EAEF39686C18440820013C1444055402A541400DD362A0A402F1FE51246404E098249FEE30708C10CA0B54601053159
311
480C00BAA9B1223A773234FE72FD5C3BD81804D8D196FE3D5315A0C981D88D04FA01DFC185CA93F9120E1F480B08063364A0A318F08DF95056E4C91F1150D31B011200383502E079EE43CC18603AE2F88FD139C802A739F208E88D06DC78267C448C27C4113C19B0F51B0E9C1C021CF8F9167C6B1F2E10E461002910105D10
311
42792D1CA303F469714C018C23D72179E165049C40E801CB96CF334562E5807291D1E0C70FE6CAD91656715F0E5C5E70F8D7F83290549B1BAA6F781D25180EBCA93EC84E72A74081CE3020789B3790E1A9E478E658C099BECFF01E530E80EC5FE31204ACFF70AF8177A03059240CD074978A002A878BF883FEEC81DD684E40
311
6CA630ACFDE87292822A11953710F000885D6F68A67ED40CD772B0828359B753F7CE23D9479AB9845771B389D6A77130F8C134EFC83947392029B10E4425440A84AF0E54825228FC1634D369874739C837A9DDC83C20D320C36042610ECDFA750303710224D01202488012CA847424F8D53F78AB6BECE9B3B35A7F32396AC6
311
B7444566327DBB4DF06FD9616744F4D3A397EB3B0A3FBA8D763702883ED742FE5CD24146D8E353ACCF811C806AE09914D8446E93840FF4D6C963FF32BFB6AB015D1D3B0C9A0968776F021F21404B6260CF84A14F35180CE20B5E85BDA2EC91FD5A7DBA7E5705F4F0F97AF26CE18E3BA078138202400A62930FA6CC7882F911
311
A92F33E547E64990B0F27323D73B6222863F86425153FA8009361C675554C25382CE148420C8DCC47A20122806CA178A0918C14CBD33440289078A00EC6070184CA9907FD0A1270478E0B325B67C2193694EDB7DD0F3C238447C8A11485562FB4902134E6AC952FD5320A4F7C780882DA9684285CD81D278C0E8FF8DEC9F45
311
D22DC3C2CA99C2728110888799575B6834BF22B0F01EDE72D7F21B672C40F0A972999E2200B7C91403F9BB3D09C01990819238CBAE5E7510D7D57450507E3DB04AAA0A3C280064E0775380C8C16EEA4834346A04BF0CE847B4B3AF760D06D24BBB267C32E2C9257DE5EB748AD101AF1FD33265E2B674EED8C01A0AC9013922
311
11011AC810560F77778E85B13BAFE3E25C95B70919A4862C15928BD8989664AD8638101D009A80F00BDC41AF27602A4BDA0C077E550048E7F1011410F01405045E1C140B4D0E70E0F6E034171C3D6FD12004FCC1FA304312518910356628A4A326EC9ADF5DFFD1B2C0399503F14B4F8E3E0E4E39A06ABCB56A8014687E86E4
311
62BDDE5124615ECDB412B7314F62E6E0C76ADEC0F717B360E741960104CF1706CFA18E0605004B01AE007869B095ED92144A807841EFF2811C047889A04901C809062057192688C92346F97F279449F89B113500BAD282D1DA80A55C27EFFE02C8D4F395003F285B617BBF0831F49B055342DDDD414378E8888E92C16789F2
311
69A27C9A221FAA4A0DFDDB9F935B2ECC04DC51481558A69301E0460B02665AC4DD30C03D480866C3409400051811876014C0F294C542821AB045011A3E3F09001FF304E3A0BED05CC11A811B865001769507FC01ADC611F400CF68C7B093606E30F3C7E0F00C1D10C31951C1E2D7252181DA00345842A19130715C736EC9EC
311
E686A712FDB31E4D3E50AB336E5666D7B212C0113C4A4406029709B43D0228F3FBAF49921B19CA0C82A2D5BC4A2079809240F37D3E10F9637607C3983F0458508A98B8B4EFC92AC13530180CF55359500080061DF59B98BB3FEACEE881DC8127F182A885A86FB12B43C590A4380504E32305E3148BBEEB2D27820297654280
311
92545BA5C2C681FC5F8E869C0EE1034A822FF09A12C94084505AA868080303473F8161F7AA0A6610745E280BE4427FB770106F8800EADABA19F453210435BDB2348471B13B65F2FCB554827632C4C44467333E4127095D22092ED492009930413251B5408345065065E415266E20279A40B3F520370BE2050C8360E6BB4601
311
C1673B9BFE007EF5200B6483CD195400A783E6DEA0653515B0FCE8E86D1618FC1EFC15C2E727F24F2A2DAB57326D8D0877D4E298894E7A0C3C7D9CE8A0E2D17AA2020FA1097D6372F2A9F955060FDD467AD0426368C24A8340FD0D6687A76316DEF5179ED9042005A2BF02A5DD810A4DEFA4A8F700EFC50FF4FB8C06410F03
311
03C106ADF8852ACC6A2CA9046E9ED070739339857222CC009E206479886EA26227BF7A341A15C351A8404A6C10080A2140FA4B4E8D9B9A11645899332363FD69887F436A660566964250FD752E787B64BCF8E6C8190DF8EA0C854C062D8A5A1346F810414313E606ECA0AC3A01D6928544029D5F42E202C0CB386F880F7842
311
A31287061F32F3CBE09F2950783394F2F2B23D85386C6F51943E99DD10C8A0000BA9569A14805693274BD0E4F4DC3F28E331EEA91C4F33ABE057889BFB92819187840A08E57A276A8BFCB75B0342668C70C565C8059996D209C2800941A21FB82B2F520BC2E6FE6F1A8827043DE17000DACC8193E78BBB8DF1467978C06F6A
311
FE986123E3A95272CAC122046F4C65C4B88FED2F1CD1D918F7CDBF8903BF1A90057D42F4DC133AF804ACBB58446A0DB78806FC053FA1E45D0AF1112613CC0DD976C5E70AD3282F42725C0D02AC8588DE451B1C01ABF063E7748A3882F0DD484BB78D037F9812240EB88B6034C0AD53E5116D4C6D920C6A89F084E6D0598AD7
311
EB6930CC7B293E27A666E5CDFE9A3FA52FEB3C97976FDAAE9A60008FCA6B33099CF9880D35D419FC687D424378E3099441E110C5B3C6DC311E6653514A67A530D863326C4D8430E0C28024803B5B069B0E60C10EDB6DF087034171DF01F1F3404B27B1056D8C0E56E7CA6056E7798147BE4C2F01CED5987E413AC6A724876D
311
E3F599E0601CE7B9CEF3BEB3671E12DCE8AF9631B8031D3F360B6955DC2342B2A0E4632A00264C0DA002220CFEC3E10D9BADC8904D88DC51928593AA16C91DF6FFF82B3234404C7214D0F8608E0052283EFB2B0563F1D072936C4017706010BCF1B16CDE0C1FA9C777E44E1F5259B0C9BBC8794A82A6C182A3AF56B1692140
311
5351FDDC91B5BAAA617860E8D76C97C377FE701A4EB4378FA97C2C8E3CC8950886C6FD93AF70A1F5F676B7ED16CBC56AF5D09110EEB8607CC08A795882358280DDB98AFFE7087C6EB593D62F041CDB4018935238E73F1098100D0C8769818F777057F64C703C6530E142FDF5C837AE1CF66C94C4887D3A3726AB990DEA248F
311
73B5D32C8E04F6714B1E67C53FC52040252E605B322407CBF8C7F05453462A295ABF4D95592DDD76AC23512E9A2DF964715C80DD752CA8E263AC36F02C3C28A133EB22AC8D099BDEFDE28C3E8FFEE3815D5D00C17C00511058354D62443C1A546280E43572A9C661A34FA5891F8E7570608C8DF21DF51DF9D2A84D4501F41B
311
8CD4F4C9DEB2F901E810C0E4CEB6EC08DFB06341C864CF8D0EEE779A606545E1E64AAF30A4324C20FDD3BD558BD966BA994FA915CD162B1978642AD01694E533EC190368A68234657085B5F88E27A0805E04B8BB6A00A51646EE3C10A50FF007FF410F1963CA69BE2002F0F902E701AEC995FD41F83A3F0C3809A3288A0830
311
03A6CC2A20E6D703EE48E3777AC07ADD51EB6101603A9FCF17B3D5928F6D742EE7E4CF38AE2B03C5FB39C81D7B2978FAFE85AF3D2710B0582C970F0FEB0E4D1103B8BE2B4D560CA10002FC8F334C891C07B44FE06B2E3ACE5E1E2D1FC32203110ABF9CA0E8381F68EC3C06701328E5A38278A5FCD944CEA5283DA933DF2A24
311
48BD23F1C5D8BE04CC2DC3B43B3EEC29F8B5FF926D11D3E97EBF7FA1BD1E5E5F5FE6D3D972F548547783146ECD84873F377C5820F7F9FCE5E07378D6CBCB7E036DF7F7104079A05B77C6942D1BA95D47424BFC3DB6411009A42E207871B7EE9B06614BBD20F22F7523FB985F3F7068E37600273A3ED0C1CCC380F6EC4AF01C
311
C1CF95E4848B7BF950AD14C44F10460221E02D21D01DAE800F323704C00035DFE97CB37F797D3D1C0E4FBF35EE1E5E9E0E879FBF3DF6F474780A01FB3DAF01FE0C0798218007C2090A3008BA7682A338F4A8804A06CBFE6A80CEC766F49853F15B2F45FCEA3F8250012841315016E75E797EFEEC4ACA6C79F515CF1738F7C3
311
6E2406071051043817C9E8C5888D49D0332E800062FF54FA562BF7446CC0BFDFBF8603D1FEFCC9F7FFB5A7F000430755C2D3F72F2D02A022820897ABDD44594475BDCCA4A10AF34C06B08B4AB58BBFAE30999DC66C7CE903A83CF8EB006EEEAA063430F84B05F0ECF644825F5E95073870E72A0771AB89B080022A0C5A9FAF
311
34C89286257FB7BEA000EC65B59750C68E0815B0D9834B15606328F80709DE09018AC2A7817F83F96DB3D562C10A0A31300230CD4200B87F85808BAF64D04600254047F9C14DE93464009E7F5AABB4FDD6D55142A2C0BF1541FCE19C20C899BF4F76AB54B84CB97F88F48ECC029FD253F0C70DF4816B9AC94BCBD653B1A283
311
C4001A0337955E4AFED3FB790B6B1F5EA0B5514074103A38D84280EE0F5F9BE974EAB2D16AB1EA969684B6E4166CA28264B300474C7308D20013B204A65F82970718D05678B3315D442E1C0A327E2F56556040C005D2FAB1326A68A07507C9E46A3648555A7080F5F50219A00E6222E3E0862CE95B5680930530742F1D0418
311
05E69B788161F015944D041182B861A2C17F3AF01CF5BFDF6C343F9171F5B004BF59C016719164B888EA206A02AD05E8464D06B48E4381A0E9345FD171625AC22198F57C003BEA5510F81FF78D31C9B033D0030000000049454E44AE426082504B03041400060808000957655128BB58AF800100009E0500003D0000004330
311
3841344642312D433438332D343537442D423137332D4245323739303133343131372F536368656D61732F436F6D6D6F6E536368656D612E786D6CBD544D4FC23018BEFB2B96DE15493C78601010A34B880709DEDFB52FD0D8B54BD70DF6EFED3AC0B12E6442E2716BFB3CEFF3D18E26FB440405EA8C2B1992E1C323095052
311
C5B8DC842437EBFB673219DF8DA659866649B798C078B48AE6410122242F2A4994AC7F93815DF85C049C8564CA0A901499DD886B2EB9B1E02448F358701A9235880C49A0119892A20C89D1B9FD768815CAD268CB5E0355B40B1E47F3E37A2020464BED06AA57CE8FCC20C3C3446D46761A2632A8C1283D07031EFF2AE7CCB1
311
BFEEE916E406DFAC8E36FFD99A9D60A6944090EEDC3B670C7DC13DE86B6B2C5C240D6E503BB85ACD579D513F1B9F9A69DC9CC22AFA80C426D40AF0B21EA168559156B6276F0F726A6BFF04DCD513A87A62CAD41FB24FCB2858B3952E3D852084DA25B9303C15687973CC8E8AAE11DF2836C38C6A9E765E8C1BA1BFB1DC29CD
311
FE518C8B5A7655A4ED7E77291ABEB80DBD82EC866ADE1B8D05AF9E35CF09D7A061F38A986D9EC412B8F0F65E5D81534D9B231D1E5A8FE577A241F3A5FD01504B030414000608080009576551670136ADA9040000B41400003E00000043303841344642312D433438332D343537442D423137332D4245323739303133343131
311
372F536368656D61732F47656E65726963536368656D612E786D6CDD586D6FE3360CFEBE5F21F87BD3245B0E2D90F4905CD12E1F8A0CCDF5BE0A8AAC24DAE417C872DAECD78FD48BE3D44EE3B5C3E16E010EE75A34C5877C48911A7F7E4914D9095DC82C9D44835E3F2222E5592CD3CD242ACDFAE22AFA7CF3CB785A14C22C
311
F95624EC66FC34BF253BA626D1BD488596DCBD8F2E6FC6335608B7F428D258E807664080A98384D9E75E22F16B2CCF05D32CE502359492C878124DE31DBE89612BB196A934605E44F272A5249F446BA60A11112D589CA56A3F898C2EE16F6B136C595C7AC3C2FF076D3D808BDBC824572211A961A8D96E393F7AF5806BEA91
311
EDDFB1ABFB769EB08DE8BCDFE27EF98E9DE0ABCE3BFCA1C54E8AE777ECE2BFFC92A94C87EDE6A9111BA1ADE75C74BF391275D33FAAC5FABF89F1D33C9836CB3225980B2A479BE96A4FB3D59F821BCF11CF1FC55602586C7191D99E2C9C0CF2B8A662E3484E59466361985485D7E248E7953C01F19DA23B9D256461B6E09C40
311
FF02D1DEA98C19EBAFBA4659184B7D47DEDF22E2F53DB017721B164F5B845961697F0C699AAC2410982C385725A6361A500F59CD848221F103A8C1A7CA84A55F407794695C905C688E69B111550ACA946B9B4785FC1BDE0E229240B62665328986D5B32C400CEDD88188F35AC25EBCD40836F47F35E5C0EA4B6F767B50568C
311
FFB5665C505E2AD5EA8A9997205F50A2350EAB32C9294B0024108429953DF32C4D812E226658F78A490408362A94987E6F787DFCBBBABAAEDC36758ADEE9B58B41BF0F35D87BB1E991E02BF0B513748E6C0AA2EB2CE56EC68E97585643D82DE284E51DE03E4E22B00738761F1E66E1616A03EE093B0327B6BB9797262B0DCD
311
72C6A5817ADAC1C3C0A3909CF6639B404D18B15CAF4B3C09CEAA4414BD5F0723F059ED37048E7A64271711EDC9C5230F58FBDA5DE00DA512CF04BA6671A0D201A83D2EC81D2EB552C7E5CD1BF9D6913567B2CD53A659AC362A2B200B440195E2ACBBD167A32A86F7874F7F00686DB55D163481DADE5E417E979BAD827FC6B2
311
B0AD8A6AB1567038E466EB4B10C4C2F3F71196A09260938125FDAB8662456EAD68AB2F7C1DFF709C874887B76A4355564F017256531BF73D7D754A40E23401DA38EFC907CF8D8E3C1E5E7505D8E432C60BE1EDA01E5166683F169B6EAC6EC046153F66C2BE0679FD3F407982ABFA28F92E0E457501938D96B1209086907936
311
0D3F947CA8BBC3D9FCE1ECF3C676C9BE80EB67CABE004FC290F8E26BE6A0371AD6CE66781C408A1FAA8CFFA63DD93A94CD5E1F3BA6A3DFB05B34E1247BB3949E3C332105035203136EA14AE89FF99E3E0B3C4EFE65C581A3A3D2D0EE84EFDB22B49DA31A07059E69B81628A8ED1228B63E42C3D840C3C01F460D1F331FE199
311
821B03F22CCDB6DBF074B49566B12C3B3626074EA1B130B4596BDBFBB642A835954A9509E5769234228129889952870EEE13F494954AD7A27EAD09411BDEEC5B6B6AD752C11509F826EF4007E86281B1AE63750FD09DBA87A34EF4CE2A75F3E85960004EA6B519F4806609E8C91CD18380BD81691D9F2CB5730631E6DDBAFB
311
C30E96D3E1D3D67EE8FB72BAD92AD4C1FD3CEDFBD2681858ED6583CA3853294B80AF67AECFAC6418D08164D5FD1E52E8B546BCC77B87C6E9D1655FFD384FB26A28AADD82E04B9C64EBF78FFF00504B0304140006080800095765518DFFFC99640100009B0300004500000043303841344642312D433438332D343537442D42
311
3137332D4245323739303133343131372F536368656D61732F52656E6465724D6174657269616C536368656D612E786D6CA5535D6BC230147DDFAF08799F5FDB600FADA20EA430D968A7AF12D36B1B481349529DFF7EF9A85A718860DFDA73EFB987734EA3D16FC5D10E946652C4B8DFE9610482CA9C8922C6B5D93CBFE3D1
311
F0291A6B0D26A3255464182D920FB4233CC629881CD49C18508CF000E3EE309A100D61622AAB4A8A33B2483F11CB639C545B0E1508438C3D3C0361192846DB7ACD198DF186700D182920B914FC1063A36AFBEE8FBA03FFD3CC1D1F4FC9E151A2AF59F628C5B7821D83FDFD3489305080F2EE04BF962195FB285E9D2DD35232
311
0A9E827AE357594914E42B1F5FE35F83688F60C4C91A6C946ED0668E8F244BC2EB0BA6E3BCCFC0B6A4B507F9F9F8D51EB315D9BA9E08D308E89F96931666E577837E2B4172199C68C4FE306156D47DF51C698C7B9D97FE5BEFE2190C3C38BB054E6E8163FB039CB4B993C80BF18D969203116D6BBD26238B821F9BB909AD6D
311
9C71B85BCD8C33D66FEA3D31B4BC0AD45BEA46BBEDDFEC0F504B0304140006080800095765516CB0A09051000000570000004700000043303841344642312D433438332D343537442D423137332D4245323739303133343131372F4173736574446174612F41737365745461626C654F66436F6E74656E74732E62696E5361
311
60607031B73037307236D53573B430D035313731D175347132D47533313371767334B67431371102AACB4D2C492DCA4CCC492C28484D2C4ACC4B4E050A82012F90744FCD03CA26072767A4E6260200504B030414000608080009576551C55C663656000000680000004500000043303841344642312D433438332D34353744
311
2D423137332D4245323739303133343131372F4173736574446174612F53747265616D56657273696F6E5461626C652E696E665D8CBD0A80300C06F73E4B29FE6CDD8A2E82A083B8B7F209014925C9FBA3AEAEC7DD2555D896CB85E51C2A1BD834F6A1F56EC4494C4695278364ABB24ABD2146F88CCEBB89D5321FF8F3F43D
311
672A3B44DF3CB6A1710F504B0304140006080800095765511FAF19AB37010000A20400003600000043303841344642312D433438332D343537442D423137332D4245323739303133343131372F4173736574446174612F636E782E786D6CCD94414B03311085FFCA12F0B849B65029259B227AE949C1E2C1DB343B5B43B3C9
311
92CC8AFE7B93760F8AE2A9875E876F665E1E79A3361F83ABDE31261B7CCB1A2E5985DE84CEFA43CB26EAEB15AB365AC510E81BC62A0F03B6AC9499568718A6712E75D8C3E44AD5597F9C8B772921ED60EFF0B1BF0F9ED0536295719052CB9279C301384C143A4C47DE01016F78C414A668304F223BE03CC94404C28EE9855C
311
C8BA696AB9DC3572BDBC5D37AB57250AA9D53E0437F3362F8B61BC594873DECBB454A2005A4DD1CE54790DD37FA9E47BEB95C8A45689627665EEA0CF3177C0383A6B80B279221842AA338430287186B512C5851F5E3C606FBD2D2DDB2C0D28C4A72C102359BC424FFE537B796FB63E117883D7ECC86F8D97F7E1F9F48B5ECE
311
B13CE5E6FAD2F25B23B7BEBF4056C4E99CE4E894EBA2BF00504B03041400060808000957655162402E2CE6000000600100006700000043303841344642312D433438332D343537442D423137332D4245323739303133343131372F5265736F75726365732F44373837303243352D364138302D343734342D413442312D4634
311
363443464133394437342F7468756D626E61696C2F302F636E782E786D6C4D90C16E03210C447F6585D4E32EB052AA2862C94FE4D44B4559678B021881A9DABF2FB41C721A6BFC6479465DBF839FBE201787716372116C82687177F1D858A5FB7C66D355AB8C484F189BA209B0B16E33AD8E8C350D6B87BBA9BEBBDEC5C730
311
0F88909D7D4FF16093F5A6948D15FB09C12CA612EE501ECB6EC82C72C950B0660BED00B900E380CD600876A657B18A59CA599C6E525C4EAF17797E53BC935A7D20FAC1BB489031BDACC2621B63FB4728DE01AD6A7683EA21987E7A4EF1B6D4AA506EF907443FA9412625EFACA15613474B407383C004C5FF61AD78CFDBE4AF
311
8CA6BD1BFD0B504B030414000608080009576551A233C2345D000000800000006500000043303841344642312D433438332D343537442D423137332D4245323739303133343131372F5265736F75726365732F44373837303243352D364138302D343734342D413442312D4634363443464133394437342F7468756D626E61
311
696C2F636E782E786D6C4D8B490E80201004BF42E6EE76F3C0F216234B883063108CCF170C074F95AE5473F5C4C06E932E4F28601967600677D21E9D8092EDB002539227A2FCCB80E1168D80A6417297A89C5D6963B7129A0D1E8F2EE73AA7B62BBEB8B27DE50B504B030414000608080009576551BE897623630000008800
311
00005B00000043303841344642312D433438332D343537442D423137332D4245323739303133343131372F5265736F75726365732F44373837303243352D364138302D343734342D413442312D4634363443464133394437342F636E782E786D6C4DCC3B0E80201004D0AB90EDFD75167CCE820A4A845D83603CBE602CAC26
311
799919AEEEE0D965E2E908050C6D0FCCE04C8BC355404EB6198129C92351FAD580A10E464065907C8D948F8F166375F655BDC3FDC3B4E530A176BE7057BDC43B2A593FE403504B030414000608080009576551CC5E79C97F000000A30000003600000043303841344642312D433438332D343537442D423137332D42453237
311
39303133343131372F5265736F75726365732F636E782E786D6C4D8CD10E822018465F85FDF714D69FD00638D2F91E2ED1B9101A49EBF183E64557DF76F69D239BCFEAC8DBC6D712BC82EAC080587F0FE3E26705699BA800D2681943D8FE6E40FCB05A05058396730CE9B9A3D14E437285BAC53F76D871C1D9A9BDD0DA0846
311
91235283B78AF65863DB9BF3B5E3988D6351F2FC7A794B5E7F01504B030414000608080009576551FF0046EF0B010000550300003400000043303841344642312D433438332D343537442D423137332D4245323739303133343131372F536368656D61732F636E782E786D6CCD93BD6E032110845FE58494F23838C9916571
311
B848912A4D922A1D81B58DCCB1277EA2E4ED03170A5B4A9714EE60F4693533B062FF39BBEE0342B4E827C229231D788DC6FAE344723AF45BD2EDA50888E902239D57334CA4CA448A63C0BC34C9C04165575567FDB9890F38CFE85FF40966453AED548C1389EB95AA9CD0403C53A392A29C06889883863221D919DA041D4025
311
30448E6C643DE73DDBBC72B6DBDCEFF8F64D0C9594E21DD135DEFA040197BB91692C475F0C313154408A1C6CA36A0A222FDDD1D287180A21454CA1B4D0C8F4B514522D8BB35AA552D6B0823F8C14430D7B15F9113C04AB6F35F395BD7F0BFD0CDE40782A2F15AC72B79AFD37977FAB605837A07C83BA10F21B504B03041400
311
0608080009576551E3603EBE7A000000C20000002C00000043303841344642312D433438332D343537442D423137332D4245323739303133343131372F636E782E786D6C6DCD410EC2201085E1AB90D9DBEACE05D09878023D01A1D34A8419C380F1F82DA68B9AB8FDFEC93C3D7C52546FCC12980C9CBA232824CF63A0D940
311
2DD3E10C6AB03A3397DD192872090D3406ABE7CCF5B5D18893ABB1690CF4DCF02282E5EA8A5BB96FFE536F285CB347F95BEFFE81C9ED5AFF9D5B1FB575BB00504B030414000608080009576551F5DF606A7D000000A300000007000000636E782E786D6C4D8CD10AC22018465F45FE7B4BD3D0401DB9EA3D467343721A36A3
311
C74F63175D7D70F8CE51DD6709E8EDF2CBA7A881EE082017EF69F471D650D6094B409D5139A5F5EF06280E8BD3D0301835E7549E1B1ADD3494D068F0F1B1C19EC833BF598A7B2E19E64771C1960A86EDF5204E84324EA9A8C6BE29757EBDBA2D6FBE504B030414000608080009576551CA1DF9C9A900000073010000130000
311
005B436F6E74656E745F54797065735D2E786D6CA590410EC2300C04BF12E5DEBA70400835E500FC800F84E0B411AD13252E2ABF27A55740421CEDDDD9B55CEFA7A117778CC979527255565220197F75D42A39B22DB652EC9BFAFC089844F65252B2630E3B80643A1C742A7D40CA8AF571D09CC7D842D0E6A65B8475556DC0
311
7862242E78CE904D7D44ABC79EC569CAEBA537E3521C16DF5CA5A40EA17746733E0B6615DE7217475F386F18B9481C510F1F021CD9FF027EA0E1F5C4E609504B0304140006080800095765513DEE336E64000000790000001B0000006175746F6465736B2D64657369676E2D7061636B6167652E786D6C35CBC10E83200C00
311
D05F21DCA56CA76D41FC96062B120735B69A7DBE268BB7777961F8D5AF396893C2ADB70FE7ADA196782C2DF776D7A97B5933C430F15651E5469C55D70F80A4992A3ADC954792C525AE70A1E4D6AD9816CC044FEFDF01FE3FDE907802504B030414000608080009576551796EFCD9F800000096010000370000004330384134
311
4642312D433438332D343537442D423137332D4245323739303133343131372F4173736574446174612F636F72652E786D6C8550CB6EC32010FC156BEFD8E0476A4798C88ADB2FE8A93704C44189C1E251F5F30B892BB5A79E76353B33BB3BF4F4B5DE8B4FE5BCB666045262289411566AB38C10C305F5509C1875D6865F34
311
280C5FD5081906461767E3B643C29AA04C468D956A07B9F72A4021EEA919C18BAB5A79C963480C7F2B372E6E7C5125299F3C4663D472976A99DCF4452B07EC756A86E1859C119EE616B5E4DCA29EBC4DA89FFA43330F3D9E868E5659CC68D0EBCF76E1140F4A02AB718D11210877EF041FBBC391F41FB4CA4C467D70E9E77D
311
69FE0ED894AF9E79E0B47A4EFFB8C64DFEEF1AB5094DBDBB3E151E1849473E068C5639A5541E11A69A1365DF504B03041400060808000957655166D7379EF40000008E0100006800000043303841344642312D433438332D343537442D423137332D4245323739303133343131372F5265736F75726365732F443738373032
311
43352D364138302D343734342D413442312D4634363443464133394437342F7468756D626E61696C2F302F636F72652E786D6C8550CB6EC32010FC156BEFD8E0478A234C6425ED17F4D41BC2C44189C1E251F5F30BB12BB5A79E76353B33BB3BECF4B53C8A4FE5BCB66600526228949176D2661E20862BA2509C3873D6865F
311
34288C58D4001906CE6667E3BA43D29AA04C468D9DD40E0AEF5580423E5233809737B58852C49018FE5EAE42DEC5AC4A526E3CCE62D4D32ED55372D357AD1CF0D7B1E9FB17724678BCB4A825E71651F236223AD24373E9291EFB8E5559CC59D0CBCF76E994086A025EE31A234210EEDE093E768723A11FACCA4CCE7C70E9E7
311
7D69FE0E3866D586FE718BEBF4BF5BD42634F5EEB6293C70928E7B0E38AB723AA93CA34B3527C9BF01504B03041400060808000957655119A0CDDBFA000000960100006600000043303841344642312D433438332D343537442D423137332D4245323739303133343131372F5265736F75726365732F44373837303243352D
311
364138302D343734342D413442312D4634363443464133394437342F7468756D626E61696C2F636F72652E786D6C8550CB6E833010FC15B47783CD233591718492F60B7AEACD058758011BF911F5F36B072AB5A79E76353B33BB3BECF4B5CCD9435AA78CEE80E41832A907332A3D7510FC1551C84E9C5963FC2F1A645A2CB2
311
83040367933561DDA1C1682F7542B519E50E0AE7A4876C9863D3811B6E7211B9083E32DC3D5FC5701793CC49BEF1380B418DBB548DD14D5D95B4C05FFBAA6D5FC819E1FE52A39A9C6B44C95B8F684F0FD5A5A5B86F1B562431675E2D3FDB072B859723F0129718118270F34EF0B1391C09FD60456272E6BC8D3FEF4BD377C0
311
FD2D2C9F5AA89915DBF48F6B58C7FF5D83D2BE2A77D74DE1809378E473C05991528AE51961AC2951FE0D504B0304140006080800095765513998CFD00C010000B10100005C00000043303841344642312D433438332D343537442D423137332D4245323739303133343131372F5265736F75726365732F4437383730324335
311
2D364138302D343734342D413442312D4634363443464133394437342F636F72652E786D6C8550C16E842010FD15C31D05171537C8866AFD829E7A23CA5AB22B6C049A7E7E61B5497BEA69266FDE9B37F3D8E56BBD679F6A73DA9A0EE01C814C99C9CEDA2C1D08FE0A29C82E9C6DD6FA5F349019B9AA0E241870B66C363C0E
311
68B2C62B935063677580D239E54136DD63D301377DA855E632F8C870B7FC21A79B5C548EF39DC759087A3EA47A8EDBF455AB0DF057716ADB06F710898140827B02291E05A482D6A7A1A548B4152B929833AFD71FF76953D2AB19F0129508620C51F586D1B9AACF98BEB3223139737E8B3F1FA6E93BC0878636A8EC2B580B8A
311
2069088182BC6038929AF463BC6568082B76E11FC3F098FF370CDAF8537918EE0A07388EF73F079C1529C0589EE9C69AC2E6DF504B030414000608080009576551ED329B84FA000000960100003700000043303841344642312D433438332D343537442D423137332D4245323739303133343131372F5265736F7572636573
311
2F636F72652E786D6C8550CB6EC32010FC156BEFD8E03C8A234C6425ED07543DF586F0C6458921E251F5F30BB12BB5A79E76353B33BB3BE2F835DFAA4FF4C138DB03AB295468B51B8D9D7A48F14238544729BC73F1170D2AAB66ECA1C020C5E45DBAAF907636A22DA87523AEA00A012354FA969B1E82FEC059D52AC5CC08D7
311
FAAEF4554D58B37AE14991921957A919B39BB918F4209F874DD73DB113A1C3794BB6ECB4259CBD0C840F7CBF39779C0EDD4E34452C4534F3CF76ED51451C41B6B4A5843142776F8C1E76FB03E3EFA2294C2942F4F9E77569F90EE42B0697BCC6209A65FAC735DDC7FF5D93B171D3AEAE8B228064F9C8C7408AA6A494CB23C2
311
5C4BA2F21B504B030414000608080009576551D2266D1FF7000000940100003500000043303841344642312D433438332D343537442D423137332D4245323739303133343131372F536368656D61732F636F72652E786D6C8550CB6EC32010FC156BEFD8E0478A234C6425ED0FB4A7DE10262E4A0C168FAA9F5F705CA93DF5
311
B4ABD999D9DD61A7AFE55E7C2AE7B53503901243A18CB49336F300315C1185E2C499B336FCA24161C4A206C83070363B1BD71D92D60465326AECA4765078AF0214F29E9A01BCFC508B28450C89E16FE52AE44DCCAA24E583C7598C7ADAA57A4A6EFAAA9503FE3C367DFF44CE088F9716B5E4DC224A5E4644477A682E3DC563
311
DFB12A8B390B7AF9D92E9D12414DC06B5C634408C2DD1BC1C7EE7024F49D5599C9990F2EFDBC2FCDDF017FDDEEF4AC7ACCFE78C675FADF336A139A7AF77C283C70924EDC069C5539A354B60053CD79F26F504B0304140006080800095765512A60D5D002010000D80100002D00000043303841344642312D433438332D3435
311
37442D423137332D4245323739303133343131372F636F72652E786D6C9591CB52C42010457F25D57B12C8C3C429C29419F50B5CB9C3D013A999408A87E5E74B4C2C75A72BA8CBB9DDDC6E7E7C9FAFD91B3AAFADE981E5143234A355DA4C3DC470261D6447C19DB5E10706999133F6B0CA20F8E46C5C7669B426A059556315
311
EEA2F41E0364E3355D7AF0E32BCE32973124C25FF2458E173961CEF28D133CE8F9CB3A3A94011588929694304668F3C4E8A1B939B0EE99172B2978D42654E5DE0CE71754995D428A04A2A978B13D272C6AB5435AA54FEAB34607E244BBBBFA7160E4547715A99BF69E0CACADC8F050B6B7945535636D2A92CC82FBE0D268F6
311
22EB10FE6ADF8CBFA2C545FD33DAE6F020D877A8629DB3E0C5E712D2B9EE447C00504B030414000608080009576551D2ED1DE007010000B201000008000000636F72652E786D6C8D50CB6EC32010FC15B4776CF023B5234C6425ED17F4D41B35C445B1C1021CB57F5F885DA9BDF5B4686676671876FA9C277457CE6B6B3AA0
311
1901A4CC60A53663076BB8E206D08933676DF8250364C4AC3A483070363ABB2E3B3458139449A8B152EDA0F05E0540C3141F1DF8E143CD22136B880A7FCB1631DCC4A8329A6D3ACE829E7F5607A744501278410A8229C5A47EA5E4581F8EB47963795272B6AE5AEE565A46777DD5CA017FEECBB67DA2674CFA4B852B7AAE70
311
435F7ADCF4CDA1BCB40DE9DB9AE56999331F5CFCF37E24E60CC88B7BF265F94671F66EEDB40B622889AC99BE80139627E24FE87591FF08AD4D288BFDE0B6E181D318E84144E3D4601C8F7AE34C6DF36F504B0102140014000608080009576551E31FB9333B010000A80100004F000000000000000000000000000000000043
311
303841344642312D433438332D343537442D423137332D4245323739303133343131372F4173736574446174612F446566696E6974696F6E4974657261746F7250726F706572746965732E62696E504B0102140014000608080009576551D3E88D8FEC000000300200004500000000000000000000000000A8010000433038
311
41344642312D433438332D343537442D423137332D4245323739303133343131372F4173736574446174612F496E7374616E636550726F706572746965732E62696E504B0102140014000608080009576551B5A795FFE3790000DE7900006B00000000000000000000000000F702000043303841344642312D433438332D34
311
3537442D423137332D4245323739303133343131372F5265736F75726365732F44373837303243352D364138302D343734342D413442312D4634363443464133394437342F7468756D626E61696C2F302F67656E657269635F706E67504B010214001400060808000957655128BB58AF800100009E0500003D000000000000
311
00000000000000637D000043303841344642312D433438332D343537442D423137332D4245323739303133343131372F536368656D61732F436F6D6D6F6E536368656D612E786D6C504B0102140014000608080009576551670136ADA9040000B41400003E000000000000000000000000003E7F000043303841344642312D
311
433438332D343537442D423137332D4245323739303133343131372F536368656D61732F47656E65726963536368656D612E786D6C504B01021400140006080800095765518DFFFC99640100009B03000045000000000000000000000000004384000043303841344642312D433438332D343537442D423137332D42453237
311
39303133343131372F536368656D61732F52656E6465724D6174657269616C536368656D612E786D6C504B01021400140006080800095765516CB0A090510000005700000047000000000000000000000000000A86000043303841344642312D433438332D343537442D423137332D4245323739303133343131372F417373
311
6574446174612F41737365745461626C654F66436F6E74656E74732E62696E504B0102140014000608080009576551C55C663656000000680000004500000000000000000000000000C086000043303841344642312D433438332D343537442D423137332D4245323739303133343131372F4173736574446174612F537472
311
65616D56657273696F6E5461626C652E696E66504B01021400140006080800095765511FAF19AB37010000A204000036000000000000000000000000007987000043303841344642312D433438332D343537442D423137332D4245323739303133343131372F4173736574446174612F636E782E786D6C504B010214001400
311
060808000957655162402E2CE60000006001000067000000000000000000000000000489000043303841344642312D433438332D343537442D423137332D4245323739303133343131372F5265736F75726365732F44373837303243352D364138302D343734342D413442312D4634363443464133394437342F7468756D62
311
6E61696C2F302F636E782E786D6C504B0102140014000608080009576551A233C2345D0000008000000065000000000000000000000000006F8A000043303841344642312D433438332D343537442D423137332D4245323739303133343131372F5265736F75726365732F44373837303243352D364138302D343734342D41
311
3442312D4634363443464133394437342F7468756D626E61696C2F636E782E786D6C504B0102140014000608080009576551BE89762363000000880000005B000000000000000000000000004F8B000043303841344642312D433438332D343537442D423137332D4245323739303133343131372F5265736F75726365732F
311
44373837303243352D364138302D343734342D413442312D4634363443464133394437342F636E782E786D6C504B0102140014000608080009576551CC5E79C97F000000A300000036000000000000000000000000002B8C000043303841344642312D433438332D343537442D423137332D4245323739303133343131372F
311
5265736F75726365732F636E782E786D6C504B0102140014000608080009576551FF0046EF0B010000550300003400000000000000000000000000FE8C000043303841344642312D433438332D343537442D423137332D4245323739303133343131372F536368656D61732F636E782E786D6C504B01021400140006080800
311
09576551E3603EBE7A000000C20000002C000000000000000000000000005B8E000043303841344642312D433438332D343537442D423137332D4245323739303133343131372F636E782E786D6C504B0102140014000608080009576551F5DF606A7D000000A300000007000000000000000000000000001F8F0000636E78
311
2E786D6C504B0102140014000608080009576551CA1DF9C9A9000000730100001300000000000000000000000000C18F00005B436F6E74656E745F54797065735D2E786D6C504B01021400140006080800095765513DEE336E64000000790000001B000000000000000000000000009B9000006175746F6465736B2D646573
311
69676E2D7061636B6167652E786D6C504B0102140014000608080009576551796EFCD9F80000009601000037000000000000000000000000003891000043303841344642312D433438332D343537442D423137332D4245323739303133343131372F4173736574446174612F636F72652E786D6C504B010214001400060808
311
000957655166D7379EF40000008E01000068000000000000000000000000008592000043303841344642312D433438332D343537442D423137332D4245323739303133343131372F5265736F75726365732F44373837303243352D364138302D343734342D413442312D4634363443464133394437342F7468756D626E6169
311
6C2F302F636F72652E786D6C504B010214001400060808000957655119A0CDDBFA000000960100006600000000000000000000000000FF93000043303841344642312D433438332D343537442D423137332D4245323739303133343131372F5265736F75726365732F44373837303243352D364138302D343734342D413442
311
312D4634363443464133394437342F7468756D626E61696C2F636F72652E786D6C504B01021400140006080800095765513998CFD00C010000B10100005C000000000000000000000000007D95000043303841344642312D433438332D343537442D423137332D4245323739303133343131372F5265736F75726365732F44
311
373837303243352D364138302D343734342D413442312D4634363443464133394437342F636F72652E786D6C504B0102140014000608080009576551ED329B84FA0000009601000037000000000000000000000000000397000043303841344642312D433438332D343537442D423137332D4245323739303133343131372F
311
5265736F75726365732F636F72652E786D6C504B0102140014000608080009576551D2266D1FF70000009401000035000000000000000000000000005298000043303841344642312D433438332D343537442D423137332D4245323739303133343131372F536368656D61732F636F72652E786D6C504B0102140014000608
311
0800095765512A60D5D002010000D80100002D000000000000000000000000009C99000043303841344642312D433438332D343537442D423137332D4245323739303133343131372F636F72652E786D6C504B0102140014000608080009576551D2ED1DE007010000B20100000800000000000000000000000000E99A0000
311
636F72652E786D6C504B0506000000001A001A00210B0000169C00000000
310
504B030414000608080009576551000000000000000000000000370000006662782F41313939453735302D443342352D344236312D413037412D3446393542374641393930452F617474726962757465732E62696E504B030414000608080009576551000000000000000000000000350000006662782F4131393945373530
310
2D443342352D344236312D413037412D3446393542374641393930452F76657274696365732E62696E504B030414000608080009576551F270F1330600000004000000360000006662782F41313939453735302D443342352D344236312D413037412D3446393542374641393930452F747269616E676C65732E62696E6366
310
60600000504B030414000608080009576551B5A795FFE3790000DE790000420000006662782F41313939453735302D443342352D344236312D413037412D3446393542374641393930452F7265736F75726365732F322F305F67656E657269632E706E6701DE79218689504E470D0A1A0A0000000D49484452000001000000
310
010008030000006BAC58540000000467414D410000B18F0BFC6105000000017352474200AECE1CE900000192504C5445818181B3B3B35A5A5A4848486060605C5C5C6464648383835E5E5E6262624E4E4EAFAFAF4A4A4AB5B5B54C4C4CB1B1B1858585B7B7B7585858ADADAD7C7C7C464646787878ABABAB747474A7A7A768
310
6868707070B9B9B96E6E6E6A6A6A8B8B8B666666545454565656A5A5A5505050A1A1A1BBBBBB8F8F8F9F9F9F4242425252527676764040403E3E3E9B9B9B7A7A7A8989897E7E7E9393939797974444448787873C3C3C727272BDBDBD3A3A3A6C6C6CA9A9A9A3A3A32020209D9D9DBFBFBF8D8D8D9595959191912626269999
310
992222222424241E1E1EC1C1C1282828C3C3C32C2C2C2A2A2A2E2E2E303030C5C5C53232321C1C1C363636383838343434C7C7C71A1A1A0E0E0E121212484A484C4E4C1616160A0A0A4A4C4A787A781414147C7E7C9193915E605E464846838583878987B1B3B18587856668665A5C5A626462818381A7A7A5A3A3A1B1B1AF
310
ADAFAD7072705C5E5C9D9D9BABADAB7E817EB7B9B7585A58BBBDBB4C4C4A8D8F8D747674B5B5B3B7B7B59FA19F606260ABABA9A5A5A39B9B99A9A9A78F8F8D6C6C6AC7C7C5451AD12700002000494441547801DCBD89771BD7B5A70B8EE04C702641712605CE034890E220088028C93245451215B713AF388E7DFD9EEDB8DD
310
CE6ABFF4B57D97137BE50FEFEFDBA74049B6AEED74869B7E87404D2814EBB7F76F0F67A8835CEEBFA0E42B854AA5B2BB5B6BCC951A8D52A93657A914FE0BEEE39FFE2FF395B9B9C6CAD2D4C4606F4B7FFF8D1B37EEDCB97587F7CD9B4343BD134BABE7DB48E3FFA7A228ECD6F6574E4786C0FC8B5FFCE2CD5FFCE297BF7CF3
310
CD5FFC92B52FFE58BFF9E69B776E0EF5F79E55CBBBF9FC3F5D3DFFB07F5898ABAF7CDA3B74E74EC0CE20230561BF096E97E05712BFFCC59BC80539DCE83DDD6E54FE61B7747DE17FB8980BBBFB2BBD4337DF487881AAE6C5ACC6AF25207877B2B527BFF1CB3B77FA47561ABBD7F7FA7FE146A5B6BD74E3164C7F51449AE95D
310
B412200EC539418717E7F2F11B376FF62E95FEAF1442BED0581DBCA1BD2780D23F506AFA16E1A7AD974EF17876F00DD7BCB187A1A97AE51FCED5BF2BC1F2BBE5B3C19BE27B43CF26DE00933658FE129B109C2FFF922CC22C4260FA01BEFB462A77DEBC35F42F600C3F5B0795D2E9E02DAD5E650B4438A92801B65C35CBAB7B
310
1EE5041CE69D3B6F1822DFB873EBD6AD3B6FBC71EBC6C86AE967DFC2DFA4CEBFF1BF54F6276EBC114E2F43FEC60B01A0D440A868B2920E5C4BC10D60931ADCB871F3268B21D3851B08E1D6AD9BFD4BF57F7577909FAB86F29B982571136AF01DF5FE32AC3BD9406CAAF2440A54CF176EDD01FBADA1FEFEFE21FE4C9858DFF4
310
183458A9FD2B6708A5A5A137E0EE1D11A9EC0C7C58B2C73C0AD6B479BD76B7790CF899E287FA5B06FB7B07C9195B7851FA8794031EF1FC5F9406BBFB23375420286399B631E93B08022A785C4DBF9996EC3551874094D71B6F487E80F6837E50F483BDBDBD83232323AC420A18C68DA196EDDADF68A77F938F78FD972BABBD
310
B7B87FB164AC6FC2CB760365821ACB74AED44FFAD7E7431ECD7E08AC421F391D199998989A383D9D98E8E56F84A318C58D9BFD2DAB73FF5222C8EFAEF4DE7AF30D756E5108683DA471E70D0502099A7240F19E4089D3FD203E620F1B47BF43501E85031AE44B4B9F2E4D2D9D4D51D8970983FA861B3706FF950CA170DE82F6
310
B312CC4F42C8966295F7D725ED29882415DC055F36DEA1FE96FEC141493F05FAA9A9A5A595B333DED5B3D5A533F62183323032F46EFF13EA0AAFA5FBF7C8976F8C10F7280A014832593B90004D52341980D907EAEB73411EB2F1EBC9F507F92746C40E7AE0AFAE54292BAB2BAB67CAE0746264A277B06508168C94BF772BE9
310
765F7BF0B548FE1E07F3B5A521340A5CB5297C4B12811B89E82191ECF3E41B3259C529F135E23CF4C7F961FB13537F5A02ECCAEA76B5BA5D3D3FDF3F2FEFEFB3AA22053E5008833428DC6C59FA2F770595F311F235D427F379BB8A121BD901B96076A388DC4C3C61C7933CCCD770FF375A6E0CE9F535FE2534BF5ADD3E3FAF
310
D71BF57AA951B6D4CFEBFB8864758A26154430080B06ABFF557610ECC93726224F155D1471041E0D42F82F4891C926C1355B0831649FF365F46FF05300A7A790BD8ADEEB0D4AA9569A9BDBADCCD56AA55AE377F5F3F3EA2A34983A1DE91D810543138D7F28E57FF4E2B5335A3928B76EA1CB9B00BF158C8F63A2E788826896
310
D0B5E7C461949ECE089144F8EBEFC7FB4D8C9C4E9DAD60F7FBE572B416C2F2423ECF8B86C439E450DA970634ACFDA977629098D0B2FAF313A36B3869E37AF7853378CDA1171FBEBA95DF1E44FD5144A420588641B0055A79ED91CC0DC41E27064512FB33F1F04D09D0D2DF0203A646A6CECE80DF28356A348CED8C4F1EF137
310
B9319E1BCD29867CA556AA97F7B757567006A447FD375A26CAAFDED9CFDCFB2BB0BEEE8AA5911BC2C7F85DF88A3775389990AA72219D582409210F85A4E66F2987D875C30848023088FDF77E87F96FD7CBA5B9DCCEF4F4C9FC7C676777577B7B7B67E7ECCCE4E8DEE85E81A6D55AA3BC7FBEB242589CE8ED4770E785D7DDE2
310
3FF2587EBF57F50B9E820527316488E5C32D50F979BCA58207297E2B6D658702FFCD211840FE43FC9F3A5BAD9E97E6F21B9FCF16BBBB3A3A5A175B5B1787875B5B3B86DFEFFC687A72674F19D46A8DFDF3EACA59E405375ACE76FFA922C817CE86A89BDD92F400F2C55B7462F610459837D3A61ACF50C7471C8F2F2A9D38C3
310
DA2F068007F80EFCDBFBE5DCC674B1D83EBCBEB8BCBCBC3ED0D3D333D0B3DE33BCBEB0D8DA35FBF9F8CECE68AE020BCE61C112A4C1138CD47F9AD13F7DC6AB9CF9CFCFAF9D0E01FFE6CD503F5B91C5218E2899CA15098714848B04FCE5654884ABF0E554F11F6C21D73D5D5AADD64B7B9327DDAD8B0B7D7D6D6D07070763BC
310
0F3E38E8EB4310EBEB8BC3DDB347E3E37B5842B97C4E44A0C630427E5CFDFB71E03F471E12CA9FF70E055AE141042DD81234B879EB4606361D9328149037D7D76A571A7E974FA20AD0323832713AB5BA7ABE3B3E3D3FBC30307070B0B9B645D93C3CDC3CDCA41CFC6AAC2D64D0D579B4B1B397A7C1BDBEBD7D36657A3CD4B2
310
F44F4909F2B9CA597F4245C59DEC354316F0587020D0C661742BC02869435FD12CF195C422DB3C5A3E2305C000CE6B7B27ED8B7D63079B5B5B878787C787C7C7C757C76C51B60ED60EDAFA06D67B965B3B672677080BB5329E60E9B477847AE2E9EB53E35779FD37EFCD2D0DDD68AA355B6B0D81860502B8B68C801F5C697E
310
9AD62F4B406244CB975560BAC756AAA577675B07C6D03778C17E7C95CAF1B3ABABE3E3ADADE3CDB1B1B6B681014470343EBA979F8B90383545727C63E43549D14FD0F927E5F1FDEFD7263058FE02EBCD1BDCBCA053496BD58E69BC44F9F854D4D979AE9ADB908824382AC1D4014E9756EAF9CE85B6B54DB01F02F8EA5908E0
310
D9D5F1B3E72188C3C3AB67879B07C8A0A767B8B831FE5E7EB754DEAE5261460243FFF07858D8EF0D658BDC563A2C5EF5833C13C90B69248C4DD97842B61DFA7F210A2F6108A0F96B62E2D3B3F3DD939EA47E30ABF5AB2B903F4BE5F9B36757CF65021E616DAC6F60A1FB647274B4B05B2E5341B082D43278F67D8DFDA48AFF
310
9A13F22B34C7586C9992BA6E66CABC190E313E7C811AA57304B421A75B289B9D174CC868C24548823E230B9A5A2DCD2CAFE1F98E61C015CA7E96B083FC59F3ED06EE60F360B3AD6F79787ED278D0A86FAFE00BA9220EAEFE1D5DE1F7855939C3FCC1332426B377F692406E022C010DB437EF009803F0DCFD3B7C94440571D8
310
F2C328F115F47FD324802070BAB43FBA80EFDB92FCA1F7E7CF9FA875CBB327CF9EB08C4DE4815BC4210E2CB7CF1CEDECEDCED5B757490968286899FAF95583BF46F9393CEE6A86D6F618CAAD9BFF0BE22B042412C5CFB50556815CC5BBE33E9F61ECEC26A9BCB8145FD10590078F9C9E953B513FAE1FE387FAC246E14F9E3C
310
E7F5F8194BD6594140876B6B84C5D6799C61A16434201E5237582AFD75C07EEED9863F463284E2E13425A036BD41061259289B6BDC1ED656FC8B8592C9D00701E27CEA749F0D8EF44EAD8C1F80FFF8F8F9D513191F6803384C800097F24069C407CFAE88136B7DCB3D5D4A60B711F19070D83235F77331FD35E71596688903
310
8E2E0B346EAB7936C4162043E1A1F144093695443A570144898BC4079CEF1912809A3035A1D3F361235F90FFF1E3E0FB93C7E2750719F88E7D8E68123883ADB5B18185AE99F1D11C1238A792DC4BEDE8EC6FF503DF377E0445F68FAF4E08D43082D02170F30131A154206CC559A8D9CFDD762B31273E4947A581E0D9BB71E3
310
3FFA07CD02CE2A6BE1EC80167497F2A81CFA3F7EFE58D0CF5D5D170DE4F89070B0BC4040CC17BEAC6B0586C3D3FF0309BC06F44B04A1E13729929B4DF73C44070692C810B08AC3012E8EE9EAE22067796288C193B2139B970B86F47FAD0F98382B1E035D9C32FD318A4FAFCB274F2E1FA772F94411B0CD42493C23393A685B
310
5FEF3E1ACF554AF5F3552A478383374E6B2FDDFC4F6DFE38F4F4ED7A7FE838F488EA852482F412D3CB07E293D02C9F074F12E84C5AAC423271450572A385449844706475FD38DC3C22486A0639E5F1E38B0CFE93CB4B25910EF309A2224BD8DAD40C682C28341AD69047E8539A6AFC14EC573F7FAD10AE0FE6EB13E87B28E0
310
93B513B5803514DE408809BC12A14876DE0A25F643009E9176D9F0C330164285A7444DC8CAF0E9FE41429EE0A2F6A6DE91C0856C501272404A8468822E24C807030B1D33D40D4AFBDBABB411D093D88C86D7205E05FC57EDD1F805FA4CED5920F0CED39157E007CE21757C5DE440ECBCB46CD283E378029B43FB077B4F47E6
310
0E9F61E8D01BE017D7E843EB49F50A2028F1E442FCC90C9EE308E4C0C2C94EAE30B75FAD3A0EAFA57FE9EF960F14BE15638840EAF3BA490BB6850EDB38EECAFD21A0C746D0C4234DBD035EFC7EDD121FA585FAB73DB89FE6A03CF833AB0730E5E2F1A36CE3F202A128934B44E396961121E1F2C9F32BFCC0C140CFE22C1CA8
310
E109B182919696BFB98120234F61B59F7BF46EC30CF067B21A33B0FB3E402448EE266CCD93135A8E823DB31F85E677434E608F53F8100BC0098EA2FD6BC01770E0F2F2D1E5452A711C4BB8486248FAD756D852026B6DC90A2AA5C6B69E9068B8F27AFABFFEE8AB36F1D23985D5960014FD711940800B560250D2272CC54FF1
310
D3A660B275AC3881E349689C1616E1E9044129D032313509DE4700BC867C71F128C400159407C761022BA8A040F40A244788808C60B3AD67A17576279F6F946923191921B0545FC2F12AC0EFEFBD7262B6935679FC7F80629160ABFAEC88E8430E76D82A8DE62ACE50BD4A42FBF03B387B37FD321B37E31C3F063D99703F51
310
60E6C9E5A300CF32A91E0A085A29C0FC507F6C21012303C6104B82C1F1E156DB3229D1A855A32A8352C9077AF733A0AFE0FB3EF81FDF2F0F82C21B0EB06998866878B103305E31EC17F4FD43831E570A2118D1667632D4FFFFB125782F96168A833DBE78C3F11F8383A79D49F58F1E3DBC780417AE6581381E8610604888E2
310
913E12492881274822C221AD04CB0B1D273B8542837460898C686864FF6F801E8269F40AD0481DFAF5E6E9C1F3BE391C325004DF0746A4E4448F7B52C0D5EAD39EC46896B888C4210D68E99DFA2820DF7FF850EC407EB55C3EBC5028611409BFCB8889C90F1C52355AEF98B18100094C9D0EF6F64FD47E5CBF3FF5293DDFB4
310
B50DDD54F351446FA1F14580DC3902C085F593CB24ACC917B213BBC11B3F0A61042FD8B24F4FB9C4556D0CB9E1A880DE89934CE9607F18F81FDD950DD0E1D143F41D56110E227C250621FF098838042BC85B5B6BCBCBC31DD37B34966E9FFD9936A2FEFEA9EBA4182E5CD3E17AE35501FCE0707E5525A7DBC64DFD077825BE
310
37CE0BBE1BBEC061410C660B6E49912665E2B3749C7C9F93834022F74CDE6CA5EB501D9CBC04B768292C5CCB84478F3CA83074092C6082169015E5800D5839DC6C1B58EFE83ECA513BDE3EFB8EF1242D2D4B3FD55AFE03D42F8492AF8A3F21444FA2FA9ABBF525EAF84C09F0168527B0138A85D1EC0443C467B28BF844EAF7
310
6323BE13D7C11F72FED783837B970FEFDE7D7817E077C17EF7E2A1C2C0FE851FE4C008388C15E818958746129E1009D054B67530D6B3D8DA3D59D82D9D57CF70039FF50FFE0DE94089DB269C3655A4F25B38C49D0BD48E59F1526887C18FC5272197F85CA72862A593A4843CD25F920487DDF7AA0441A2C0600D062001F103
310
FCEEA3D8560CEC3EBACB01CAE5A51E420349F602191E5F901893142381351CE17047E764BE50DEAF9E4D8C38B6ECFFACEB141E54A6865A88A60133EE9CBB4C256930B0B168C1C3AB59FE1743FB422C7166082E934AFA5EFA3E4BCE0B69362FA7041818B7FDECE1DDFB4D022007CA23E521F0700AAEB5888BBBF08023E128B4
310
045381542FA256B0D04E28A0C3804E233A1BFB476A2F48FD135BAF9843BEDA3264EB42BA499601F16B566E72C7EA35908ABCB9176BBED43204C696AFD3D7B24B08D3AFA44BE243D88A6D9D0B6562B52F741E1610C0EFBBAF2B0829289A640EC4C8A4FF66A24430786CEBE1E1E61AF9507BFB496EAEB64F8F49B4129EBDEC06
310
5EC1F8A3F228A3CD0950883B41BEC6D1944AE06147289600A7726313AC69A3F91197F1438BCB743E76F01F6EF1D1C854071670FFFE43FF1EDED702EE5A14C85D0C42DF90B86068800659AC88981855E3E774A71C0CAC2F76754EE7CC87C808D1E1E0F6CF47FD4224731337BE1E39C5010823EE997B1491BBD99FC8D8EF7748
310
2BEB5EB2CF66499A8E0F7511B19B3EFBDACB6507BC78731B1B383D02FFDD7BE8DD9256F7D0BA7B46015941097B80018F700FFA024CC08078F51806100ADBFA163ABA8A3B95B9D2F92AC30BC908ED31FABE0CBEBFFF0279B675868F9AA24E9530B08C174055B7F48E4F58002F3E82F0BDFA003E8B431EB6C4A91E4D9B5FFB79
310
1265BA8827BBE5F1BCFA7F789F72F75EC800F8AE43FFAEC42F13009FB905A9A0132015D0068ED7682AC608BA6771038DEDB3B33082891FAB1ABF5614F93238079726B833958796B845B731FCB86316713C1DC581B1E19B424EE32674093F80776F7E27C6FBFAC85C536CD955B96EDA2A3FBF770FF4BE11845470EB3E42D022
310
000E0FE07D161811020742162444668308801E133A4C163BE68F6826A5523071CA78B2FED51F28F8C70FE4190073A3E5D3259D7A288CD19BDE623F10021BAB0C6E327FD507B2741627727EA00D31856492F9F009D7F152D930704E642795C1C1B336E0DEBB7F0FDCB79318543B25341F36802D64A981A690B94259607DE0B1
310
9D466BF8C1C5E1CEF9A3FC5C639FD6117B4BAEAB453F8EFBDA500A67E8BAF76C8A06566E36EE1184E8329419161F83D843D5DE7D8221163E145F56921C3EE383978072129E290A9B7166E63D26BAB1FCDBF710009E4051842390031845F20077CD079407C575F20364C4910ED2A574BC357630B0BCD8DE39335EB175646A69
310
8458F6A346F003A93002E846FFE0C459B8006E506D79BF902908A0AA05CB5E73530E33BA1D3C2EF99C712B7C8B41DF4D2A7830BE8707485FCFAEEB85A09AB6D39BBF7B4F23E00509C20DB04E240822A4B810E04D8D53D10D504C059ED86BB8697F514777717A8F8144D48A4C89077F7EDB00E2D89DC02A7B975640A282C49A
310
4AA84B70B12BFED8EA6584860DFB7EE23FCB00C6BAF7332FF259FA3C9346508813E372F1DDE425065BB61FDF8300F7EEDDBE8D0C6EDF46F7D8823478590AE23759D60DA6B7A9F125EDE8F4A5D2B37470D0B63C30DCDE3D3D59A8D1501EB1B0A5377517BDD6E301F995E3F955F0F58FAC2E81CE172A8344AC03DC6781939D24
310
84B8FFC15E8F3ACCD3954CE19576B942D0A029188EC7013FE59AE90B71292DE774F1F63D60230180B30A2EDC65291B6211B4081128856001A680015CE000708254891851D4B3BED0FA4D7166B466BFF1D2A924885AD12B387FC0FCE6819AC3AE06A7AA4B715F0927B74D119D4A668FB54B8A8C268D8B038A207D10A7B1E95E
310
42195B695BE0240F7408B311257C23F581E987C180140C584A02B1670CB817CEC0A080F259F1360E58452013200E3EC107AC1DF4FD7B0F6D23F33347F9527D9F51E6138E31AF35F1BDAAEEEBA3D71BB402E2FB47CECEE96B4DB85536772B07C82A34F3E66D0BCEC207FEB9E70643761276F7B50D5EE963CFF80C7AF4A2130F
310
5BF8C4EBFB5F07B709840480DBD8007FB7EF3F90104908BA457D43AA2A6A02C91422285E5AAC143F3313A0CB74D9D164933B86C25587134E8D342B453FC982860D09FD13ABE72055ED020E85D3E312F74C25CB0293D978A1C4001927C80B86FD06349126EC219F0C735C8053D8F5F310817EA01F1B7851F406144C211C6362
310
C27DD51F1E310C0102280ADB891E9B085CC528A2B1369A46BA195B9A2B351862CE43174BA73FB7CBB430A5798F4C54B7333B96C3224A9863AD02B9FBD8E63092191924E77C199D92887DA594B6DCF0112857162FD0949FE6A441F5E62E42FB2105BC405A2301A3424601DC807912CB2C39C604A27908021CDA30C4C8C2019A
310
883B3A8BD393BB3546136EAF561980FB63E9E035FF73B96D09A905ACB2C11D79571C5159026227DDBDB81396EB03F14100BEB66DE1FA9EF82C3ECCBE318119C4269FD014E66361FC8BB0B4EA9A98EF3D8848A01360430284335004C183CC25BCA82D2302EB03B8419241C64DF4F5ADAF77B533BE786334BFCBB8DA72BDBEFF
310
C36103AFB30608A0B39B58D93F0BF42180841DD26BDC22CF0A770E90240006BAC65197D90920131C7B2EB3CFD3C71C6378A305EE8488FC1FF8D391E2BDDB0F6E3F45E7C8207C419800DB410073A3173942CA8D5242642A74496FF115832A6314D9FA4257577BF7FCF8F8E8CEE8DEDE5EBE76DD3CF892BA7FB8B90F629431B5
310
525E92A15A3A4A6FEA3FDD73136172060959206591F4C927196CF645AA285CF3014630121754261C0D31E1A7E3DA2DBDB54B04703BDE3A4209F02045C4BB0F529A14BED07098A2A1CD47513DA64B512F409BC01663090796D787173B5AA141B1B39BB470EEBCF1E30F9D263ACC4D05110797CEF7B923B027F089F74D1D06F0
310
A4D8C0CDA6604023FCA45B76C5CDE0BF3845ECBE13E0C0ED73700A8A753C1AC8AEFFF1B407FC8A20F42F0D94019121DE304077A027D4112283BB8FF0072444D68AAD111D6F591BC0061854BBC048EBBE9E81F6A33A95C21BFD13AF3C7E7DCDFFEB0DE8903F77B41DF178E99C289895B0EA8CD640549D68935BA7C5294E0A1D
310
66DA0CC419BD398E6265789CA1241441AC94532A3C19C95340BEFC68703077EFC1D307B71F3C500859C11494838E902203A2BE90EACC5135B80B078804340C920C2300BCC06F7A1C71B875DC572C9BD1D84BD5FB9363CA6BA7D03E5C40FDFC54FC23C9B4B9DDD028787D89219038523BF64E638BB37CC25335937A00DFD328
310
69C5B390C8C32FF25C8C47A7181B4A599A224A9DADB0E0406FEFF9F183B7448F081E3C55024FB33828784AB61704482CD0160C04174F9E33BA9291D58C2F1F1B1B3B5863B0D9F3E51C35C253D54A23E560E2C0CB3A6F7A81382601C2079CAE96B7B1560D20A341E85A928A4E01083256420576C2ED477E2E565FD9223BCC69
310
1CF394D3D8E281501E0EE5C1C8159E92585D255CF30CC854C75318006EA4A01028EC853F9407C6053910BE105348324002260254886C156260F9189EE0F8C9A3CBAE9D5A992184568A69D5183A7DB97DB089FDC57AEE54F858FE54F577DBA85309640290F2D220952620750C5811FB772A7876D1E4040FBFC6474D51246D8B
310
3FB378283FB514F8AB3C20B8BF7DBE5DE541C9A5D3D38DDB30E00151E02523081BC89C2214103E0BC1B3D0199A08E002681A2613A2616CEDF0F0F9C5DDC75DA395C25C0309C03DEC8091A4AFD3FEB504AAC6633930556DAC86EE3561941E862C4A75DD6B6BB3A0C59BE153DFA73EDFCBC3CE2188D3D378FC976D0EF9A95B7C
310
8532F527CE3CF539581E0FE501291E9139FFB65EFF5DBD8E0C18DE3077170A64E033FD278F18068028802F156C3809FDEB11B1019C208D020C9BA2870457F0F8E1FDC7EDD393E3B9FC9C4308E9315704233F960E554802C14716B0B45DAB5EAB5E25AB7830EBB8D25E6CA94E4AA01794FB1EE164FE9F040FE82C940A4BCEF9
310
13075D087E85A7237D3CF29C47E4E676777779528C4781761F0BFBC1D3A77880E40C9A2E5109180D5255317890394229F0F082010354082D574F1E3FBAB7D6553C2113DACB97BEB5526C7C6F69F9310A94C46CD89FF8F379AD1AA035FD00FF3F320180F01417A6F255A3A8D86319FE0C0B0E06A0DCD33F79841339C01E5BBE
310
1911AFCFF7C1E0A540BFBDBFCF2372352686D863F83F59CB6865F43104007EE06F52406F680341102048A01BB048823082CBCB0B6AC48C313F3E7CFEF8F2D1FDC3D6F6F9F9D9E98D9D7CAE5EADE2A6512FAD7AB526E17F600C85550DDE9ACFE9D97E694513103BC69F8A2813176032C890C1E9C49FC09C61670FF8705B1D73
310
86260E7C8E7122C7F8208A55139E8C8D4763F7EBF5728DF9C34677364E3A3F9AEFDEC9CD95470788834F9FBEC512379890B38C94205B2557987C4186DF5C0837608DF0F9F3CB87B7EF6E920475752A01460E556919B2B64296FB9FB70DD5F47232A0F77465BF140CD001F00ADCA175090E2665A14E6329B62660E02A1CB50C
310
6025E3DA252A670B3F0FFAA5EAD94A509FE7036B159E0D1D9F2E76B7AE1FD5A606198D3A747AF450023CBDFD162278B9446688111009B4029B0F2180AE20A542D40610C073B47FEFE1416B2B12200F3C991C2F54EC2491027A816B0A34A9D05C6F437AC23462385DADD75642EDDA738AF1600DBE07EE8437804D2D011A94DF
310
71C2085EDD40266A407FFA1D1C00B0C03927E60338E3B9D8C47D1F8CAED578E06F7CFAA4BB63B175FA7C301B747CB377F45192003CB8FD34B12009224543D8604494011A80C1903CE0518C986208E1C5FDDB8FDA161686873BBABABAE74FA637BEA894A44078C19696F326E057D7F95D061A6B0394A9D5F2DCAAFE4C2388D8
310
A6E9AB7695CB0BDD0A332430F1A9333DA41D1FFB97FA09AE84E738C75C407C260408F8DBD5EDED7DE1570A7BE333C54F16963B46AB0C2B71208EA3D16EF4EEDCD7005241166C005A73C03164792151205C007288AE337B4D7103741BDE7B7AC913350B348B2D767515674EC6F72A0402BBCB41C81305AFCF05F2758D3ECAC8
310
D26AB97606DB9581A4B7A8FFB068CD5C0604E6849046B70C2B60FF0CDDF93C13822B4E82FA0479A68220E66D9FD775FB3C1A9CDBDB9829B6AF2F77EC9E0678FB20ED8D1B1A1A39D10F9812E20D6281F5673121AACAA9C53424000DAC173F7E18C3052EEE3E78E7F1160F5AAEAFB70E0F7775CFCE4EF384DDEEBEB9C0889D52
310
43BDF557559FEDE5F17AB21E118C4C31A3DF6A96B56AC62180293910ECD6B721047664BCFCC6B2DD3C65CA0F0C823DFEF84083C7ECCDF05898EEF158F4FEF97EB9C123F1B9D1D1A3D9F9AEC5F5CEDA84A3C96C14A55584D62893D6A54D8D2028D05C8B1F124884543F3223B29D208B04910D3FC43F5C52196AEB5B5F5E58E8
310
E82610F08C21BD443801233C0CE8BD1E40F84A1CA86001990048031ABBAB11EF83F9283EA89F181F2A0D9A9F62D94B7F625FD727E6A93F63F200F614F7CF100D4511C07DB45FC5F0CB4CA359ABE4774631FDAE85E599EA0878A3C33D5AD6430CF4C055EE5FDB80629000D7855DED3F436F3B61B3DC7FFACEFD2B1BC6FB0696
310
312CFA477CE87A87070C7998E04FBA78AE3F915A065E819FCF35B410321D9ABB308146A11AD5196CDDD7C477A171C8AFC74B45CBC6F641AB53C8D4ADA5870C02379BC0470CF83DB55F073E29CF5CE5F7A3F8FD62EB7AEB1774C2C6780B9523F9287193FD23DDB79FBEA513B45200E2E0C1B51350163AC19043C600F2C1DBF7
310
DEBA7BB9B5457BC0D840CF325EB0BBABBB786D301437000020004944415472B491ABCCEDAFC0591201CAC8EBFACBF367FE7B6E40E69F551BBBE7123E3C00AC560CE20C62436E8C3C54CC225EE08C0D74CE26148877689EDD004FB2BFBFFFBB984035373A7954EC5EE8591FE531348654514DB1D1C56411DFA2A7C212BE5ED9
310
1278F2851A432244C6822C29C85A8B320ADCBDFDD63BF71FD32648E7D098CD018BC35D7FE89E250EF2AC75F96C15271602687965C844B8807C6E7729D93F22E81D39ABD62A0820C1FE9F11CFA7208125D33E96FD69E83AF6052DD32D49FF0802CD9F9DFD39260389A950887A647CCC99BAB17132DFB5DED35138FB3A060F62
310
95AA5E195BF0BB56495A5A4A8FA440026E46A047D40ED2520A441C302D240F201FB8F7E0EDDB0E12A04D8816215A0579E8FE1B1281E9F19C9900DE79842E2A7CCD48E9876EB01C75DBA0E0C8D44AB5512947A00BE7CF5DE9E1A6A6BE43CF1A78783DFD5A404E4477336C1ED8B18908B2A847B2AFE9839E891137A6673BBB96
310
FBBA2A4B8E9373B001F08369BA11BE8ABC4302FD2345FD6014A127068427D007BE28B41D9B0D40FFB7EE531FA673C8870A69135B1CEEE8D009C08042A5B4EDA314920B635BF941E7487E45256439DFE9D276295F87E698389CD49FB394FE19720412DEDDC40E9CE9C6DD605E0B719FADC416CB15AB3A61F9B5B9B9426E54F8
310
1D8B03DD950946D432B40CEDAB7BB5AF11213CBA73C9BCCCDAFBCF06127C7980FE6D1DC9B4DF14832D6568FEAEEBA76FBF438300B541064ED33F3AC0B0D10505306FD370AED02859234402F6C3FED006766DDED2034D90D119057225EEE3DAF787EBF30EC51ACB4F551678BD6728E1944730C095F13E4D81A4DFFBF67C5BEE
310
37E62A85FCCEC6CC6C7BC77A5B477E22223ECA4FCC0F87E2A5E3EB782BDB25B8CFC6736A044DE5A7CDA604526361D650484FE283B77EFBD65D52C1C73C4F48E7D0D81ACF572F2E2280F98FB230508FA906B42DE240ED651B301CEC83DE1790C9FD96B6CBF986BECF3BD332C18EF627A0B6EECD5B152E02088D03D828AFFAD2
310
6B05BF671B4F9A09A8CE0CD2707F67F2A4B3BB75B9ADA331C1305BBAC182FB4A79820B7EEAF73199B8404C0B81231CDCBB871B80FC41FF5860E8E108222A1A076C29E6E03B6F3FBD4F1F295DC457573C7ADED636D6B7B8C88413DDF3B327E1046AA51040B40CB50C7E3F1D2E44DAD34CFA604029BFFBE714DF0C069908027E
310
B275F1F366C132E1A7450B04011CF82B2B647CE754F650FF6E25BF37AAF65B7BDA16CAA791F1D09F6CAB989EC5AB7809BE145FA459E8D3E4B0FB47DAEF093B946FED585B80FE1A0305FD5330FEDB4FDF79FBF6BDE81D8300CF6815E5F9896552412A03F31FCDCC7CB5E32365550CD9365FDCCEC8752E943161D78047336F8A
310
F6539840A1F2E764FDA2970999F205CD2BD1F5CF496571F76EAEFA0E1CF8FD2A55FD06391F9EEF8B9DC9994E72BEBEE1FC928E2F223EBA0FBFBFB4F2DF137BC894B8087643D64ADE6EDED67F7680FAC9060239E845FC94AE93D880F994FBF71FBCF5F66F9F32C292EA900F9C1E6F1105E81C5B5F58A067A448143842008D72
310
75EA3BBA3D2516FDF02FF79260020D6B3C714711F3CFB61BFF56A826E627E82256F7400FB387FEF23C1C1E77FD6A21EBB1B2B35F2F95E7760BE1FA3ABB3A981423477517EEE36FF96F122B942F6FB64D9502BD1B9089162532A2FEFED255028FE653C9F46FA321E0B588B7DE79FBED07C44106CC85133CA65190543004D01D
310
02D8181DDDA5A9C91A7110805B7875B689FC3902200FB192E7DFD936B37B57D9C338BD49E99E181F4E5FCAB2ABC1CA7AAB382CBC7D515457CFABE6FBC63D525E5CDF74B16378B9AD6774A58531912D232DF01BAA913DFB7D3AAFF912984302B84D0500077800D26C60A4742101DE420C610C2E92FA93056022EFBCFD5BB6B3
310
8651470CD33BD87630C05831BA864C85997B8754B05167F0706499DC442FCD22592AEC2ABF3FF13F950039BF159FA9B36ABDB2778EFF83F70972B83BFD3F4899E64DD8346AA495CB155A7499F2CE39B0AAE755125EB84FD8CF8D8E4F4E9FB4B72E8F1DBCCB98B31BC4607C2CFF21C8145FB48EA0F2159F86A3098415609554
310
DEFA7B27EF1301033DD06D274BAF6821D220DEF96FA4CBB60B3CA241C021D38E1AA76B4406B4767576166766A6C7F77273F5F395291BBA19F64F2E3095C14F3E60371827741CB27E89543857D6D96BF9A47C6A9A26057840332EB843717AAD171880217B71FCCC0355AED3D4819911F79D0EA8AD6DA31A83E36C5DC2D47029
310
5C011302387069158F6C9966022367ECF1D00BA9BB95C389AE7B6105A1FB640689033A7FCCFFEDB762189103A61C3A4FEFE0D6A6B5A19EC5755A443AE78BC5E9235B047890A65919A0D2F96AA3C01CEE913BB3ED239C3E0CD8DDAB99E4348BF3F8B977B6C43DEBEFBD7721A839A63B94C06A10DB87FCBFA3C2932F8C26F88B
310
6D6BB30C3C4E09AFE40FAB52EFAA1EC0316920E031A46D65A0FFE45A673432E907FBCF86717AC04F2CD0EF512D665FF53F05BFCDC43489F150890C60A8E0314E70A06F619D30D841189CA15D3417F3CD50191AE4396543F0C42BCFD696C58DF163F5B46D708BD5FDDA5E5E5FDF9401BC4F7E00E8A17520833D1CBFF495B5D1
310
CE037C664123EEE74737268B5D1D3DBFDA6AAD8C08DF2C0BC7A737E10AAB2A7B958990CEBF556CDBEE823CB09FB344143463C630CFFF585D330CF0320E921744A7918280FEEF981161008E9FBC78C830217A07B7D6985E83F9A79884ABB5AB383B4D7D788F9FB3D867A2112A43F19042B33A108690CF6F472F8661CFAC9714
310
78757F6E6F2F7AEB82FEA85E5715941778B278281F28C268AB24BDB470EF3303E09C359E9DF1CF990D8A096106E6A66C8620DDE7D281DF0B2831F20439A30D68386CE13E002F7EDA8D7806162B205D6A19AA1FABFD6B1B400EC2BFFDD66FDF7E8755B4883C043F43046C1326136680404F1F934EBDDFDD39CB58A98DF1BD78
310
80E0532E671FA1435E9D6EA5E9071000BE8F262E7C4044FD95D5FD526EB40A05A634775F32205C3D779FDC168CD5E56BF982508BF572BDA4F6F57D3304BE9EB18149461B12F760D7485891CA47CFC44909136FBF4931716A2E100123FC6CCAA6A644F25EDF4AC980B14039009BECE8B798BF69A05DC5B6885CD23F8E13A46F
310
F0C0A986D617F001C52241801E87C2974C31411DA3A5D7B6175472763D637D3E57C33B908F867F4A59CFCA7923375E5F027A983E18BD7BD4E6FDDBB2250C1529F4202EFAAF979DFFB1F2612E87EBEFEC58581EDB9AA95AD1D7C1905F7305BF8182D5BBB524D47C4E3B81CD843220DE1E6536497C0962C225F75A2D6A998303
310
B23FC501F0B3F736EE1FF01200FC8C99F5515207C9C40081DF304C0A17D06E26CCBC5B3C47459308178301FA8057C2C0AE9D99B05F038828B08400F2E3251254DD7EB8BC4853B101F99AB48E387457C96951E5DB670648BAB70A7B04FE93EEC5F5B183F9739C98952C6845C380D401B8FC86E70A20744EC720E09D35955D96
310
A9041720196D183AC2CFE6AEA816652D0234883D788BEC8F5DF2615261DB031C2381092401B48D8D2D870FECEA9C3D99DDB036C8A051058030E32190976718C89F031DFBFF2EEA3D88606A8A19BD0AE305BDFD12BA4FF46F1A0002B07137989C748936E9DB2C91F43B07E4E4D16C3779CF5A4FFE8CC981F07C29E34B7C012A
310
F0054FAEA4A6A3D49D3A16D2B3CF220A029003366663053C89B3FB1827080DEC2780076FBFFD8E39810CB0593CC68B5D9009F2D400418028B0BC6CC74067E7C9CC0C2690FBB084AA5254A12AF63543B35EB40D17B693F7E3464D5094C00AA9E04E0E0524F5C35C5EC6BA94B21AAF2440725E2A9FF94FE7A8F0E769EB83FDEB
310
039B631B18BF396F5C13CF89ACC02C387DA56DC3B1CD84B96CFAAA37B55FE723B611062258257D331F186AC93D8AD600B4FEF4AD777E4BF68F2168FF08C081A37AC13446C859964803961928476D78F68419390D830C1935B5C2A0A22A3AB17D3D6428BF12DC373B8D464E04C0A496BB3B3B75639DCC2500E0F0B15FB6F47B
310
5A7ED0183A87CAE8D535F2EDBD4B3B7FC762DFE65A07C30B2851DB890082ADC07131EEEFA3DB7DD5CD32C0860CA83CD4B7993A175F422A8149B1C1D94C1145059D9C78A8A572A90B7C8B1E3392FF77A80C50220880FF3669004E90F101740D2B808181455A044904674E7482CC3EC85C4BCE339404C0B0BF6A5611E4F9B815
310
7BAB6DE327EC9BFBA1B4557ECB609C1F45326499EFB90EE78F18227F09E563C9E63D847EDB3B68EB9C39E95AC4F7ADCF7D87F6752BB6912040281E4A0D8A8314E80D60470999B8A51FB1488A66A9F3F81FFA61C83F4FA6969E472288FADFD61B005E0EA4284822E018911828E868614DA0C36E11F3A051070BF2F0840E35F2
310
00E2C0C80A776CC9E7E6841C0503D0EDF15ED9AFE527E798D23BEE5F0604E58DFB7099D739BF0BA5D332EF29F1535995BDBD0DE681C4F71DFE6A7AC5A13554AE6910963E9ABC9A0DB5B202225545F5CFACC942B5B93C207352B6E5310BF349AF200175D7DFDF78F6D683B7C87E087FA9B35812C4F8F13452CED610A2207541
310
E6D659A739441F3833CD0C9C3C3DC2B0712F62333C4FA9327C9CA1124904B4FDE0FE21C119776CB0C212AAFBA5CAF80EB43772ADFE77CD9FA8A4144C54C2FB2304C65F62FC3678E4F6C68F30FEE1BE8383CE7DB86F58B1AE0C51F0F055E188D02F00911DDB0991832228B3172B3E623E513FF1734FF414A611A603163F401B
310
EA790FC9FF7FC3FD3DB02DC00184145B850D01D120424DC03C00FCEB7880EEEE939399F1F18DBD4AA54C939899304D913CC2D5CFBC55E50C7FBE4C0E14AEEF53D6843DFF56BE2D554637EA047D3C210E2C61077875FB5B40E19F43AB7470CAFE1C0D3ED3B3B4778D1DF6D4F837C08747180FE8394F2CA1E0A46B6DA62CE2B2
310
DABEDE0B1924098580FC16B369730E9E90541D3730D47FDE16EE1FFAD3419CDA05ED1F2715C607F2E81893AFC5936303F40EB776F1D808BDE393A3FA401E1C706E154C892860AD74A2949C409E28A8FB3349C764D13E4D1D3468952B7B1B35001BF41142CAD58D6011C8B78961EACAB66E9AFBC627673B61FFDA4167950A27
310
4145BF11EA17BA9AA60815C2C43AE1F648E3772E53C94E6364AF826019E723069A8AA353A3BF7FB5359281700061FF64C28C10B9AF0B70B0B0D30A31CD1CFD22F68C76DA1E44558869257892363C091D313EFA46B57C3BEB252E9C6BF5B4799EC58F1910F469E25AA17B343799DB3E33CF410061F96C6D63FA91B1000CEBB7
310
D2971BDD39A2A76361E000F5DBC1688D47CB812DD60F8001AF25B328D173A9E4BAC18CE9F1F628704330741B2649B92E9714447C68559C6CD2F681919367E4811100750058809D0230C087A89FF3C80C23C4C60882E481F48D531764BABD5CCECA308DE2F63D3BB50373D630796126803C2D1FBAC148F7592881B395ED7D26
310
B7DD38D7096AF98841CB37592561D9C6565317AFBE9FC4AF7371E060736C7635E0CBA1809FC80F544DBAA1F2F9393D970D44C0615A0C6930E758B9E63AE690F73045F0C8C0731DE9CD80F718E94652383458799E02C06D328010011C7090D8C5E5336A83D4059953877EA1E1D66FBE994F04608C4C991917230FB61F9AEE18
310
3A40AB9108D032449FD1A7283DD25ED15360EF7EA9303EDDC0043403531EDEAB10DFF87F5E2FD56DF0F1B701A9F614DB17FA0E0EDF6FD0B1622A81FA3D1DE5A33F551930335C353A87F9AB05C60455193448246944A232C5D07636D864CDD7A50D0B4440CDCC465D1C418321F50E1648D500294065D869559EF3C40C8FCC6C
310
323E989AD0F0C73142480B200842802C061008B480A9954AF282052B3AF67350FD0DD30D1F4075AC303A5D490250F5400ACF479656861E4C77AFF327F3EBECA4B57B6B6C8FF62602BF150744656A87DABD7BC6BED50527B2120C001A0B3718C74F0C65CD34F275164D7968148DDF259AB8AD6CA81CDA4E8819509B996A7F64
310
2D987A401A2B04018C01E6C169A8700F9DE3B489DB2BC49C9B7B858A4F50D22AE15428FCA4A1EDB20C83492690CFE361CC7F8C8066FFD0D77AEE797977F468A36E0B0DFC87F90EE6348BC748F7CB73B5B9DD5C6EE7AB19ADBF6DF359F1DC2A0F9E44F213F8041F64274C0859A2AB7C37440FEDDD2F95BE44065F22067E3EA0
310
CC3BD8C0D8194EAB291CCEE20B9CD8E02950AD806080047A279F19024C837C848816719AC4A34DF8F0706CED904E8185753A458A27E4C1E37B5F30A104932BE140E0BF4E400160F320B054A8705042FFC47B4940810173F9C9E97240C7FCC3F3813EA239B745DE9F1B1F3FC2F9330374DBD1A7B475923F9A2ED81716D18D1B
310
577DAAB9D1A0458655AD3CA7E211867AE7C702DCACCD291E0F798013DC01BC326087775C0833E04EA3778FBCB8DA4687A0255CA0AD210C15661E4E92001A4449031D1DD27D327334BE830B64DAD90CBF537A45FBD4E94A7A88888E715B7E74FCD040E818BDC1BF5AC609CCCC015DED23877080FCDC47BD8EF3A7B783A17D33
310
F3ADEB6D6BC7AD75EA7C7852C5B6FDADA6AFEFC2D181C03F8C40DD8A4AB5024F0B72E34B57BC1182472DC80946789AFB711DB7F1193C03C893B0345F420246114D3EA71D04FBA731C0DAB0D3CD311B218F0D5A15ECC105D02F3AC32F13600084731A83220040019B03180634B5923D438300B05BAC80881F061095FED5D572
310
A3323ABD83F1D37A2301A8C930AB3F66ADF7CBEFED30BAAD7D78A06DEB6A87F15491F5AB7E25842B6B34BEFC12C8A159F187C64B3CBD2356DE5FBAB98BBE9583F0E3280C0076DA15BF34C15238145742B07080B1EFB83382F9FEF2239D003541041083C5AF9EF3C8944DC2030BC3ADEDDD9D27475800693049E05413BFB3FE
310
B4308731512F13400D06F813368A0101D8D863EB3E75FCCADED124F532AD3F123F131AB46A93DF1ECE7F96CE9EB6C365C6D6A07EEC461FC919FE288AF7AE1A7D012D291EB073735FF26BBB1C99FB706E972192819B7A34BF22424BEA1CC7958AC2E04BFC8E02DB90A4A1DD04811ACDBC181037864672C78F6C0EC3073A40CC
310
49D5E813593B7002763BC6A909D31AC86F3F6E335C9E1C309BC58F16418642E2AF6B290A34FEDC0CFEE08FCA0F56700699CB73B9C99302AA17BD516D7F1FD755A2B32B3FBE7134D3BEC813195BD355020A7DBB541539CD2C06E45F46FC0EE08293E6C0E1972176D9B678340AA1A4823404EF79B1E2347E47C35D0A2260730E
310
0B513025DC0BD1C07E3366E9B9D17F767405FB531070700035618606F0B40C73C974CFD321B0C174A80C0F3AA54945FFEF348F5488895713E89B5C98DA501E06D8D24FF04FF0CD7ECD7BAA755A854EC6A180AD13BE094E8D5D63BFD6DFA5F5D3E4DB1BA18FD8473DC6E17FFC9832B71A2A94D96E808BB53F9192955D62C82E
310
282B05168AA0927D54AB20A20A74800B7CC9655C8B15F62377CA4C91641F9F4D0478F4FEFDCE273A002CC0A725EC165CE3A149F0333E8E9600B2C05A7D15FD831F0938DBE5D0FF13E3C0F0765965A0961C3FA86DEEB0E28304747BFBA5FCDEE44C23544F7BB7BF7A132DDE34F99E44EC3FEEAE92F667A10F7E90B0E8C6442D
310
F5A5318B0F816311DB2E6DC6F172C363FC800EE09186BB9EC82A24C0117700CD884AA42023B81EA6E0CF8B3056411110D78606EBC5AD5417B45BCC8E61EA01C4006AC233933E35D860BC1B6CB9C9CCCE7840D2E0C1C1FFC11CCE54D59300F2B47D66A10F09D8E24B71B9BDDF98FB62A3B897C53EC88D16D1FFE8C649B17BB8
310
E760EB20B784F52F992544753F2CBF642CD3C9C70D8722C197142C567E74FB431EE248A8F3FC00377F5142144A82FFC28AC2970A780C85A7EE9146FA4B2981F3C93BCB0F3FBCB6DD3DE69C72B6073B99140DE28B8E919D9D9E7C2F5FA99FC1FFD07E9AC0965CDAEA0A945FADE52C791EA989E8E7A21A355FB37E44405D171B
310
98A6E946DB26AE71DBD01FEF07FD378F5B4B518724481820890E7486E3FCE61A60E096D577701890EE07CA5D7F2B086040749FCEF3F81972E510A86359C9BB579883035887542090614E5C4461705D7CA1CF84DB564838606CF1597E8119790D021080C935A908324EDE9F60A04B7830A33F0670CB08605B8D01BF9A3D4356
310
93FAB4FD84EF6754930640C1F9D74B052A7ABBA9F502B39DA3BF6BC7514EA4BEC71D752BFDC198EDA8DFE8F32B3EF811E4576B0A2074B99B070A069F60173E7427BDF285024E35A4418B7A412914F2800F1965C4F1120A2D5D2C64400563D5942044807BE7C738EBF3034C4A6F4D70C04ED1F97673C039FABC4CFF18866E08
310
200BB66BDC9CCDCC3FFD1E43BEFC52C317F0F5E64900FBFCDA4DEE68768FFF46350E0EDADB7B34DBBEDE3776BC55599AF84E312229F931E700D04478D66A0D88D09B2276141AF0F8811C5F8067DC04C0F90929F7F1AC9CCD368488AFB965C97B855A3E2E93AE5B4866502E55991B82D4388614F2C36B8484A5FA06E3EFFA98
310
4A6AF17D5C2073299D9F12FD63826F67FC460E54030981684E9FBFC22009A3006962285FDF4FC84B699FB5BEF3736C6072F6844C15EDF25883037DE6BB7AFAD6AE164B367812FA8CFCA6FA25725D99AEC5C6EDEEC64ADDA2BE0056002032E1D7A20A54CF444E360D520A5B69816C0A953CE0434A8A898BF18E2B704588C01B
310
DB2133342F5404FEE698957C200EF54E31BE6DF4E888C9C67F5F3F1B41F922777E7FA6332677C20098C59F762F5DFE4A23F9801A3BB6F8A4F66E0D40EC867E92DEFCE84C714FC7CE8DD3DD3BDBF9C781B1C3B549FAD2C89D711808CAB100E09700BB85240374A7209212F320CA577222A7020E7824500179FC7096C714884B
310
DFD9499E027ABEB3CB0226CD293CAE6E0C41A6788F396606A073E28CBE5CC67D584D36CA39D37974FE1023253E3FFB007A26F657FFC901D851130DDC2BF54884F20D5D40A0B7E5C7BCC7CC87B84F2ED820192CCE1AABA1FF24ADBE1D03635B5B3B53D4A5F84120125FADC36A0E792D3AD7E255792CD5241A4C84171F110409
310
0017DA493D0A7790A7BDE6DF326180398E4B0DEADA5C2763825E43E05C388E184678C88CE6422606C017F030366981353DF03A753DBF6370879F79889DD0BF75408724DB53C5B0063AB6568D02DC47AE4627B58D7E367A6000267E7840C23A0940B992DB98ED1C4731B4FB4DCFB6D3EAFB6CAC7646F0335C5031888CD74E21
310
03380260AD47176D703960230370FBBF28813524C17FFFBD6288BB28E4F905ADB4A788B40B4A6201C1878BED224DE9906C4C79EF32EE679B9F5D3B5DFA137327320643909A823F62106CB8F9BFE4BFEAFF0FC7A6393EC7F64A698EFF8ACE31BA05ECE6DAB6DF124118D1D13F892F3D3530602E3F3ED3D59DFB821ECFA3D9AE
310
85B1ADAB9E328DE738BF55D5DFD039445AE76D0194180F57B15BEE5F09C07F952F9A10372BC894CF7DA12CF6507E2A8916E0DF430C519485C55D61EFE209912D8C32866214E121611E22A0B1238DB18E86636A3BFAFD5B4EE02FF1E505F902BDF424D0516907BFC95EF3A76B6B3872769D67E25B548F0DA46E2B93DFDFD5F2
310
B9E9EEE1EE1DCC7FBE6380DFBF38A165CAC73DF912AD76A4690D2B766A3EB4AFA2D05BE543EA20B095FB17AE3F1928D84482049B659E671A4763CFA567C08824913D37F2F92F841FC244085C1681225C04AD6DE1684831682CE0D6096B56101C0D4FB3A1BD3F11FC1105AECF5660BD3FEEDF162B0D9DEC6DB55AF27FC98050
310
BDDEDFF63ED14B01336053A19DE9AEF5F5D9E9D9F9E19ECDADCD497BCC57681922F327EB41FF681E17C1921B04FBAE371AC69E53F98183E91B84897A5DB164158BD1D12FF6F6BEF0E02847727BF2628F9FD48B6FB11DF6928C868B29590A0606F92140D0C08850DAA7DD8A5FE8A50389F61288AEB743E9C801BB67DBE0A7F6
310
4F63BC87770FDF57AA73FE1F5A84F8DD3AADDFC32087FBC0A7D645C327B97D65E7A8BBA76DFD9BCEE1B1CDE3F5F7CE4E6DF4013ECD7CB60BD1239E8A4E9A5722AD9C4FAC8F7FF17B214AF8801950430639A08E3ABD05A0D94E253BD5951C885B0CE750309070555FF21F2EF83FF53F4E15038B8D8A244740A5C9CBC120043D
310
A0B323FB1DA0A4EDA268C05A304619505000BE10415DE898809DB6B66896E60AE347ED3D6DC707CB7D5B5BC374A158EDC343D0EA61C217D4878CBBDC1D85686782C3CF4272E7DCFB5E9EF628F5A95AC1AC0C6848F5771329EF8DF2BB79EFEDEC8DBEC72EB7F245287FD4B31008AB38EA4D52F2BF57167159E3004CD8950E21
310
7DDD6F699FC763E9D1A0AECC701F7BD4430A3E030374066938F883C01DE40E7DAFD609345E33570F4CE6BE467FBD7F793B5AF2A9D331D86DBA7BF98067918F9FCDD609A0384B523F4413B574B818C6889FAEFC5E7B8F90CEFD62BC2C85B2478D54DD076635BE434FCADE68B3ECF1C8708E27863DBEC352D87BCC7A92A8E135
310
700CDE65BC114026DE5DB68275E656D2C0D4087293D43BB4C9C14EA83C0D806783B40DD7CD4F19EE9F33801F55A3F1FD600017A6CD5DE607783D5F74E34680E7DAB98D99F6E5B5ABC7F7DF19D8278322F6A97FDB2FADE1539BD945DDF868EE2B8B70D9EDAA45D1BB0A5801198CF1DA891540474745BF0317F8A3703E02510A
310
E94B084221F887FE950272D62D4232781054A87C58D015CD45EBF9B70E60820A2056E9D4D619E8494BBFA68B61EBDD8CF52CCBA124BACD4A4077E8420A7F36FCDAF661E577B792A7E1B7E337C7CF1FDEBB3B49F501F3C7366C1730E793F51FA20A9C3D2E9F18E63DC277449054CEADA36DA0807467D45F8A744E1BDED725A0
310
33868703F1392BBE221158220588F30574A0B0893D0515B0B7C404AD0E7F40C11D504C49BD7DA39A85A19CD7357DFC966E5D92272FF06D59CA5A6A1C8AE30E52F1247C1F1D78F81887F9F3E387075B170F9F5EEE4A7F5BFC69DF02FD8795FCFFAB472E7C88D563DA514861B85BD41594A75F5E866BE69471110A9F75C8609C
310
7E6BF6C7C727431EE3E9E3773D2378C25226E82C08104A57ED273FE0921D6990E02B006BD038263BA360355E8DC446A380F0BA35FA9945A80CF60DFD54054202F91897C241C147D59F8E0FC67CD0F2BF377A3463F8BBBABCFBD6833C57E214AC3F5AE9C2FDE88852968F20337972C7E04EE5658223008AE82D93BC37D8DDD9
310
00BD6B16EF221F0D4149045D740A8A215D4FC186C658E01994B8CCD317465828704BB630DA2243B3B4ADD3EA554A97408454148C04A1A0CAAC2E04033C04073851F54380E0BF2DFFA43FAD3D6B574F2E1E5EF6E5F4FEFBD1CA87C161FCBCF5C7AAE2F726F814027BAE10F79BC3D765D61D1803952210A9AA07F8C6BB2105B6
310
1145B324F96014EF223D4A9261080239F03FF6F4DD4975C183B887E081F7A467A25EAA0C94028FEB808637768B07400A8235D4EF33143253198900E079E3FACB0C59B00F827A5785A6FFE2FCF0C0E6F1714F11CDE5140D931D707950631F3DE877F300002000494441540ADFB08704E252AADE1BD4E8DF55796A32B9B6F177
310
37C67702E5C638682737286CB0E0A89B624D5BF28222432848C9AB8C07170C97B814FF492A61072407D638006F7C8400860444C01B1930A522788045633DFA9507267A3A42BA05925BAD705CDD3792FA23C1075C6EE768A673919EB6C3FCFE7629B7310AA794CC9C0D14A1FB88F95C845BF22543F57996E0B26C9E4C2ADF18
310
7F979F8A55F11B47BC26594C52588518D25E6C2B1CCED231EA1B748F093E5726A21A54C91EF95789041030C20FD5AD68613432E19A4D0DA2505B6BD843516E10BB00AF9AC315EE9FDB39CC1F9EA59CD88F9CD071D470C86C4647FDEDDBB1CDAB81DA94034747A779F4CED497CFF817348F69F52E55490840E48840BA72DB71
310
F3E84F6DA2F4717AA928F153DA6E4C7E8E00363CEC9A2E1C8E65F298FC4A52F087FCDEE5CBA38A80CBE11FF7BC2AFF249203FFAB77A128A001B1987BD334AD9B901890A8C2005B6B248196AD09C0025ED841325B31845032E327C531C839E66DBAB39566B631C2FF0A1DA5A3CC47E665AD8751B47CFE33899DF047C9F3C365
310
E3B11278D49DF939298E09002F6430F9958803309827A7C791048CA070061B7E9A64C557D235F83EE24822E5EAB805F9862F20FC58F483DC0EF02181F572930205107E00E523861895A2811309808F2B6C14B2AA579E893753C155D2F54302007E9FF36AC5FEDBCAD47E182D91A73920CFA5C18E01F8FFF4C3F1FF553BCAD0
310
E58DEF85DD63B91BE38ECE1A9FFC4AD4A1FBA30D462C328C5A0340DFD393D3D3D3C0659195C96990F391EFF4175213BC74C020922D4830FE215E76940962BC0713A3B82784C0CB6623DC40D6E1485BAD454F6892200B225096127FBD82D2B12006BAE2E329C771E25FEBC0DAB3B5395289D56D7A8A89081B34EE06F80F819E
310
FE75C67DEEE95D227E283FE98A7B9F1C97D2D05B4D07A469153C3DA3048EA68FA667A6D90E291C7D7E2D063E4D044964D055F2DBF3E31BB851AE9F78A0A7314F0AD24901F581D74A6929142039C65AF5830D1C809536CDC05E4BA51038F79D713DA930CF18BA3010E385351CF47F74D439BCBC793556A1F99814926AF12835
310
E251C59BEA3C083EC2B2760FEBDF4304C9EB87B35769E1EB24B648542CFA4EBA9EF93CD42F03C08F249A2C98897D8E2225E90077823F4A52171A61219998CED6FA050992B6B0A74A2220ED12123004FB977084208F8E2AFC80F456CB110BCA647A3A0F854085D84FE0052BE31FFE7F925610BAFEC06FC33F9931BF063F39DB
310
3D1BB20EE357F594045F4226131578582CB055A59A073AE0413989D215019B6EB8A21CF154D71164E0D8F4E730C2CD382D098DA5261456A425643686BC8301710F2C50665881399156AA2B4C3191BC555728384800CE10040F746A3D8A80A5F0E500A93456FEC52833BBB45203DACCA37FE1D3EE4B9BF0EC27ED47D89B8266
310
F11EA2DB8B5A8BB93EAEDF0C06B7AD0402B9EAC6E787365535AF19F15158308A9D9785C1BC1C01377F8C6B4D07B50DAD25649764A91DC9812C7B34CA98184084F7C01055466B48058CD44085AF26648520C85C41C67805462D8425680425559F4440F3ABBE1F3F81B1EC72708767DDC8FFB6465796C8FE310FEABE0C9B242A
310
74137EC3E0427091967023299BE5D6D4D0C6D15747DC2AEA4ECC57C72856E827D33CBD319D70FF854369EB841282F84B7CA4881447ACFCB257E252E00FBB3272120A75B99119840858486615636E0E0334031AAA8C08A62E080053A0AAA4158431EC727A084021D41CF5D630C94184F6FE7432E8F5F9A4FCDF3EA7CF136FC2
310
988093F98ED622E38E4976E1BF0CF49D2889E6DF3566719FE1F9B47A2D3BF89C69155DCF24F88C609EE551160F0415900B4C48FB013D8900A9192A700748002924771A3686A0A580FE4009E00ACC090253E280B90AC15048E047020483A038A60ED232831F2CC90498648690D960C48E439F18F4DDBEB0B6F5AC7B7B89F623
310
0243B4FA160A7B9327F3AD5D937C8BFFE5FF8B3A5E64283BEF8EAB9F71159514CFED62DBC880614AA1F7994CCFAE7D8C87057F451733699B8DF87056E1F0654B5021E38097E4E23221B810DE20559AD183A61C2C88A648DB096081E9801CA00BC1DA0124E08DAAC15FD2936905CA8DA1C40E42B13F1764E0C4015EAD7F8BFE
310
C99A310B1B7C0BCC7746D3C0702759C89EAD57122092122D1F857067684A578F1DAB7EAC400841F493A468113282FFE42316CC74C756B1C880FE78795C692813CF4644480EE9B02991BCA257A71861F00666D9410288487618D120D0E80D7773E2B7DD180E100EC98B221C94BFC4FF531A09B986230F1CD08378A8E4D0FDD7
310
D9B1BC75F5C12EAD7FF83F3ED19EB018620303C217A6A35D826E72ABF2D8E2BB1B783F6E48D2E3F360806E1D192085D022103473A10375B63853EC54F500B5B064DBC20945B88160DCF7E4F83A0200BF6FAEAC88E9F54D22D898E43F378D20B51B5D6B1457000922202800DD401A9266483029C0D6D57ED80D42A0E6E08835
310
F0F3AC73D7FAE6D56185F04FC44472B854EB7D9CBF7134DF3DDC35A9F6B38417DD6F508B37C1A718B0D054124176F7222F62DFB327F34D451799D56216880193254FF782D7DDE26C271BF38C6E422E271CE4AB8823C9510F021126A7A944E00DB4031D013C88EA0746C96D4574069BD5439C4110403B40020C30B07A604F1E
310
41D19C21A93FD9002DFC35F23B1E7B98E95E38387E3603FE7393680410D702FF9ED5A3C5E5CE68B5827D721FA78F3A9A0C08A79722D9C9B418F46C0057BB1640C70AA4A03D29CECF33987596D53CFB27B32C3BE304C540E14BF8464E080918268D254838C91A01F0FFB99154FD8A9C0495EAA6534A6C464440B4A71E16100E
310
7405088122A35F7A511DC003D002E6C8E7E15F6D1D2FD09014139EC11FDC89394621F77B9F88EB5A583C41E2FEDBC8F82334494C0BFA97FF3C3A34ADE60385B60E5A30CF036E5E75370BE3B83AE73B3B7DC0BB337DA0045299ED0C66681E4AE223D01B1BC3BD4C921E2005FEB5114739040758189BA8A320067B62A3995E47
310
20055065AC2B4A8006BF8CFCC907C0063EACE41813C5F017065AD46CFDC6FF1BFEE052932CA3478C8E5A6F25DC8503D40F61FC1B047E4DFFE8E84407C81F1AC7B5C79DA358551CD0D13785A9AEB38D6EB68A0A8087FC6543E7471082873CDCE5CBEA1EFC5CC0579469E225428E9A43D6A6000B4219DE52E8DF00A55F4BF503
310
5960661C2DB88AC1F67C2890A93FC420193C8326409E7B595FBBBA9AE1D1511B3F6D65B09AC10A71C2317201A603E88C56CC68C91279E83F5C147787EFE6C675F00941D23EF092920330982DF38C65EDFCA89DA98E8ADDECCD77CB86D85118F3DD9884820B1128010D02F1060F582871CC8FF42024C02239273A1CC3BF71E7
310
70DFB7E96081682803188118B50310BD620234F230B12711B063E0F0490FCDA9248B580D3D3DE944A30CFCF2A1E0F6E59E8FBEA289CCCC943785BB8880ADA9C2FD70F6A13F5418444E3A669273C006C4B4EEEC067827539FFBEA9CFF04D84E7F170480037005AAC8829084329899F90B5E013927F8E646514B4824B01D11F7
310
2C012CEACD163B6358A4454A4221D06E68A71062520649BF9E9127D0772D6E5EADED52FF216BC2FC513C7D3C5CC4C8AF009811826AE20203B076A2AA66D8D32E317DEE0EFC000FCE16D9E0BEB17C74AB009256C5D8AD1CBABBDA61402612C675FBD72D07E633B1A42F2421208CE01397560811204306617A5141706105C9F4
310
984C459F2D0F6C392FA05BED808512B0B9A8A9FC6CED89640EA347D31F0DF76D3D9E61E800FE9F7601BE4C9614A1C58E6C839F13A12D0EB426DE6386B82369A9E6A7F1F9146EB578A2EF4289AA109B4F6CEFEC0463E0072A05CC9DEDEDFE08407B173B8AA65399C80B2911252E6290C82CC1B8909140C11B7AE161B42B9390
310
5045D017E00CED6D27AAA15F2C2179F1E83D411A7020B9408D202381E7E5DEE5A9E7E5CDE3B186433F488AC81554BEC09BC579018ADD1DCB3D9D70F02B14BF9159A4DA376225FE43DA224FED327941705DA582B2FD1BB5DC0540667B650BECDD1D5DDFB0C7F36DEE2B94F6EE2EE4E426F20A1174C31DF153321A24114C4FFF
310
25E505475F6906D4149B21F1BD9D9DF7B059F8E0FD83323CB97991FE80EE131A9003B81C491B218B1D42C0C0D593D9D548003839DC29A740298B0C23F0CE14BB167BD61989AEF0B985C8FAC8F923A73F31953989F0F6C96CA6C4D0A9A88184BEDBBBDA3BBADE77CD8E2FFEDEEF46184A86671D7DDC51417477BE9F04804F30
310
5AC82C2D018A21EA903866A0F959FBD4139916D036635EE03DDB7408BCF0627A03027AD314C09B0A27F0A79490D53839D0DAF1416995CAB24101FA63F75029D57A4CBBA9FB4D120ADB17FB5A999FC9420DFE04FA670430B90FE7F589F7FE8D50A4B5F004CE5F07EB4EA007F8AEAE8E8EF7DB3BE2F81F42166C7246FA9E62D0
310
2C8209BA1024414C483498B50229FD923F2414040B2081390AAC353B5283EADA12A30B1080866D746B9ABF5BC107F33C2A015B275480759334B83AB02175EFD0DEC785DFC505E0064F4EBA5A97073A74C5C9FEC97BD25D819E28AEE661FD2732B8BBFB1BF13441B3C1F45E8AC1752BBF80C113DE960E0AC7D9D02C58C80505
310
A19BA0E84B14402601A590A4AE00A825E98C3212342302EE10FC5100681F86834A2804BC409D70270A2091DCE874B16BE0706C974EB3D26EFEDFFCA6C4579AA4DB781708469F055532A7046C6BEB0CF39F3ED2EC4FBCA3D00EA91CA68FD2B87B5C191E0EB2C300F00A1C9881F263571C6CFD83D079D09F176FAD839340CF03
310
0F70458F81F09AEE1329505150CA0A00576B56C06D58070B23086F685E44232D9D53DE3FC3731044F286D19F459351863F749F1104198D6E14BBC68E17CAE70D7AFD958E350BEBBC70C9C4DFBA075240DA27D40AD7DB063A097DD3F041EDB3E4B682A7A12A548F3393DB01945547175879989302521EEB1431B08759B632B1
310
74E0F700E774FCA1BB83F95029ED1A084288C8893520E49415E00DA080AE8027C34206D35491D050A4C6B080F6A20889A2FF82379AB6234F6710C05F9080ADF002B9C9F9C583AB220F45D618D7E7F7547FB27CED8A8B7A7D24EDA4988B0C1C2A1AFB53FDC61BF3DE50D63C560F0120B0372F0839DDDAF13E583B868717C1CB
310
8CC71D1D7F440CC82184803144196EFD58BBE00B7EE77DE8C015942357FB06FC906A5E2B8882CCF9FFE184B0035A5CF186A962A63F84B3AAEE3D5A2C830008807568B6A9F424086D2095A3E262DBF124350082C4B5DF4704A9D2C93553DE47BD6766B69349610716999FA25854F759CA9792599D3837ACF6247CE8597B0F96
310
0FA3EC45B61715050260C5844FCCFEC9666BC71F875B17E3BCB4CB151405D7D08F846B4CB952248B4603CC402B609E90F0044A007FA800EC46D07A51232B00E5683C55D5096E1374DA4FCBBDE2C25A5B8D26008227CA7758033D7D70DF12CAF7F247939F93F1CC63047D63ADA0B7CC8771B234D8095FCDB577B586D1834062
310
035670E204B245EC093FCBE15626C10D210CB38A13F50E10A0D5C0814B0C4B30AA9858516001669002229618F100767AA3D6D2528595FE7A398C2D2300ED0013A0AE60B91644A057327BD3C36BEBF48C91279B45F8BD145494674AFB211A91977CB838DF35DCB3D6D6AA2FB2784B591ED785DFD7DB77747DAC9D2F7674810E
310
FC2895F9ED8007EC7885101679C06F21E4B1C8A6120956F80518D1DAF1717BEBFB5803E20C6F2A11B2E48AFF4AD2810A70054623E341B3D1ACD92DA91150DE631EEB2C28882D092049C0DD38E262A7BD6F98549930C9D44B7C37028AEA9F8C5628A2BEF5704C0DCB2B428181B1BE766F43014498D2E57791E4C8DA6BD2ABF5
310
003F0C40202E2E32EDFB02852D16C30B7F646B98FDF86C7891690043128B0A0DE6B4EA27F08C30CA34C9D0AA0852A5997F8D11A6EE84E040B20472020256F4AFEBBB74E6705A12083B249089218E6452C8E5A69717E904A3F5EF3D5D08EC1F4D4E85086B238CFFC11AB9AE972CB775616C6D1DE04DDF073B4DE3747C41FBAE
310
6072901CAD0237100670C5A00C2C3CE063610ED824826C1F6650700E88C00B62468903A0D71D3A390255AD7040048348C56C4647413C2C2561216E0C469203EF06A5B101AD40D0E207F78B124747DB5B4BBB4E88B1C373C114E0470B345156EDDBCE1B4DBDF81DBC400746B0B54E05F693707B89A5E430982C2AC7D10DFF11
310
D5B102B9505034B35D07E8E5F585757F088B390F2D4C85CF7218E8418BB4F25B885053D07D5A908326809F31D6CC6B77CC948413B28664484439D118DBAC27DB5AC40C1AD166F25E6A2F0AE82100C0BF220405323E1FF80DFC518CACA8DE1003F3C9FAE9C7B2D60703A0004F8EAEAD2DE0F5485452D15B77B4B67F4C2403B8
310
D8F9C533558ADE058A9E177A1698F75DC0EB4C800F74C0270178C8579C1FACD025F0560844502D2BBC01E620030CB93636C1041636A693949CD80139FD15BE107F905590A292840F8860706D07E2970A2F15E5B13B87C3143CB2930374CC46A6F9B9D7A5CCCC14E11B9E879A49FBE27ADBD6DA82410FBB94FAA8487D61B51F
310
4BE0A03FD08743C31020D6628ED20305A22C2C2FAFA7ED1E7881C438AA5B9035F20759E243C51F34D0D5F02F11403B9E204CC1686C0B6C9000470561519CBE1B0E4FBEAB37A39EE4B84C05F023858779341991F36D9D9F351E7BB3B5ADF00148D9D05784F9AD8B037D48C01BFA83D4247F03BB768BEEF973A14E610090D4B9
310
6B1EEC5C5E66928F28EBEB6CF578B067DD83086081579848E60DFC7684044D8174993C39F886043481F6A2B743B18749E52447CD4D230513032D20D20206E536E15BCF7B7D211634F98FF9986287F33F9A94615A5A0A7CACF8DF5DCC1AC6EF9AF1945EB78E0A2FED1DA2ACC00EF983F9A012260BD722EF61C9DBCDD8719703
310
ECF839029010CA0B9F100B1D2842153E01A1A3837AB579516A31982FD2908A09100DAE591016CBCD4B011A2F4DE299E1338CE065DC4841BF9895D8C81714800CD08F5AD39601BC929B55D291F6CDCEF2AB40DD5D98F4E6F107C47AEE4A09A079C05316F479DAF4C2BAB83221BCC0CE23FE3D3D4C7BC9AB673D89A3677D6020
310
F6E182332028012FA0FBE0B2668FB85485902A8E7FA0BA2105C213E20BC2169211A4BABA7D693C3F1DA961F203694853137073AD5CD25F1C017DE0477626D7BA55B88F83B5EE513C41D814639FD1BF759171F4577D3CAB0C3DFF68B2D3B1F8478C18F67BEBB2598FA76A4545E9E961BACF657E0791D2373030E0EC9FAEDD17
310
BEA7703A738185D08236C407448A4CB504CBF01FF43859D3115488EA01B55078000DF085911805790DE1B41B6F8CB2889C3834FE02AFE07D85143C6C008438A944EA63E047023A7EF37E13B0903AFEA7BBAB9579330FAFDAACD540022980B65A75FBA17D388F1E6576405CCE7032D95BDA420E7DC0EFA320879E5F8B3B04C1
310
D2D9C1114210C19FCC49DC6A855E12010184DB8968109ED016E4683CD552A36B3AFA13BFC2114068935A7E774CD2C7225642B73325938052D8634ABC18DC9442BF9E0402E85B42F9F3273672DA8E8F1070405D1DC3248487574CD98092B8B956E6AFE1566530B78FAE05B4A0DE51FBAF85DD075C7E11939F80E015A58D1F87
310
E400CFFD2306C4D1D3C634380A201545A92BE01F445800BE12302AB477BD6F62600D211232EB061448A0D2B877BB940D63D059C37E0569A83DE93E214F4BD86209FF6F479C640AFF8AF6D1BFD987D029A94DB7C329B4184D4BB013BF912FB88FEEF913071A8D82B651BC10DB067A7EC52FE1B421883144C00F64FA23A11CF7
310
08BF16CA59F18D4C04B8085964B2D8DA4A855187000BE440BC816FFB13374640B0EB1D0998AF38A1AEF503F14302E2811081FC12EA6CD38A63B33035125F40F170C0B0AA45E9FCA38FC6D688D48563B5C4B4B7C359D3C7AE0EFB16ACD5E2FAA47EF8307044B4EBE1C71E84E742D81431FB06B90B600B9C239E277A57C94C42
310
7EE10E7826980C0136600D916A06058CBE8604DB4D314FBC014EDAACD0820F14BF75449B70339490FE5A0491221BF95F949DF1235380E969AABDBE2D32EB4403D3FDF17F42F9A0A7C28ED75BE86BDB7C7EC80C76F86B8800F77B305EB88F00A4352E0F8089EF811EA02A3DF08F7DA008F803BE4B4EF5F41E56087099E92070
310
8C3D720916444440FDFA013D4E1201414123A09290F5BD7AB729298209C4306D007BB0829FD4EC3A6D7E4F00B67DF38CA0764F832F0448E58439B952CB4F70DF964AFA74CCFDBABBDF273E2FF4F56D3DBFF2A78D42FFF2755DF307066497F44062AADFC0CC546F6DCCFECECFA232E14F408F05477D311B683A35BC245FCF8A
310
5CD2AF20022C21022266905A5BCC8B20235D6FF04019CC04058AC80023662E25F342063165956320BE50370F2A657BACC817DDA3DDD3EFE04028645780A768FE38DBA88BF2EF3ADADFC7FEACA952E5A77568ECF0C971DF32BF1D24F8486B22A649EC81B1B60315CBEFC026091CA45F858D7D04C1B437079431E63E38F88075
310
8842E780A9E03791C0FAAFE10012588C3C592FE35461A6047802BA18686887023A422A49599399893103942CF6DA53A8E387825FA0678B261F139F801E2B17C901D0F5217E07AC2401A87D0480F753FBED44FE949C93A1D042B879FCE499B3D861AEB23F9C1F372F0C24D0B7D6E70FE1AAF60F84BAE642D82F0A9F53E22783
310
915518494FDBC0AFAE7DA282E5050B703570E06319A015E00D693A6BEFFAE493941C3B08C13B96BD20D0115A9565701DC58568A3009DA13E965765C03091F0FF339F7309D44F6E61F837F1B1FF920450EB8FC48F9B40158BE89C81A597CFB0DAF5F5755D3886DC13D4479599B583758CBF35663AA234F133F91D3BCCFCE0A7
310
94367F385C59B19431780F1C099131384056616E15A1563B50021D369C593FB292685A68A8B2A50A0A2085CF05434617E05FC24A6B077B990014421A68401AC4D65788EE25F737EB780D08A6E38F060F2ABD889E1B889C44852C2FF368C1E3E710D73B6589EA83F7417B341ADA1F639A23D15298F087AD0326410E116C3A1B
310
325218433C71AE62C07C1480F1C045629724A076A4BB8D622D24690486727F56108D07046DAB065000678E04C4F8C342DE27F4AC102D854F2D08D59B4ED0E4F697B0FF62F113646BC5B7F3131D4EA8BF8B265EA3F2026E7061B96F6DF3D993276B2180B8E57067587428579460551049049B074CF8B1066C7E14C705F0B392
310
98C0997C17F701097023BAC31081390196801FB0C2A12380042927503D5A01CA127F9841B460310639C674BC8CDF1A320501448E0068905B07F6E5602F8C1F07786253438CEC51AE61FDB25FF71B09893AC026A9EAE3F30F369F5D5EAEA5801FBAD3C98B38C13EE017B054F81A56F05259DBDA64FE270B1FC4C77200FE276F
310
E814B916E222575ED717A62A92956504605268408CFE13FD61F84252228376060206802B9550F00B9D47E6AF1022538A752CF4FFF1F5931384A9FF8700EDD4FFA2B93FCBFABB3EA6C607FF714B0B8B04EBBE83B52B246092AB018C0D0002FC490849F1E214AE6FC42009D6D86616C835B65DB9862EFC4480C14137603C3089
310
D0A5588FA27E693DD184131BA4E88C35045ACEF1CDE1A82323C20B842F2419604821196EE8185BC834AD44F8E9B7549A32900196E9ECBBE20FFB4706861AACADBBFD9B56A23FFD3AB8BFACC18B1B5AC0ECD7B6AE2E2E9CCD2BE8AF1B1BC3A813B94107E82DE67A42E7CC7D4A6116700B5B2EE3C338A09B840F07C40A64800D
310
7C605AC42B72227C4C7020AB1F20056E26F542717F56534261DE3766AC10A6ED2D006DD03BA9DBA507AE0510A8B385C92363B9154167F1230C40D76AF6F3BE0CA08F8BA2FFBBCEFB09D0986550E0F0EAE2F2780CDF850CB0F88CFC2815FE87BD83909F474F45DD47F1C821DB2107A8817FD45384F57891B65F2543D0C1E20A
310
89B4A8DF806862AC27C60F6A054627FD344250718AC0FA21CDC4E28DBF2650D1B39D8B8A420C348A4F846E2BE824BF8C45E1DB8EEB52F576F47A75FF95F90FCE0FD3A7A08D48D5B9AFBE3EA658E1676FE3372FB57F0AD8D70ED4AEBA3D4C2BE0AAF1C3AD63A6004D12900CFC481A47430C9EACB390038642C8C41B13303166
310
614210592736B8603AD4FAB17189DBB32F3915F0C380795A089A15228460BDE8E52203527D41B5470901B088D84FF8B3FE2BA7F4FD30ACAB3DE0B7E2FF95807AB0010FFDE3A048F7360F9F3FB9380EE537F16F8673131325D3351A3F664022020811A0FE8C019CA17370725CBFF64132025DA1BE2555102212E80A907FB43E
310
D80A991A8AAC183932C19AE17524B06590B6AD286EB99BAD18FF4BD64BAB519202F992A963648ED30E7521F909F090C0213E367A77D8836BEB6F34D92EDA624183070248351F1A079E5D3E7A9EE81F2CE6678F92E299EE312B6C0572C0A7B5EEE07853612403813152C7125E2022A20C18F855DBAFA399817FC97FB6E1CDCA
310
31D348434ACD0012F0D32A5456B4007E6E92D72B1A4E9971223A42C1042819E4049C0C5801300C0013FA48F8944FBAE71DAFC27F1826FA2304ECDF3F6C10FF47D5C7E49748DDD687DE8E91C09394EE0682A4F84CFD6067EEDF43E67EA46CB2F4070160439245F00343D03BF25D7E2F26FC400A896DBF19FB8D4D0A66DA669C
310
3D608F9CD048A0533621B25690EE19D5D15248E390F042B12C682511B02BFE3E5700E4C9A9B2107A8F45248FA48234FD23005ED1F4EFE80D1320836F04003BF42856D478D1DCA3ABEEE3C68F9F30C3A16E5C238EA5DE3FF37DACC2F8B7980033F47FAC34421EF0418A045394802CE032D61C70023D788136788613887C0011
310
A4EA316E005718AE191F8D0D841B9C679CD2FC478442D005429166F5A24403B1E6ACF3298F388B6D0BA933D92339D48969A5C11F09B4FF017A9900A4F887010C474717E10F36468032FF33F4AD610517777104CD920C3CD15FC5F3B3A0C75BBCA3B00F2724863C10BCD4A0E00736C7981F2F72E4B001438B99714FCFAF713A
310
2603BC710376A1715FC602022202E06FDEBBC680A3DF1C4C095A12C50B554FE7623B50374FB2129DDEA4C392C9188077658C87F55FF92FFA507FF03FC8DFD3F31BDAB46DD51AEB03F7E1B38B8B87CFF47EA1479C3EBAD5C6B382C221C0F1B358B39D76D9D3142C4A20935F541E492E0EF081BA41B3620A8E172B584EA14856
310
32E22A8221CEDAC6110AFA4B6D43E2B76A18AB240BB24337721C9321D2C033B2D3E2641A55A400A28403C12D1DADE39AD23FC5FC08C47A64DC3FF6DFF76B5235124022D7E6D6D5F3CB870F9F31C96FE477FAFE54100068A3A87FA5908A2C08011CF31309C10025B089FEF9C510522B8DC07C30AA469841723A10C08E27F00F
310
7FBC181C083F2809EC3B2B328E294AEAD5A071B3A95C81D2DE3F930372D022C9C793535B92FDAD5426E90490C3C81D000017C6494441544698C416520C1C40C71FC204B22448FD9303782FBA67089A1A7D4CE38E89050FEF5F1E078A4DCCFADA058032C34C1CBC2E1202B1F8962B1A8024F0EB7A11F209E96FB369D4B64202
310
FE7BA230AD24C46413536EAE955B341B726C593B5D4630C0BE822480908522B0D85430230352618DCD4F7BA6D568BF4343801480006658EA3EDCBFFA9702B4FDE9022163C43F9B72B58001A23FCE6F0B3FF0E4E1DDFB9801A6FC42FD0132CC1F2224F89933107AD30B6C9131A53818AE944BE25A70810821C38F098411980E
310
46D108F483DC63F49B91B852351604091D60546702F58A3872A1716411B642C7629C267E64E77719F46B0548FD6BFFFC86A38DBFADFCDF700228C124C8664FAA02BFB1F92B09800876FCE4F2D1C3FB4FD0A44E0106A8DB8079751CBF0BD9340066C3D52BC64706467C05B5A54401BE4A1B0132A55EAC1CCCB10D378A3DFEB9
310
812022327745EF2102886A9142C812A1A2C9708027BB55B7006357459F9C2080E0BC34489FC629510F3017B62D5073E2A2C64048A0A42580E413BA9E08274091A398EA80B5BF31C87BF5ECF8F1C5DDFB4F22AAC181F070AAFDDAE5650C4000516440D8806786D874215149E69ABEC43FF0EFC820FEA112B0522003C84BE03F
310
B76623513B6D840820358B084119B0CEC8C00AE888826339A54091F5FCA513AFE147975BB1A86FC50618D9D74502F0C7C8815AA306602FEE3A5E79E0D7DED1B221001118B73182CD439A092FF801105D1AA14E1918EC282F6260869D55108065988BD67F68E5581720A708051F7C8070F582389C682BE53F2AFD85853F2A01
310
3D21564028E06E79B7A71E43212180A81541EBC88F451E02385100491AB0C4A3BC5309A95911E66D04C0B448366988ECD204C2FC930F8CEE8FA410EE4C25B58DD1B6EBAD83F6196670F7DE635282C0A56A851AB035831725F0471A10FE52097089C80495804100318405F0DFC2136004B4C40705EC9154315129205EC35793
310
0035688F61AC02188250CFA9A980233925F16A117A48CA54DAB6400221976B75D863330942E20EE3B00B08FBB71AA813B0E502FD2B023DF70114E0D7DF2E2EEEDE7B789504200112075478F2FBD6897835C91F0C20782401E801A2F9142700B74805703426023A81CC0BE88B537D0003E0C5181D29EB8D83050964DD258091
310
0A1E7A8138F76253DC01DC2F3824391AD748276C0B0CDF12366625D038603D0003E0266CB42704C8CE7FA7F11B4D59C0BF454A78F8FCF1E50513715D469607031272358F04E0003C90107223A581218F10008B10247CD20D860FF0BF48801040B361808148714764028EAC137E871501EFDD97C89B52107FF1235B0928C562
310
530082573CE137840EFEF82A0BDC602736C595912FBEC69E6A3A26903B3A300C5A098A9E3F1810CDFFBA019D97B4E7A7A075850F2E92569BD960CA7B8304995FD006FC4213BB1448A6F4BFBB3A9F9FC4962D0A1369129B10073771FEDA38B1737B663A71C088D8848027FC3008DAC4E4397A6F76271DFFFCF77D6BD7F1F67D
310
A51E0E08875A6BAFBD6BD7AE52CC04A0B4A2206F650EC412841A48258258E8662C3838FBE21E25172C2A15A4F78D82DCF68A005DCF07047C183E1CE47731BBCCB5469D9169E0D588945BEB637E87802A03D88FB82486210D28FB3B858D13DC7CE75F5E6F3B03C1744D30CC58C7C7A256146853A05243060B850072A7010CA4
310
7CFBF9A1E24F414037B8781E8E9F219A774B36481CB43E48A79819D638C8760D672FAC19FB9D3FC5EA9158DBD0159C27860409682E8FF2595652FE189D2CC2D7C023E944158355806FC320087CC74116030CC376C559C098B93A041C5DDA48AF33827D2327DC761D19C17CC62780D82A170E6CE7415A5E7FE825E053048F88
310
D2AC2A561CA4D4C60098DA28EF1A01382772484698F60C8DD24BF396EA76260542810A625978C03580A9CAB91D10249BE579B0377A3DD15749A45F24C4D81FF3D7D7996F6A1690288008C0FF6CC186DA9D5FC95BB09B1301004B016E707FDFED306A1BE8FA208828F00BF342186839839F1F6FA338DC5A0200FF383DE92614
310
C03A4508DA18F4D85F9354F7E867AA77A42FF49BBE6757A1A7454448D0BFC3C220714FE43A3D8F1547BE10F0BC5A05985AC3C28829A06FE24CD062700601F4AF12AF99099B08E7071DC4626A97C920C3FF96E190C9D1FD7CB6163E800D79E5F3F10A9306C02B799E80F1AB380E0571A584C0370A220C3125000B500900D96F
310
EA40409F980E2083E4EDF4D8D2480AE5667222E020BCDAD4EF19682120818FE18EC7FD6AAD67C03F7DF1955E697456F517AC4F24700C30171C67E9168B109A4F60AFA60F98BE30941BF776DBC7C70792A2FBE98AAA97224F8BEA39B47BFD14A8CD03320DA2B676E3AA397E652E30A42CE2987B7DA1EF7F75242413800A04C0
310
270C62A13372400B435ACD84B8B5009208F5AC73EB149FFF3508E21C2201E0338BE07E50EB47E7FF6D97724A601028C5519073E7978EC88834410450E074DD58AD13A4900103A6444A9CB99103229F0EF8C0C78161EBC68137240734CDCFC349807851E0EB46CE864D2E405ED341B71A390CF2DE20CF5193189E1901E866D0
310
230409684B193D17E2928534D04240937D3C84477494FC5E0FE0B448E35AFC19007926C1C6A6E622FDB8A12E30993C6710E070397C4B26304C0AE38218D19F01FFB15BAE1C0E7E74DF75F2406E373C414E848FF8E500EFAF3C1029C9C0ADAB2313A7426CA9B2C1B9E30032C84EF31A09A88A386F136E8C2F1D582EA0459207
310
015F10F1F001F0B1B7DF7222011EA2001F00BFD36BAEE0850928B08C077030FE3806C880EAA74BCE0863A952812E6008B3A89199C1EE918AF96AF583F1A073B0A355B9D861AF1460DCFB3BFC6B7EFDC834B09700CBED3510E48DC7129041C991F06BA5006CA6B5B34EE21501374E8DFC910042036111EC9C7CFA1C05D48A72
310
70F7F835BF04A4194DA4CF76CEC66718C84CD020D04C412AC848F03E3C61A1C8D50D0EA6838A00376054D3DF61A0E393E1F8B058A6C994093476D601A4A06F0CFD3C0A6BFA910E75CC10400A80FDA93AC9B5EA4303F6C0D188B559086091CC5910137772E14F2376D03181B5CFE74C0EA38440D0AC256D6C4D104CE05302FC
310
C00B60B9CD4D71E08BD40C144A025E60D4C1F45FE846A2105D717EEA84808A5DD90A168E133640311CF05DD870768683F5D2F1800F485AEBE5CABD8FFA3C0BEB33702493AEB551B1EB035EF5C8E5757FA7832141F88E8578A363802B560007AF93D7D470B478C4D00B412D634C9140C4F9275C00DCE8DFE3C7F8C0AFBC5B2C
310
E82E3C3BDF393D4375D50C43CD1C17E3777CD2C170725B7B42B41DF15BFC344DAD089C1E9118522B4A2C60B794E4E8F33081BB7C8CFCEEA0B2015E49D586429C6C78646180B7710E06018A3082243C275F077FBE412C17DE80D3E6B9462C5204C5D980D1DF84A864401C483CD01B143F4A4868087A0F780F37230200A4FBF6
310
AED325114C367C22512750A5C7C3E32D545CE20A0904183BA10015DCAD89864B3E1EE97EBAE8B204266A48E010511838E2FE413FB116E60880C2D8440AC3880DDA6DF6618C138CF1CB2A09637E18D00F80CB0DC05322E31EADB8081C29410903F06BFCDF5AB46024E4A75828056440503C707856EF0C037623DD4922A400E8
310
A6BD75E4D2800905F18450A00CEE88860C8964C7B3F90F56528BA18F71CFBBBCD2D05797E168FC37DB26DBE0DD2EAEF39686C18440820013C1444055402A541400DD362A0A402F1FE51246404E098249FEE30708C10CA0B54601053159480C00BAA9B1223A773234FE72FD5C3BD81804D8D196FE3D5315A0C981D88D04FA01
310
DFC185CA93F9120E1F480B08063364A0A318F08DF95056E4C91F1150D31B011200383502E079EE43CC18603AE2F88FD139C802A739F208E88D06DC78267C448C27C4113C19B0F51B0E9C1C021CF8F9167C6B1F2E10E461002910105D1042792D1CA303F469714C018C23D72179E165049C40E801CB96CF334562E5807291D1
310
E0C70FE6CAD91656715F0E5C5E70F8D7F83290549B1BAA6F781D25180EBCA93EC84E72A74081CE3020789B3790E1A9E478E658C099BECFF01E530E80EC5FE31204ACFF70AF8177A03059240CD074978A002A878BF883FEEC81DD684E406CA630ACFDE87292822A11953710F000885D6F68A67ED40CD772B0828359B753F7CE
310
23D9479AB9845771B389D6A77130F8C134EFC83947392029B10E4425440A84AF0E54825228FC1634D369874739C837A9DDC83C20D320C36042610ECDFA750303710224D01202488012CA847424F8D53F78AB6BECE9B3B35A7F32396AC6B7444566327DBB4DF06FD9616744F4D3A397EB3B0A3FBA8D763702883ED742FE5CD2
310
4146D8E353ACCF811C806AE09914D8446E93840FF4D6C963FF32BFB6AB015D1D3B0C9A0968776F021F21404B6260CF84A14F35180CE20B5E85BDA2EC91FD5A7DBA7E5705F4F0F97AF26CE18E3BA078138202400A62930FA6CC7882F911A92F33E547E64990B0F27323D73B6222863F86425153FA8009361C675554C25382CE
310
148420C8DCC47A20122806CA178A0918C14CBD33440289078A00EC6070184CA9907FD0A1270478E0B325B67C2193694EDB7DD0F3C238447C8A11485562FB4902134E6AC952FD5320A4F7C780882DA9684285CD81D278C0E8FF8DEC9F45D22DC3C2CA99C2728110888799575B6834BF22B0F01EDE72D7F21B672C40F0A97299
310
9E2200B7C91403F9BB3D09C01990819238CBAE5E7510D7D57450507E3DB04AAA0A3C280064E0775380C8C16EEA4834346A04BF0CE847B4B3AF760D06D24BBB267C32E2C9257DE5EB748AD101AF1FD33265E2B674EED8C01A0AC901392211011AC810560F77778E85B13BAFE3E25C95B70919A4862C15928BD8989664AD8638
310
101D009A80F00BDC41AF27602A4BDA0C077E550048E7F1011410F01405045E1C140B4D0E70E0F6E034171C3D6FD12004FCC1FA304312518910356628A4A326EC9ADF5DFFD1B2C0399503F14B4F8E3E0E4E39A06ABCB56A8014687E86E462BDDE5124615ECDB412B7314F62E6E0C76ADEC0F717B360E741960104CF1706CFA1
310
8E0605004B01AE007869B095ED92144A807841EFF2811C047889A04901C809062057192688C92346F97F279449F89B113500BAD282D1DA80A55C27EFFE02C8D4F395003F285B617BBF0831F49B055342DDDD414378E8888E92C16789F269A27C9A221FAA4A0DFDDB9F935B2ECC04DC51481558A69301E0460B02665AC4DD30
310
C03D480866C3409400051811876014C0F294C542821AB045011A3E3F09001FF304E3A0BED05CC11A811B865001769507FC01ADC611F400CF68C7B093606E30F3C7E0F00C1D10C31951C1E2D7252181DA00345842A19130715C736EC9ECE686A712FDB31E4D3E50AB336E5666D7B212C0113C4A4406029709B43D0228F3FBAF
310
49921B19CA0C82A2D5BC4A2079809240F37D3E10F9637607C3983F0458508A98B8B4EFC92AC13530180CF55359500080061DF59B98BB3FEACEE881DC8127F182A885A86FB12B43C590A4380504E32305E3148BBEEB2D2782029765428092545BA5C2C681FC5F8E869C0EE1034A822FF09A12C94084505AA868080303473F81
310
61F7AA0A6610745E280BE4427FB770106F8800EADABA19F453210435BDB2348471B13B65F2FCB554827632C4C44467333E4127095D22092ED492009930413251B5408345065065E415266E20279A40B3F520370BE2050C8360E6BB4601C1673B9BFE007EF5200B6483CD195400A783E6DEA0653515B0FCE8E86D1618FC1EFC
310
15C2E727F24F2A2DAB57326D8D0877D4E298894E7A0C3C7D9CE8A0E2D17AA2020FA1097D6372F2A9F955060FDD467AD0426368C24A8340FD0D6687A76316DEF5179ED9042005A2BF02A5DD810A4DEFA4A8F700EFC50FF4FB8C06410F0303C106ADF8852ACC6A2CA9046E9ED070739339857222CC009E206479886EA26227BF
310
7A341A15C351A8404A6C10080A2140FA4B4E8D9B9A11645899332363FD69887F436A660566964250FD752E787B64BCF8E6C8190DF8EA0C854C062D8A5A1346F810414313E606ECA0AC3A01D6928544029D5F42E202C0CB386F880F7842A31287061F32F3CBE09F2950783394F2F2B23D85386C6F51943E99DD10C8A0000BA9
310
569A14805693274BD0E4F4DC3F28E331EEA91C4F33ABE057889BFB92819187840A08E57A276A8BFCB75B0342668C70C565C8059996D209C2800941A21FB82B2F520BC2E6FE6F1A8827043DE17000DACC8193E78BBB8DF1467978C06F6AFE986123E3A95272CAC122046F4C65C4B88FED2F1CD1D918F7CDBF8903BF1A90057D
310
42F4DC133AF804ACBB58446A0DB78806FC053FA1E45D0AF1112613CC0DD976C5E70AD3282F42725C0D02AC8588DE451B1C01ABF063E7748A3882F0DD484BB78D037F9812240EB88B6034C0AD53E5116D4C6D920C6A89F084E6D0598AD7EB6930CC7B293E27A666E5CDFE9A3FA52FEB3C97976FDAAE9A60008FCA6B33099CF9
310
880D35D419FC687D424378E3099441E110C5B3C6DC311E6653514A67A530D863326C4D8430E0C28024803B5B069B0E60C10EDB6DF087034171DF01F1F3404B27B1056D8C0E56E7CA6056E7798147BE4C2F01CED5987E413AC6A724876DE3F599E0601CE7B9CEF3BEB3671E12DCE8AF9631B8031D3F360B6955DC2342B2A0E4
310
632A00264C0DA002220CFEC3E10D9BADC8904D88DC51928593AA16C91DF6FFF82B3234404C7214D0F8608E0052283EFB2B0563F1D072936C4017706010BCF1B16CDE0C1FA9C777E44E1F5259B0C9BBC8794A82A6C182A3AF56B16921405351FDDC91B5BAAA617860E8D76C97C377FE701A4EB4378FA97C2C8E3CC8950886C6
310
FD93AF70A1F5F676B7ED16CBC56AF5D09110EEB8607CC08A795882358280DDB98AFFE7087C6EB593D62F041CDB4018935238E73F1098100D0C8769818F777057F64C703C6530E142FDF5C837AE1CF66C94C4887D3A3726AB990DEA248F73B5D32C8E04F6714B1E67C53FC52040252E605B322407CBF8C7F05453462A295ABF
310
4D95592DDD76AC23512E9A2DF964715C80DD752CA8E263AC36F02C3C28A133EB22AC8D099BDEFDE28C3E8FFEE3815D5D00C17C00511058354D62443C1A546280E43572A9C661A34FA5891F8E7570608C8DF21DF51DF9D2A84D4501F41B8CD4F4C9DEB2F901E810C0E4CEB6EC08DFB06341C864CF8D0EEE779A606545E1E64A
310
AF30A4324C20FDD3BD558BD966BA994FA915CD162B1978642AD01694E533EC190368A68234657085B5F88E27A0805E04B8BB6A00A51646EE3C10A50FF007FF410F1963CA69BE2002F0F902E701AEC995FD41F83A3F0C3809A3288A083003A6CC2A20E6D703EE48E3777AC07ADD51EB6101603A9FCF17B3D5928F6D742EE7E4
310
CF38AE2B03C5FB39C81D7B2978FAFE85AF3D2710B0582C970F0FEB0E4D1103B8BE2B4D560CA10002FC8F334C891C07B44FE06B2E3ACE5E1E2D1FC32203110ABF9CA0E8381F68EC3C06701328E5A38278A5FCD944CEA5283DA933DF2A2448BD23F1C5D8BE04CC2DC3B43B3EEC29F8B5FF926D11D3E97EBF7FA1BD1E5E5F5FE6
310
D3D972F548547783146ECD84873F377C5820F7F9FCE5E07378D6CBCB7E036DF7F7104079A05B77C6942D1BA95D47424BFC3DB6411009A42E207871B7EE9B06614BBD20F22F7523FB985F3F7068E37600273A3ED0C1CCC380F6EC4AF01CC1CF95E4848B7BF950AD14C44F10460221E02D21D01DAE800F323704C00035DFE97C
310
B37F797D3D1C0E4FBF35EE1E5E9E0E879FBF3DF6F474780A01FB3DAF01FE0C0798218007C2090A3008BA7682A338F4A8804A06CBFE6A80CEC766F49853F15B2F45FCEA3F8250012841315016E75E797EFEEC4ACA6C79F515CF1738F7C36E2406071051043817C9E8C5888D49D0332E800062FF54FA562BF7446CC0BFDFBF86
310
03D1FEFCC9F7FFB5A7F000430755C2D3F72F2D02A022820897ABDD44594475BDCCA4A10AF34C06B08B4AB58BBFAE30999DC66C7CE903A83CF8EB006EEEAA063430F84B05F0ECF644825F5E95073870E72A0771AB89B080022A0C5A9FAF34C89286257FB7BEA000EC65B59750C68E0815B0D9834B15606328F80709DE09018A
310
C2A7817F83F96DB3D562C10A0A31300230CD4200B87F85808BAF64D04600254047F9C14DE93464009E7F5AABB4FDD6D55142A2C0BF1541FCE19C20C899BF4F76AB54B84CB97F88F48ECC029FD253F0C70DF4816B9AC94BCBD653B1A283C4001A0337955E4AFED3FB790B6B1F5EA0B5514074103A38D84280EE0F5F9BE974EA
310
B2D16AB1EA969684B6E4166CA28264B300474C7308D20013B204A65F82970718D05678B3315D442E1C0A327E2F56556040C005D2FAB1326A68A07507C9E46A3648555A7080F5F50219A00E6222E3E0862CE95B5680930530742F1D041805E69B788161F015944D041182B861A2C17F3AF01CF5BFDF6C343F9171F5B004BF59
310
C016719164B888EA206A02AD05E8464D06B48E4381A0E9345FD171625AC22198F57C003BEA5510F81FF78D31C9B033D0030000000049454E44AE426082504B03041400060808000957655151464CB48900000043010000360000006662782F41313939453735302D443342352D344236312D413037412D3446393542374641
310
393930452F6469726563746F72792E786D6C9D8F310EC2300C45AF127987122606C71DD918B841D4B851A43646695A717C52A85029031293A5A76FBF6FACEF7DA7264E43906840EF0FA03836E242F406C6DCEE4EA06AC22492573150D1F66C60C640E8938CB705396EEDD86DE9B5042FE27813D640EA63BB001C722AF6E55C
310
B61E4863F58284D5D3F53DD715CE1C3985E63FD7F1B7EBDD617E9F1E504B030414000608080009576551F5D93F9B47070000541C0000340000006662782F41313939453735302D443342352D344236312D413037412D3446393542374641393930452F6F626A656374732E786D6CDD595B6FE23814FE2B56F665F721370850
310
469411973242A3CE8C06CD6ADF22130CF5363739494BF7D7EFB16387380D90CE455A2D9520759CE373BE733F99BC3F46217A222CA3497C6BB89663201207C98EC6875BA3C8F7E68D81DE4FD18425495EDB67A01847E4D6E0CBC67472604991CAA51DD9E3226CAEAEE67FA12C2031315010E22CBB35B2E08144D8C2459EEC48
310
F668ED708EADC3FE68B956B951277B60387D681C956246E21C5885F518A8480E5CFD5F10C99E4E6CBE41DBD6EFB6AD77619B2D04D719A57196E33878C555E3B8DE19AE1AC7F55D6F79D71B8CCD81E7F54D6FD873CDF96ABE34DD51DF590C178BF1EC6E6CA0E9649B2461A58094C43BD0E28B31752736BF53892F5168E33B48
310
E2980412CDB60D3B22E952923531D180758568358594B2D616FA1D853FB3AD13281A4B1ADA4A38F55BB7DE64FB37809075B15296116EE559CE40D712FBD21F9C895DAE6A7AA1198A704E18C5210AE99661060A82ADA5823432DC5B3829C431135A54F4EABC82615FF7A5362EF7451872FF35A6C2D37CF04792678233FA0F61
310
27EEEBA7014F206D41E3FC460A9BBFA440623CB1C56279AFDF93374B20D13EC407B01610936FEAF71A782D782C582F8DE9C7D5F6B8E1F1A1FDF09425296139B73CE1CCD2EF94066BA605C6D7019412575D772754BE02F49F00F98A173401CD317AF48E9E929DE138DB272C02ED2007990E7C39885FBEBA9AD8D5C35384B458
310
790E5370DB9F84A9268676760DD2E9E4098C3E617D29DC26C021D8F43D8DB99F83A1A030812588F7FBEDD198AE2198C2223C8543901EFE2636BF44F053D28178D3D0505BF8EDA028E5304D3F3BE9EA03D80CA341A52A4DC673F80E7E0ABEB3E5E6E3A6607B1C907BE9D84BB2A731CD2199B633A481AEB9FCB7F527E1911FC2
310
648BC3D3D3DAA6008E39243C6EB4A86523D582845E80139E864BCD88957B0ADE1E8638264991C9F5B638152461C2FCED8B5FBA70EB597F2A1B280F9306D01ACB20B9078CA61C13632AB5550542AB2628581866D2020FA556FD6D11A53E8E9222E6A1F6B52936F98038C32D11A80A6ACAB095D72AB23BBADF171904AF56920B
310
0D48E9CF8A7069E11EC4B1367E19D9330C4934897D0A39189CA5F504ED800ABCCB3C6724DCFB340C8BC8DFD310F2881FE1F40CFD8E12D433D72379794ED8AE95A06E59CA27950D71C025B00A2495ADCA982F75CAC813E565A6C8672A1B683B641D6A4CBD33E982678A1640953196863FBA1939BDC5C01CCE6E1CD31B799E39
310
F3E6AEB9F286DE6235EB8F9723202FAD4420708A56F57C07AAE4658EE67FF943116D634C43B8C129E05DFAEEBDC89EB73684467BE68EC777A381632EFBF381E9CD87AE39734633D35B8D07F3D16A361E3B7736235952B0806476CF767C6592697C38C755154B79D602F9E15B420A65CDF564A7F4D514E67F1C439B394153E2
310
7F358856B1ABA520EC1A44F9A3CD108A83479EA2FC00AABE56F76904D1261F6D71EE8D71D9B1FA8EF8B8EEB8E78C7B37E3C1A063D81327FD70A46B932180CEB3C8FD24C501CDDB536A03998E2CBF29BB587D775062A3BE7B3D0478755EAD98BA9C9924533E8DF081F87BCCFB8A96507A4DE2D6AC7708932CA331C9445FF8AA
310
5E6CD0742C28BFF42CDD62B634F32392E3EFB158D16834BC00A279E843079BF319C2D53AA27201D9B39CA3C8FB6548F542FE173FC3511A96BDF1350CDC9E824075456D16CA99E6473C817DFA38F79D1D11A38E6BD42BF65545D1AAB526F5F177933F038FAA847E213CEA88EEC59635801C0D9F1B0843C381DB1F8E2A555C43
310
4B1D96F3DE2F2CA05B0D5EFC67420F0F9D8AD36E5AA9957965219E93085A5F9C17AC93C70E219A28DB5202C9C8D07089DA496F2C2845CFA7BA3E384C347DE74AE2DA3150BBD21866639D04792545AB110B5D8839201F77BDC1B3153657A9FE70C4FCE55576DDFD22280EBBE05095C032FE6875786BA5AED550D933CE0308A5
310
1BF16BCEC1237664776AE634726D65BDAA69AF55DC6B1E522398F2621E69EFF945F81583AAA1E3CEEC0F65A16797EB6B9EDA2C18689FF8D098D6697DFEB069508195CE4F7FE11891E70605B9BAE01DF40552DFD6A73941838294E8DBFAC2E3FF892E4429B0D68DC004394B420A837CB243079240FE865145870E8545241379
310
F9D4D9A8B7081D9E7E2AE7B039DE86AA2F0A1E300CB343D9BF15010C522167DE1A721DFD06A3533EBD14032DEB115A3719C30C54307A6B80C5E6143A346B0B2330317014D41B234E706C1C1F78C62F9FAAFE3F3DF6AA63ABF674C1454AA6391394C2A978B700755F79633AF97ED1153B08E770B92DF24A98D3C2491A09827A
310
89500A0793C24709EF114A8ACB72B996D8A335B19DA6F917EDA0A46AE6981DC448BE6693B3E5179B4FD3D79F511A1607AECE4B1DB346C9E49D7A589493AB0918861433C5BC8A5CBCB3BFB0045E4B456845C108D0EFC79BE11FF62289A2242E97EC997CB985360FF0AA6A67AB3121B4FE4ECFB5C5E440BE0AF0B7382316DE65
310
8FB000AA6594CF534B883503A8A269CD009446B82EE0316DFF7A896475549BAAD4C32E8747BC0740E048FCFD0F779BFA86DAD0127C01B812374F176A616233189C4FFF05504B0304140006080800095765516B3CE414E1000000550100003C0000006662782F41313939453735302D443342352D344236312D413037412D34
310
46393542374641393930452F7265736F75726365732F322F636E782E786D6C4D90D16A032110457F45843EAEAB0B2921B8E627F2D49760DD8995EC3ACBA825F9FB6A6AA14F33DC7B18EE5C7D7E6C2BFB064A01E3CC95909C4174B884E8675EF26D387276369A10F33F8CB36837987993B9D19EB0EC5D5AE066CBDAD435C47B
310
17E5D543040AEEBA47CF995B6D4A334FEE0B362B6CC9B840BA8BC5662B94204858C8413D91C306FD8423B019166E2639C941A9411E2E4A9E0EEF2775FCD063238DFE445C3B1F6206C2FD6D920EEB1A6B22A9C706185D2874AABD518DBF78A2C6D363B58D4E996A071DCBCFBD6261B31EC617F2EB1A3DB627EB783550672BC4
310
FC00504B030414000608080009576551FF15A4A45D000000800000003A0000006662782F41313939453735302D443342352D344236312D413037412D3446393542374641393930452F7265736F75726365732F636E782E786D6C4D8B3B0E80201005AF42B6F75B59F0390B113044D83508C6E30BC6C26AF226F3B8BA636097
310
4DA7271430F523308B2B198F9B80925DB700539227A2FCCB80A18E5640D320F996A81C9F32D6E9129A0D1EF74FCE750E6D57BC7165FBCA07504B030414000608080009576551E44CF94A4201000056050000300000006662782F41313939453735302D443342352D344236312D413037412D3446393542374641393930452F
310
636E782E786D6CCD944D6AC3301085AF62045DFA478694106405BAE809BA28DDC9F2C455634B461A97E6F61DA54AD25242BB08243B31FA04EFCD3C8D587F8C43F60E3E18671BC68B8A6560B5EB8CED1B36E3265FB26C2D85770EBF612CB36A8486C53293A2F76E9E52A9838D9A87581D8CDDA6A242F4A69D1102CBF4A04268
310
58D0AF30AA42CDE83A08DBA253A80A5E78086EF61AE83D9A11D27BED4121744CD6555DE59CE7D5E28957ABC5FD8A2F5F441949295AE786C41B8BE0DD745757DAD1D1929C4A94119062F62651D10393276D456BAC28E95E8A407A6D9F38DC4D919BA6C16885D4A8D26904CC0902358AF20B96A28C8E7FF87E7C783E69A05367
310
3C68747E77B536F0736D384A2B2811FFEBC21EFCCBBC6BDFC8F2F5E67ED670127631BB87E4068AEEEF24509E94ED875BFC00476997CF3F2D1634FA164D1F945DC873B95F8134F8B811E527504B03041400060808000957655173703D217E000000A30000000B0000006662782F636E782E786D6C4D8CD10AC22018465F45FE
310
7B4BD9CC0475286DEF319A1BD2A661337AFC3476D1D50787EF1CD97DB615BD5D7AF91814D01301E4C23D4E3E2C0AF23EE32BA04ECB14E3FE770314C6CD29A818B45C52CCCF034D6E1EF35AE9EAC3E380860AD17346F0ADB10CB7F642B121DCE07610CCF2C10841FA629CAB52E6D72B5BF3FA0B504B03041400060808000957
310
6551A6D797065F0000008200000007000000636E782E786D6C4DCB3B0E80201045D1AD90E9FD7516806B51190811670C8A61F982B1B0BAC9C97B72CA7B1037C6D3332918DA1E04D2CAC69353902EDB8C20262D23F3F59B81A079470595414B17391D1F19B4730A5583A7ED43BBE4025D9592775E5ADFFA01504B0304140006
310
08080009576551ECFD112DA800000026010000130000005B436F6E74656E745F54797065735D2E786D6C7D4F4B0EC22010BD0A61DF525D18634ABB506FE00510A79458060253536F2FD89D5197F3FED3F68B9BD80362B21E25DFD40D6780DADF2C1AC9671AAA3D677DD75E9E0112CB5A4C928F44E12044D22338956A1F0033
310
33F8E814E5331A1194BE2B0362DB343BA13D122055543278D79E6050F344ECBC6478EDCD76CE8EABAE5449AE4298AC56946789C28AAFBEABC53F3EAF09A84A1441B91F0101CD4780756578C173A578FFDDBD00504B0304140006080800095765513DEE336E64000000790000001B0000006175746F6465736B2D6465736967
310
6E2D7061636B6167652E786D6C35CBC10E83200C00D05F21DCA56CA76D41FC96062B120735B69A7DBE268BB7777961F8D5AF396893C2ADB70FE7ADA196782C2DF776D7A97B5933C430F15651E5469C55D70F80A4992A3ADC954792C525AE70A1E4D6AD9816CC044FEFDF01FE3FDE907802504B030414000608080009576551
310
498E98E9F40000008E0100003D0000006662782F41313939453735302D443342352D344236312D413037412D3446393542374641393930452F7265736F75726365732F322F636F72652E786D6C8550CB6E833010FC15B477834D122091719480F8829E7AB36C875A0936F2A3EAE7D74EA8D49E7ADAD5ECCCECEED0F3D7F228
310
3E95F3DA9A1E4889A1504658A9CDDC430C37D4417166D4591B7ED1A0307C513D6418189D9D8DEB06096B8232193556AA0DE4DEAB008578A4A6072F3ED4C24B1E4362F87BB97271E7B32A49F9E2311AA3969B54CBE4A66F5A3960ED7E3A8ED7CB8806726DD17EC047D44D6487483335E3308E6D7BE96895C58C06BDFC6C174E
310
F1A024B01AD7181182F0E18DE0D3A13991EE9D5699C9A80F2EFDBC2DCDDF253AAD5EE81FB7B8CAFFDDA23661576F6E2F850746D271CF01A3554E27956774A9E624D937504B0304140006080800095765515673E39AF9000000960100003B0000006662782F41313939453735302D443342352D344236312D413037412D3446
310
393542374641393930452F7265736F75726365732F636F72652E786D6C8550CB6E833010FC15B47703260990C8384A407C414FBD596643AD041BF951F5F36B27546A4F3DED6A76667677D8F96B79649F689D32BA039A9790A19666527AEE20F81B69213B73668DF1BF689069B160070906CE666BC2BA41D2688F3AA1DA4CB8
310
81C239F490C9476C3A70F20317918BE023C3DDF355C8BB9831A7F98BC759086ADAA46A8A6EEAA6D0026FF6E371B85E06D2D36B43F67D7924ED487784D6633DF4C3D03497961549CC9957CBCF766951789C80576555124A497978A3E5E9509F68FBCE8AC4E4CC791B7FDE96A6EF805B742658898E15AFE91FD7B04EFFBB06A5
310
FDAEDA5C5F0A079CC6239F03CE8A94522CCF08634D89F26F504B03041400060808000957655151554A79F2000000B1010000310000006662782F41313939453735302D443342352D344236312D413037412D3446393542374641393930452F636F72652E786D6C8D50CB6EC32010FC156BEFD8E0C4711C61225B4DBEA0A7DE
310
10101725068B47D5CF2FC4AED4DE725A343BC3CC0E3D7FCF8FE24B39AFADE98194180A658495DA4C3DC470434728CE8C3A6BC31F1A1486CFAA870C03A393B371D920614D5026A3C64AB581DC7B15A0108FF4E8C18B4F35F392C79018FE5E2E5CDCF9A44A52AE3C46839E7FA5C2291E940456E31A2342106EDE093E35871339
310
7ED02A33198D51CBCD4ACBE4AE6F5A396003E9BA4BDB60F4B61B1BB41F0F040DB81DD0FEDA35637B1DBA0E5F6895C58CFAE0D2CDDB27F9BA57E5ABF05FE6B8C817326B1376F566B82A3C3092F23C178C56B9C0349EEDA699CB663F504B03041400060808000957655108785DBE54010000DD0200000C0000006662782F636F
310
72652E786D6C8D52DB8E832014FC15C33B2AF6A26D90A6ADE917ECD3BE51A42EA9824130FDFC052F717DD8EEC604C99C7366CE4CC0A75753073DD79D503207288C41C02553A590550EAC79C00C042782B552E6471B08246D780E3C0C08AEB4B2ED0431250D971E95AAE41348BB8E1B10B0DA5D72D0B12FDED0905AE33ABA67
310
D852F6A4150F5138F6116CAD28A751513A36F1105C03926E6F87E2722EE0155D52B8BDC60798DDD006A2FD6D5F5C8B224DCF198EFC30C14634B33AD39C1A5E0292C4490C1182F1EE03C5C7DDFE88B24F1CF94E823BA39DE749D4BB03E4717FE168C4577CB62DFFE6B3429A4D32F18D131D20C8AD3714088E7C3EEE3784B7CE
310
D009BBFC0CBDD7B385A7837ACE8CD25B5729955D4A3DAD2D77D471307C381AAB8E7920F88D2779C3F39EC3054565E556A3C65DEFD678F5F54E2DD7B037AF402ADDD07A596E5C713917A195A5799CA95AE9FF4CCF56E73023FF30C937504B030414000608080009576551DED6323708010000B201000008000000636F72652E
310
786D6C8D50C18E832014FC15F2EE28D8566D8334ADC62FD8D3DE58A19654C10836BB7FBF50DD64F7B6A74766E6BD19869D3FC7013DD5ECB43515D0840052A6B3529BBE82C5DF7009E8CCD96CADFF250364C4A82A883070D6CF769936A8B3C62B135163A5DA40E19CF280BA213C2A70DD5D8D22118B0F0AF74826D13D44AF12
310
9AAC3ACEBC1E7F56BB5909AF24F08C6404538AC9E18D92D3213FD1F29DA551C9D9B268B9596919DCF54DAB1978B16F8FCDF5D2E09A5E0BBCAFC911972DDD619AB77953374D515C4A96C665CE9C9FC39FB72321A7474E3CA32F4B578AB30F6B874D10424964CDF0059CB034127F422F93FC47686DFC2EDB0EAE1B0E380D815E
310
44308E0D86F1AA37CCD836FF06504B01021400140006080800095765510000000000000000000000003700000000000000000000000000000000006662782F41313939453735302D443342352D344236312D413037412D3446393542374641393930452F617474726962757465732E62696E504B0102140014000608080009
310
5765510000000000000000000000003500000000000000000000000000550000006662782F41313939453735302D443342352D344236312D413037412D3446393542374641393930452F76657274696365732E62696E504B0102140014000608080009576551F270F133060000000400000036000000000000000000000000
310
00A80000006662782F41313939453735302D443342352D344236312D413037412D3446393542374641393930452F747269616E676C65732E62696E504B0102140014000608080009576551B5A795FFE3790000DE7900004200000000000000000000000000020100006662782F41313939453735302D443342352D34423631
310
2D413037412D3446393542374641393930452F7265736F75726365732F322F305F67656E657269632E706E67504B010214001400060808000957655151464CB489000000430100003600000000000000000000000000457B00006662782F41313939453735302D443342352D344236312D413037412D344639354237464139
310
3930452F6469726563746F72792E786D6C504B0102140014000608080009576551F5D93F9B47070000541C00003400000000000000000000000000227C00006662782F41313939453735302D443342352D344236312D413037412D3446393542374641393930452F6F626A656374732E786D6C504B01021400140006080800
310
095765516B3CE414E1000000550100003C00000000000000000000000000BB8300006662782F41313939453735302D443342352D344236312D413037412D3446393542374641393930452F7265736F75726365732F322F636E782E786D6C504B0102140014000608080009576551FF15A4A45D000000800000003A00000000
310
000000000000000000F68400006662782F41313939453735302D443342352D344236312D413037412D3446393542374641393930452F7265736F75726365732F636E782E786D6C504B0102140014000608080009576551E44CF94A42010000560500003000000000000000000000000000AB8500006662782F413139394537
310
35302D443342352D344236312D413037412D3446393542374641393930452F636E782E786D6C504B010214001400060808000957655173703D217E000000A30000000B000000000000000000000000003B8700006662782F636E782E786D6C504B0102140014000608080009576551A6D797065F0000008200000007000000
310
00000000000000000000E2870000636E782E786D6C504B0102140014000608080009576551ECFD112DA8000000260100001300000000000000000000000000668800005B436F6E74656E745F54797065735D2E786D6C504B01021400140006080800095765513DEE336E64000000790000001B000000000000000000000000
310
003F8900006175746F6465736B2D64657369676E2D7061636B6167652E786D6C504B0102140014000608080009576551498E98E9F40000008E0100003D00000000000000000000000000DC8900006662782F41313939453735302D443342352D344236312D413037412D3446393542374641393930452F7265736F75726365
310
732F322F636F72652E786D6C504B01021400140006080800095765515673E39AF9000000960100003B000000000000000000000000002B8B00006662782F41313939453735302D443342352D344236312D413037412D3446393542374641393930452F7265736F75726365732F636F72652E786D6C504B0102140014000608
310
08000957655151554A79F2000000B101000031000000000000000000000000007D8C00006662782F41313939453735302D443342352D344236312D413037412D3446393542374641393930452F636F72652E786D6C504B010214001400060808000957655108785DBE54010000DD0200000C00000000000000000000000000
310
BE8D00006662782F636F72652E786D6C504B0102140014000608080009576551DED6323708010000B201000008000000000000000000000000003C8F0000636F72652E786D6C504B050600000000120012002D0600006A9000000000
  0
XRECORD
  5
176
102
{ACAD_REACTORS
330
173
102
}
330
173
100
AcDbXrecord
280
1
270
1
271
1
  0
XRECORD
  5
177
102
{ACAD_REACTORS
330
173
102
}
330
173
100
AcDbXrecord
280
1
270
1
271
1
  0
XRECORD
  5
24D9B
102
{ACAD_REACTORS
330
24D9A
102
}
330
24D9A
100
AcDbXrecord
280
1
102
DISPLAYNAME
  1
Imperial24
102
FLAGS
 90
0
  0
XRECORD
  5
24D97
102
{ACAD_REACTORS
330
24D96
102
}
330
24D96
100
AcDbXrecord
280
1
102
DISPLAYNAME
  1
Metric50
102
FLAGS
 90
0
  0
CELLSTYLEMAP
  5
24D54
102
{ACAD_REACTORS
330
162
102
}
330
162
100
AcDbCellStyleMap
 90
3
300
CELLSTYLE
  1
TABLEFORMAT_BEGIN
 90
5
170
1
 91
0
 92
32768
 62
257
 93
1
300
CONTENTFORMAT
  1
CONTENTFORMAT_BEGIN
 90
0
 91
0
 92
512
 93
0
300

 40
0.0
140
1.0
 94
5
 62
0
340
11
144
6.0
309
CONTENTFORMAT_END
171
1
301
MARGIN
  1
CELLMARGIN_BEGIN
 40
1.5
 40
1.5
 40
1.5
 40
1.5
 40
4.5
 40
4.5
309
CELLMARGIN_END
 94
6
 95
1
302
GRIDFORMAT
  1
GRIDFORMAT_BEGIN
 90
0
 91
1
 62
0
 92
-2
340
14
 93
0
 40
1.125
309
GRIDFORMAT_END
 95
2
302
GRIDFORMAT
  1
GRIDFORMAT_BEGIN
 90
0
 91
1
 62
0
 92
-2
340
14
 93
0
 40
1.125
309
GRIDFORMAT_END
 95
4
302
GRIDFORMAT
  1
GRIDFORMAT_BEGIN
 90
0
 91
1
 62
0
 92
-2
340
14
 93
0
 40
1.125
309
GRIDFORMAT_END
 95
8
302
GRIDFORMAT
  1
GRIDFORMAT_BEGIN
 90
0
 91
1
 62
0
 92
-2
340
14
 93
0
 40
1.125
309
GRIDFORMAT_END
 95
16
302
GRIDFORMAT
  1
GRIDFORMAT_BEGIN
 90
0
 91
1
 62
0
 92
-2
340
14
 93
0
 40
1.125
309
GRIDFORMAT_END
 95
32
302
GRIDFORMAT
  1
GRIDFORMAT_BEGIN
 90
0
 91
1
 62
0
 92
-2
340
14
 93
0
 40
1.125
309
GRIDFORMAT_END
309
TABLEFORMAT_END
  1
CELLSTYLE_BEGIN
 90
1
 91
1
300
_TITLE
309
CELLSTYLE_END
300
CELLSTYLE
  1
TABLEFORMAT_BEGIN
 90
5
170
1
 91
0
 92
0
 62
257
 93
1
300
CONTENTFORMAT
  1
CONTENTFORMAT_BEGIN
 90
0
 91
0
 92
512
 93
0
300

 40
0.0
140
1.0
 94
5
 62
0
340
11
144
4.5
309
CONTENTFORMAT_END
171
1
301
MARGIN
  1
CELLMARGIN_BEGIN
 40
1.5
 40
1.5
 40
1.5
 40
1.5
 40
4.5
 40
4.5
309
CELLMARGIN_END
 94
6
 95
1
302
GRIDFORMAT
  1
GRIDFORMAT_BEGIN
 90
0
 91
1
 62
0
 92
-2
340
14
 93
0
 40
1.125
309
GRIDFORMAT_END
 95
2
302
GRIDFORMAT
  1
GRIDFORMAT_BEGIN
 90
0
 91
1
 62
0
 92
-2
340
14
 93
0
 40
1.125
309
GRIDFORMAT_END
 95
4
302
GRIDFORMAT
  1
GRIDFORMAT_BEGIN
 90
0
 91
1
 62
0
 92
-2
340
14
 93
0
 40
1.125
309
GRIDFORMAT_END
 95
8
302
GRIDFORMAT
  1
GRIDFORMAT_BEGIN
 90
0
 91
1
 62
0
 92
-2
340
14
 93
0
 40
1.125
309
GRIDFORMAT_END
 95
16
302
GRIDFORMAT
  1
GRIDFORMAT_BEGIN
 90
0
 91
1
 62
0
 92
-2
340
14
 93
0
 40
1.125
309
GRIDFORMAT_END
 95
32
302
GRIDFORMAT
  1
GRIDFORMAT_BEGIN
 90
0
 91
1
 62
0
 92
-2
340
14
 93
0
 40
1.125
309
GRIDFORMAT_END
309
TABLEFORMAT_END
  1
CELLSTYLE_BEGIN
 90
2
 91
1
300
_HEADER
309
CELLSTYLE_END
300
CELLSTYLE
  1
TABLEFORMAT_BEGIN
 90
5
170
1
 91
0
 92
0
 62
257
 93
1
300
CONTENTFORMAT
  1
CONTENTFORMAT_BEGIN
 90
0
 91
0
 92
512
 93
0
300

 40
0.0
140
1.0
 94
2
 62
0
340
11
144
4.5
309
CONTENTFORMAT_END
171
1
301
MARGIN
  1
CELLMARGIN_BEGIN
 40
1.5
 40
1.5
 40
1.5
 40
1.5
 40
4.5
 40
4.5
309
CELLMARGIN_END
 94
6
 95
1
302
GRIDFORMAT
  1
GRIDFORMAT_BEGIN
 90
0
 91
1
 62
0
 92
-2
340
14
 93
0
 40
1.125
309
GRIDFORMAT_END
 95
2
302
GRIDFORMAT
  1
GRIDFORMAT_BEGIN
 90
0
 91
1
 62
0
 92
-2
340
14
 93
0
 40
1.125
309
GRIDFORMAT_END
 95
4
302
GRIDFORMAT
  1
GRIDFORMAT_BEGIN
 90
0
 91
1
 62
0
 92
-2
340
14
 93
0
 40
1.125
309
GRIDFORMAT_END
 95
8
302
GRIDFORMAT
  1
GRIDFORMAT_BEGIN
 90
0
 91
1
 62
0
 92
-2
340
14
 93
0
 40
1.125
309
GRIDFORMAT_END
 95
16
302
GRIDFORMAT
  1
GRIDFORMAT_BEGIN
 90
0
 91
1
 62
0
 92
-2
340
14
 93
0
 40
1.125
309
GRIDFORMAT_END
 95
32
302
GRIDFORMAT
  1
GRIDFORMAT_BEGIN
 90
0
 91
1
 62
0
 92
-2
340
14
 93
0
 40
1.125
309
GRIDFORMAT_END
309
TABLEFORMAT_END
  1
CELLSTYLE_BEGIN
 90
3
 91
2
300
_DATA
309
CELLSTYLE_END
  0
XRECORD
  5
24D6D
102
{ACAD_REACTORS
330
24D6C
102
}
330
24D6C
100
AcDbXrecord
280
1
102
RTVSPost2010Prop28
280
1
102
RTVSPost2010PropOp28
 70
1
102
RTVSPost2010Prop29
280
1
102
RTVSPost2010PropOp29
 70
1
102
RTVSPost2010Prop30
280
0
102
RTVSPost2010PropOp30
 70
1
102
RTVSPost2010Prop31
280
0
102
RTVSPost2010PropOp31
 70
1
102
RTVSPost2010Prop32
280
0
102
RTVSPost2010PropOp32
 70
1
102
RTVSPost2010Prop33
280
0
102
RTVSPost2010PropOp33
 70
1
102
RTVSPost2010Prop34
280
0
102
RTVSPost2010PropOp34
 70
1
102
RTVSPost2010Prop35
280
0
102
RTVSPost2010PropOp35
 70
1
102
RTVSPost2010Prop36
280
0
102
RTVSPost2010PropOp36
 70
1
102
RTVSPost2010Prop37
 90
50
102
RTVSPost2010PropOp37
 70
1
102
RTVSPost2010Prop38
140
0.0
102
RTVSPost2010PropOp38
 70
1
102
RTVSPost2010Prop39
140
1.0
102
RTVSPost2010PropOp39
 70
1
102
RTVSPost2010Prop40
 90
0
102
RTVSPost2010PropOp40
 70
1
102
RTVSPost2010Prop41ColorIndex
 90
18
102
RTVSPost2010Prop41ColorRGB
 90
0
102
RTVSPost2010PropOp41
 70
1
102
RTVSPost2010Prop42
 90
50
102
RTVSPost2010PropOp42
 70
1
102
RTVSPost2010Prop43
 90
3
102
RTVSPost2010PropOp43
 70
1
102
RTVSPost2010Prop44ColorIndex
 90
5
102
RTVSPost2010Prop44ColorRGB
 90
255
102
RTVSPost2010PropOp44
 70
1
102
RTVSPost2010Prop45
280
0
102
RTVSPost2010PropOp45
 70
1
102
RTVSPost2010Prop46
 90
50
102
RTVSPost2010PropOp46
 70
1
102
RTVSPost2010Prop47
 90
50
102
RTVSPost2010PropOp47
 70
1
102
RTVSPost2010Prop48
 90
50
102
RTVSPost2010PropOp48
 70
1
102
RTVSPost2010Prop49
280
0
102
RTVSPost2010PropOp49
 70
1
102
RTVSPost2010Prop50
 90
50
102
RTVSPost2010PropOp50
 70
1
102
RTVSPost2010Prop51ColorIndex
 90
256
102
RTVSPost2010Prop51ColorRGB
 90
-16777216
102
RTVSPost2010PropOp51
 70
0
102
RTVSPost2010Prop52
140
1.0
102
RTVSPost2010PropOp52
 70
0
102
RTVSPost2010Prop53
 90
2
102
RTVSPost2010PropOp53
 70
1
102
RTVSPost2010Prop54
  1
strokes_ogs.tif
102
RTVSPost2010PropOp54
 70
1
102
RTVSPost2010Prop55
280
0
102
RTVSPost2010PropOp55
 70
1
102
RTVSPost2010Prop56
140
1.0
102
RTVSPost2010PropOp56
 70
1
102
RTVSPost2010Prop57
140
1.0
102
RTVSPost2010PropOp57
 70
1
  0
XRECORD
  5
24D71
102
{ACAD_REACTORS
330
24D70
102
}
330
24D70
100
AcDbXrecord
280
1
102
RTVSPost2010Prop28
280
0
102
RTVSPost2010PropOp28
 70
1
102
RTVSPost2010Prop29
280
1
102
RTVSPost2010PropOp29
 70
1
102
RTVSPost2010Prop30
280
1
102
RTVSPost2010PropOp30
 70
1
102
RTVSPost2010Prop31
280
0
102
RTVSPost2010PropOp31
 70
1
102
RTVSPost2010Prop32
280
0
102
RTVSPost2010PropOp32
 70
1
102
RTVSPost2010Prop33
280
0
102
RTVSPost2010PropOp33
 70
1
102
RTVSPost2010Prop34
280
0
102
RTVSPost2010PropOp34
 70
1
102
RTVSPost2010Prop35
280
0
102
RTVSPost2010PropOp35
 70
1
102
RTVSPost2010Prop36
280
0
102
RTVSPost2010PropOp36
 70
1
102
RTVSPost2010Prop37
 90
50
102
RTVSPost2010PropOp37
 70
1
102
RTVSPost2010Prop38
140
0.0
102
RTVSPost2010PropOp38
 70
1
102
RTVSPost2010Prop39
140
1.0
102
RTVSPost2010PropOp39
 70
1
102
RTVSPost2010Prop40
 90
0
102
RTVSPost2010PropOp40
 70
1
102
RTVSPost2010Prop41ColorIndex
 90
18
102
RTVSPost2010Prop41ColorRGB
 90
0
102
RTVSPost2010PropOp41
 70
1
102
RTVSPost2010Prop42
 90
50
102
RTVSPost2010PropOp42
 70
1
102
RTVSPost2010Prop43
 90
3
102
RTVSPost2010PropOp43
 70
1
102
RTVSPost2010Prop44ColorIndex
 90
5
102
RTVSPost2010Prop44ColorRGB
 90
255
102
RTVSPost2010PropOp44
 70
1
102
RTVSPost2010Prop45
280
0
102
RTVSPost2010PropOp45
 70
1
102
RTVSPost2010Prop46
 90
50
102
RTVSPost2010PropOp46
 70
1
102
RTVSPost2010Prop47
 90
50
102
RTVSPost2010PropOp47
 70
1
102
RTVSPost2010Prop48
 90
50
102
RTVSPost2010PropOp48
 70
1
102
RTVSPost2010Prop49
280
0
102
RTVSPost2010PropOp49
 70
1
102
RTVSPost2010Prop50
 90
50
102
RTVSPost2010PropOp50
 70
1
102
RTVSPost2010Prop51ColorIndex
 90
256
102
RTVSPost2010Prop51ColorRGB
 90
-16777216
102
RTVSPost2010PropOp51
 70
0
102
RTVSPost2010Prop52
140
1.0
102
RTVSPost2010PropOp52
 70
0
102
RTVSPost2010Prop53
 90
2
102
RTVSPost2010PropOp53
 70
1
102
RTVSPost2010Prop54
  1
strokes_ogs.tif
102
RTVSPost2010PropOp54
 70
1
102
RTVSPost2010Prop55
280
0
102
RTVSPost2010PropOp55
 70
1
102
RTVSPost2010Prop56
140
1.0
102
RTVSPost2010PropOp56
 70
1
102
RTVSPost2010Prop57
140
1.0
102
RTVSPost2010PropOp57
 70
1
  0
XRECORD
  5
24D6F
102
{ACAD_REACTORS
330
24D6E
102
}
330
24D6E
100
AcDbXrecord
280
1
102
RTVSPost2010Prop28
280
0
102
RTVSPost2010PropOp28
 70
1
102
RTVSPost2010Prop29
280
1
102
RTVSPost2010PropOp29
 70
1
102
RTVSPost2010Prop30
280
1
102
RTVSPost2010PropOp30
 70
1
102
RTVSPost2010Prop31
280
0
102
RTVSPost2010PropOp31
 70
1
102
RTVSPost2010Prop32
280
0
102
RTVSPost2010PropOp32
 70
1
102
RTVSPost2010Prop33
280
0
102
RTVSPost2010PropOp33
 70
1
102
RTVSPost2010Prop34
280
0
102
RTVSPost2010PropOp34
 70
1
102
RTVSPost2010Prop35
280
0
102
RTVSPost2010PropOp35
 70
1
102
RTVSPost2010Prop36
280
0
102
RTVSPost2010PropOp36
 70
1
102
RTVSPost2010Prop37
 90
50
102
RTVSPost2010PropOp37
 70
1
102
RTVSPost2010Prop38
140
0.0
102
RTVSPost2010PropOp38
 70
1
102
RTVSPost2010Prop39
140
1.0
102
RTVSPost2010PropOp39
 70
1
102
RTVSPost2010Prop40
 90
0
102
RTVSPost2010PropOp40
 70
1
102
RTVSPost2010Prop41ColorIndex
 90
18
102
RTVSPost2010Prop41ColorRGB
 90
0
102
RTVSPost2010PropOp41
 70
1
102
RTVSPost2010Prop42
 90
50
102
RTVSPost2010PropOp42
 70
1
102
RTVSPost2010Prop43
 90
3
102
RTVSPost2010PropOp43
 70
1
102
RTVSPost2010Prop44ColorIndex
 90
5
102
RTVSPost2010Prop44ColorRGB
 90
255
102
RTVSPost2010PropOp44
 70
1
102
RTVSPost2010Prop45
280
0
102
RTVSPost2010PropOp45
 70
1
102
RTVSPost2010Prop46
 90
50
102
RTVSPost2010PropOp46
 70
1
102
RTVSPost2010Prop47
 90
50
102
RTVSPost2010PropOp47
 70
1
102
RTVSPost2010Prop48
 90
50
102
RTVSPost2010PropOp48
 70
1
102
RTVSPost2010Prop49
280
0
102
RTVSPost2010PropOp49
 70
1
102
RTVSPost2010Prop50
 90
50
102
RTVSPost2010PropOp50
 70
1
102
RTVSPost2010Prop51ColorIndex
 90
256
102
RTVSPost2010Prop51ColorRGB
 90
-16777216
102
RTVSPost2010PropOp51
 70
0
102
RTVSPost2010Prop52
140
1.0
102
RTVSPost2010PropOp52
 70
0
102
RTVSPost2010Prop53
 90
2
102
RTVSPost2010PropOp53
 70
1
102
RTVSPost2010Prop54
  1
strokes_ogs.tif
102
RTVSPost2010PropOp54
 70
1
102
RTVSPost2010Prop55
280
0
102
RTVSPost2010PropOp55
 70
1
102
RTVSPost2010Prop56
140
1.0
102
RTVSPost2010PropOp56
 70
1
102
RTVSPost2010Prop57
140
1.0
102
RTVSPost2010PropOp57
 70
1
  0
XRECORD
  5
24D6B
102
{ACAD_REACTORS
330
24D6A
102
}
330
24D6A
100
AcDbXrecord
280
1
102
RTVSPost2010Prop28
280
0
102
RTVSPost2010PropOp28
 70
1
102
RTVSPost2010Prop29
280
1
102
RTVSPost2010PropOp29
 70
1
102
RTVSPost2010Prop30
280
1
102
RTVSPost2010PropOp30
 70
1
102
RTVSPost2010Prop31
280
0
102
RTVSPost2010PropOp31
 70
1
102
RTVSPost2010Prop32
280
0
102
RTVSPost2010PropOp32
 70
1
102
RTVSPost2010Prop33
280
0
102
RTVSPost2010PropOp33
 70
1
102
RTVSPost2010Prop34
280
0
102
RTVSPost2010PropOp34
 70
1
102
RTVSPost2010Prop35
280
0
102
RTVSPost2010PropOp35
 70
1
102
RTVSPost2010Prop36
280
0
102
RTVSPost2010PropOp36
 70
1
102
RTVSPost2010Prop37
 90
50
102
RTVSPost2010PropOp37
 70
1
102
RTVSPost2010Prop38
140
0.0
102
RTVSPost2010PropOp38
 70
1
102
RTVSPost2010Prop39
140
1.0
102
RTVSPost2010PropOp39
 70
1
102
RTVSPost2010Prop40
 90
0
102
RTVSPost2010PropOp40
 70
1
102
RTVSPost2010Prop41ColorIndex
 90
18
102
RTVSPost2010Prop41ColorRGB
 90
0
102
RTVSPost2010PropOp41
 70
1
102
RTVSPost2010Prop42
 90
50
102
RTVSPost2010PropOp42
 70
1
102
RTVSPost2010Prop43
 90
3
102
RTVSPost2010PropOp43
 70
1
102
RTVSPost2010Prop44ColorIndex
 90
5
102
RTVSPost2010Prop44ColorRGB
 90
255
102
RTVSPost2010PropOp44
 70
1
102
RTVSPost2010Prop45
280
0
102
RTVSPost2010PropOp45
 70
1
102
RTVSPost2010Prop46
 90
50
102
RTVSPost2010PropOp46
 70
1
102
RTVSPost2010Prop47
 90
50
102
RTVSPost2010PropOp47
 70
1
102
RTVSPost2010Prop48
 90
50
102
RTVSPost2010PropOp48
 70
1
102
RTVSPost2010Prop49
280
0
102
RTVSPost2010PropOp49
 70
1
102
RTVSPost2010Prop50
 90
50
102
RTVSPost2010PropOp50
 70
1
102
RTVSPost2010Prop51ColorIndex
 90
256
102
RTVSPost2010Prop51ColorRGB
 90
-16777216
102
RTVSPost2010PropOp51
 70
0
102
RTVSPost2010Prop52
140
1.0
102
RTVSPost2010PropOp52
 70
0
102
RTVSPost2010Prop53
 90
2
102
RTVSPost2010PropOp53
 70
1
102
RTVSPost2010Prop54
  1
strokes_ogs.tif
102
RTVSPost2010PropOp54
 70
1
102
RTVSPost2010Prop55
280
0
102
RTVSPost2010PropOp55
 70
1
102
RTVSPost2010Prop56
140
1.0
102
RTVSPost2010PropOp56
 70
1
102
RTVSPost2010Prop57
140
1.0
102
RTVSPost2010PropOp57
 70
1
  0
XRECORD
  5
24D79
102
{ACAD_REACTORS
330
24D78
102
}
330
24D78
100
AcDbXrecord
280
1
102
RTVSPost2010Prop28
280
0
102
RTVSPost2010PropOp28
 70
1
102
RTVSPost2010Prop29
280
1
102
RTVSPost2010PropOp29
 70
1
102
RTVSPost2010Prop30
280
1
102
RTVSPost2010PropOp30
 70
1
102
RTVSPost2010Prop31
280
0
102
RTVSPost2010PropOp31
 70
1
102
RTVSPost2010Prop32
280
0
102
RTVSPost2010PropOp32
 70
1
102
RTVSPost2010Prop33
280
0
102
RTVSPost2010PropOp33
 70
1
102
RTVSPost2010Prop34
280
0
102
RTVSPost2010PropOp34
 70
1
102
RTVSPost2010Prop35
280
0
102
RTVSPost2010PropOp35
 70
1
102
RTVSPost2010Prop36
280
0
102
RTVSPost2010PropOp36
 70
1
102
RTVSPost2010Prop37
 90
50
102
RTVSPost2010PropOp37
 70
1
102
RTVSPost2010Prop38
140
0.0
102
RTVSPost2010PropOp38
 70
1
102
RTVSPost2010Prop39
140
1.0
102
RTVSPost2010PropOp39
 70
1
102
RTVSPost2010Prop40
 90
0
102
RTVSPost2010PropOp40
 70
1
102
RTVSPost2010Prop41ColorIndex
 90
18
102
RTVSPost2010Prop41ColorRGB
 90
0
102
RTVSPost2010PropOp41
 70
1
102
RTVSPost2010Prop42
 90
50
102
RTVSPost2010PropOp42
 70
1
102
RTVSPost2010Prop43
 90
3
102
RTVSPost2010PropOp43
 70
1
102
RTVSPost2010Prop44ColorIndex
 90
5
102
RTVSPost2010Prop44ColorRGB
 90
255
102
RTVSPost2010PropOp44
 70
1
102
RTVSPost2010Prop45
280
0
102
RTVSPost2010PropOp45
 70
1
102
RTVSPost2010Prop46
 90
50
102
RTVSPost2010PropOp46
 70
1
102
RTVSPost2010Prop47
 90
50
102
RTVSPost2010PropOp47
 70
1
102
RTVSPost2010Prop48
 90
50
102
RTVSPost2010PropOp48
 70
1
102
RTVSPost2010Prop49
280
0
102
RTVSPost2010PropOp49
 70
1
102
RTVSPost2010Prop50
 90
50
102
RTVSPost2010PropOp50
 70
1
102
RTVSPost2010Prop51ColorIndex
 90
256
102
RTVSPost2010Prop51ColorRGB
 90
-16777216
102
RTVSPost2010PropOp51
 70
0
102
RTVSPost2010Prop52
140
1.0
102
RTVSPost2010PropOp52
 70
0
102
RTVSPost2010Prop53
 90
2
102
RTVSPost2010PropOp53
 70
1
102
RTVSPost2010Prop54
  1
strokes_ogs.tif
102
RTVSPost2010PropOp54
 70
1
102
RTVSPost2010Prop55
280
0
102
RTVSPost2010PropOp55
 70
1
102
RTVSPost2010Prop56
140
1.0
102
RTVSPost2010PropOp56
 70
1
102
RTVSPost2010Prop57
140
1.0
102
RTVSPost2010PropOp57
 70
1
  0
XRECORD
  5
24D81
102
{ACAD_REACTORS
330
24D80
102
}
330
24D80
100
AcDbXrecord
280
1
102
RTVSPost2010Prop28
280
0
102
RTVSPost2010PropOp28
 70
1
102
RTVSPost2010Prop29
280
1
102
RTVSPost2010PropOp29
 70
1
102
RTVSPost2010Prop30
280
1
102
RTVSPost2010PropOp30
 70
1
102
RTVSPost2010Prop31
280
0
102
RTVSPost2010PropOp31
 70
1
102
RTVSPost2010Prop32
280
0
102
RTVSPost2010PropOp32
 70
1
102
RTVSPost2010Prop33
280
0
102
RTVSPost2010PropOp33
 70
1
102
RTVSPost2010Prop34
280
0
102
RTVSPost2010PropOp34
 70
1
102
RTVSPost2010Prop35
280
0
102
RTVSPost2010PropOp35
 70
1
102
RTVSPost2010Prop36
280
0
102
RTVSPost2010PropOp36
 70
1
102
RTVSPost2010Prop37
 90
50
102
RTVSPost2010PropOp37
 70
1
102
RTVSPost2010Prop38
140
0.0
102
RTVSPost2010PropOp38
 70
1
102
RTVSPost2010Prop39
140
1.0
102
RTVSPost2010PropOp39
 70
1
102
RTVSPost2010Prop40
 90
0
102
RTVSPost2010PropOp40
 70
1
102
RTVSPost2010Prop41ColorIndex
 90
18
102
RTVSPost2010Prop41ColorRGB
 90
0
102
RTVSPost2010PropOp41
 70
1
102
RTVSPost2010Prop42
 90
50
102
RTVSPost2010PropOp42
 70
1
102
RTVSPost2010Prop43
 90
3
102
RTVSPost2010PropOp43
 70
1
102
RTVSPost2010Prop44ColorIndex
 90
5
102
RTVSPost2010Prop44ColorRGB
 90
255
102
RTVSPost2010PropOp44
 70
1
102
RTVSPost2010Prop45
280
0
102
RTVSPost2010PropOp45
 70
1
102
RTVSPost2010Prop46
 90
50
102
RTVSPost2010PropOp46
 70
1
102
RTVSPost2010Prop47
 90
50
102
RTVSPost2010PropOp47
 70
1
102
RTVSPost2010Prop48
 90
50
102
RTVSPost2010PropOp48
 70
1
102
RTVSPost2010Prop49
280
0
102
RTVSPost2010PropOp49
 70
1
102
RTVSPost2010Prop50
 90
50
102
RTVSPost2010PropOp50
 70
1
102
RTVSPost2010Prop51ColorIndex
 90
256
102
RTVSPost2010Prop51ColorRGB
 90
-16777216
102
RTVSPost2010PropOp51
 70
0
102
RTVSPost2010Prop52
140
1.0
102
RTVSPost2010PropOp52
 70
0
102
RTVSPost2010Prop53
 90
2
102
RTVSPost2010PropOp53
 70
1
102
RTVSPost2010Prop54
  1
strokes_ogs.tif
102
RTVSPost2010PropOp54
 70
1
102
RTVSPost2010Prop55
280
0
102
RTVSPost2010PropOp55
 70
1
102
RTVSPost2010Prop56
140
1.0
102
RTVSPost2010PropOp56
 70
1
102
RTVSPost2010Prop57
140
1.0
102
RTVSPost2010PropOp57
 70
1
  0
XRECORD
  5
24D73
102
{ACAD_REACTORS
330
24D72
102
}
330
24D72
100
AcDbXrecord
280
1
102
RTVSPost2010Prop28
280
0
102
RTVSPost2010PropOp28
 70
1
102
RTVSPost2010Prop29
280
1
102
RTVSPost2010PropOp29
 70
1
102
RTVSPost2010Prop30
280
1
102
RTVSPost2010PropOp30
 70
1
102
RTVSPost2010Prop31
280
0
102
RTVSPost2010PropOp31
 70
1
102
RTVSPost2010Prop32
280
0
102
RTVSPost2010PropOp32
 70
1
102
RTVSPost2010Prop33
280
0
102
RTVSPost2010PropOp33
 70
1
102
RTVSPost2010Prop34
280
0
102
RTVSPost2010PropOp34
 70
1
102
RTVSPost2010Prop35
280
0
102
RTVSPost2010PropOp35
 70
1
102
RTVSPost2010Prop36
280
0
102
RTVSPost2010PropOp36
 70
1
102
RTVSPost2010Prop37
 90
50
102
RTVSPost2010PropOp37
 70
1
102
RTVSPost2010Prop38
140
0.0
102
RTVSPost2010PropOp38
 70
1
102
RTVSPost2010Prop39
140
1.0
102
RTVSPost2010PropOp39
 70
1
102
RTVSPost2010Prop40
 90
0
102
RTVSPost2010PropOp40
 70
1
102
RTVSPost2010Prop41ColorIndex
 90
18
102
RTVSPost2010Prop41ColorRGB
 90
0
102
RTVSPost2010PropOp41
 70
1
102
RTVSPost2010Prop42
 90
50
102
RTVSPost2010PropOp42
 70
1
102
RTVSPost2010Prop43
 90
3
102
RTVSPost2010PropOp43
 70
1
102
RTVSPost2010Prop44ColorIndex
 90
5
102
RTVSPost2010Prop44ColorRGB
 90
255
102
RTVSPost2010PropOp44
 70
1
102
RTVSPost2010Prop45
280
0
102
RTVSPost2010PropOp45
 70
1
102
RTVSPost2010Prop46
 90
50
102
RTVSPost2010PropOp46
 70
1
102
RTVSPost2010Prop47
 90
50
102
RTVSPost2010PropOp47
 70
1
102
RTVSPost2010Prop48
 90
50
102
RTVSPost2010PropOp48
 70
1
102
RTVSPost2010Prop49
280
0
102
RTVSPost2010PropOp49
 70
1
102
RTVSPost2010Prop50
 90
50
102
RTVSPost2010PropOp50
 70
1
102
RTVSPost2010Prop51ColorIndex
 90
256
102
RTVSPost2010Prop51ColorRGB
 90
-16777216
102
RTVSPost2010PropOp51
 70
0
102
RTVSPost2010Prop52
140
1.0
102
RTVSPost2010PropOp52
 70
0
102
RTVSPost2010Prop53
 90
2
102
RTVSPost2010PropOp53
 70
1
102
RTVSPost2010Prop54
  1
strokes_ogs.tif
102
RTVSPost2010PropOp54
 70
1
102
RTVSPost2010Prop55
280
0
102
RTVSPost2010PropOp55
 70
1
102
RTVSPost2010Prop56
140
1.0
102
RTVSPost2010PropOp56
 70
1
102
RTVSPost2010Prop57
140
1.0
102
RTVSPost2010PropOp57
 70
1
  0
XRECORD
  5
24D77
102
{ACAD_REACTORS
330
24D76
102
}
330
24D76
100
AcDbXrecord
280
1
102
RTVSPost2010Prop28
280
0
102
RTVSPost2010PropOp28
 70
1
102
RTVSPost2010Prop29
280
1
102
RTVSPost2010PropOp29
 70
1
102
RTVSPost2010Prop30
280
1
102
RTVSPost2010PropOp30
 70
1
102
RTVSPost2010Prop31
280
0
102
RTVSPost2010PropOp31
 70
1
102
RTVSPost2010Prop32
280
0
102
RTVSPost2010PropOp32
 70
1
102
RTVSPost2010Prop33
280
0
102
RTVSPost2010PropOp33
 70
1
102
RTVSPost2010Prop34
280
0
102
RTVSPost2010PropOp34
 70
1
102
RTVSPost2010Prop35
280
0
102
RTVSPost2010PropOp35
 70
1
102
RTVSPost2010Prop36
280
0
102
RTVSPost2010PropOp36
 70
1
102
RTVSPost2010Prop37
 90
50
102
RTVSPost2010PropOp37
 70
1
102
RTVSPost2010Prop38
140
0.0
102
RTVSPost2010PropOp38
 70
1
102
RTVSPost2010Prop39
140
1.0
102
RTVSPost2010PropOp39
 70
1
102
RTVSPost2010Prop40
 90
0
102
RTVSPost2010PropOp40
 70
1
102
RTVSPost2010Prop41ColorIndex
 90
18
102
RTVSPost2010Prop41ColorRGB
 90
0
102
RTVSPost2010PropOp41
 70
1
102
RTVSPost2010Prop42
 90
50
102
RTVSPost2010PropOp42
 70
1
102
RTVSPost2010Prop43
 90
3
102
RTVSPost2010PropOp43
 70
1
102
RTVSPost2010Prop44ColorIndex
 90
5
102
RTVSPost2010Prop44ColorRGB
 90
255
102
RTVSPost2010PropOp44
 70
1
102
RTVSPost2010Prop45
280
0
102
RTVSPost2010PropOp45
 70
1
102
RTVSPost2010Prop46
 90
50
102
RTVSPost2010PropOp46
 70
1
102
RTVSPost2010Prop47
 90
50
102
RTVSPost2010PropOp47
 70
1
102
RTVSPost2010Prop48
 90
50
102
RTVSPost2010PropOp48
 70
1
102
RTVSPost2010Prop49
280
0
102
RTVSPost2010PropOp49
 70
1
102
RTVSPost2010Prop50
 90
50
102
RTVSPost2010PropOp50
 70
1
102
RTVSPost2010Prop51ColorIndex
 90
256
102
RTVSPost2010Prop51ColorRGB
 90
-16777216
102
RTVSPost2010PropOp51
 70
0
102
RTVSPost2010Prop52
140
1.0
102
RTVSPost2010PropOp52
 70
0
102
RTVSPost2010Prop53
 90
2
102
RTVSPost2010PropOp53
 70
1
102
RTVSPost2010Prop54
  1
strokes_ogs.tif
102
RTVSPost2010PropOp54
 70
1
102
RTVSPost2010Prop55
280
0
102
RTVSPost2010PropOp55
 70
1
102
RTVSPost2010Prop56
140
1.0
102
RTVSPost2010PropOp56
 70
1
102
RTVSPost2010Prop57
140
1.0
102
RTVSPost2010PropOp57
 70
1
  0
XRECORD
  5
24D87
102
{ACAD_REACTORS
330
24D86
102
}
330
24D86
100
AcDbXrecord
280
1
102
RTVSPost2010Prop28
280
0
102
RTVSPost2010PropOp28
 70
1
102
RTVSPost2010Prop29
280
1
102
RTVSPost2010PropOp29
 70
1
102
RTVSPost2010Prop30
280
1
102
RTVSPost2010PropOp30
 70
1
102
RTVSPost2010Prop31
280
0
102
RTVSPost2010PropOp31
 70
1
102
RTVSPost2010Prop32
280
0
102
RTVSPost2010PropOp32
 70
1
102
RTVSPost2010Prop33
280
0
102
RTVSPost2010PropOp33
 70
1
102
RTVSPost2010Prop34
280
0
102
RTVSPost2010PropOp34
 70
1
102
RTVSPost2010Prop35
280
0
102
RTVSPost2010PropOp35
 70
1
102
RTVSPost2010Prop36
280
0
102
RTVSPost2010PropOp36
 70
1
102
RTVSPost2010Prop37
 90
50
102
RTVSPost2010PropOp37
 70
1
102
RTVSPost2010Prop38
140
0.0
102
RTVSPost2010PropOp38
 70
1
102
RTVSPost2010Prop39
140
1.0
102
RTVSPost2010PropOp39
 70
1
102
RTVSPost2010Prop40
 90
0
102
RTVSPost2010PropOp40
 70
1
102
RTVSPost2010Prop41ColorIndex
 90
18
102
RTVSPost2010Prop41ColorRGB
 90
0
102
RTVSPost2010PropOp41
 70
1
102
RTVSPost2010Prop42
 90
50
102
RTVSPost2010PropOp42
 70
1
102
RTVSPost2010Prop43
 90
3
102
RTVSPost2010PropOp43
 70
1
102
RTVSPost2010Prop44ColorIndex
 90
5
102
RTVSPost2010Prop44ColorRGB
 90
255
102
RTVSPost2010PropOp44
 70
1
102
RTVSPost2010Prop45
280
0
102
RTVSPost2010PropOp45
 70
1
102
RTVSPost2010Prop46
 90
50
102
RTVSPost2010PropOp46
 70
1
102
RTVSPost2010Prop47
 90
50
102
RTVSPost2010PropOp47
 70
1
102
RTVSPost2010Prop48
 90
50
102
RTVSPost2010PropOp48
 70
1
102
RTVSPost2010Prop49
280
0
102
RTVSPost2010PropOp49
 70
1
102
RTVSPost2010Prop50
 90
50
102
RTVSPost2010PropOp50
 70
1
102
RTVSPost2010Prop51ColorIndex
 90
256
102
RTVSPost2010Prop51ColorRGB
 90
-16777216
102
RTVSPost2010PropOp51
 70
0
102
RTVSPost2010Prop52
140
1.0
102
RTVSPost2010PropOp52
 70
0
102
RTVSPost2010Prop53
 90
2
102
RTVSPost2010PropOp53
 70
1
102
RTVSPost2010Prop54
  1
strokes_ogs.tif
102
RTVSPost2010PropOp54
 70
1
102
RTVSPost2010Prop55
280
0
102
RTVSPost2010PropOp55
 70
1
102
RTVSPost2010Prop56
140
1.0
102
RTVSPost2010PropOp56
 70
1
102
RTVSPost2010Prop57
140
1.0
102
RTVSPost2010PropOp57
 70
1
  0
XRECORD
  5
24D7F
102
{ACAD_REACTORS
330
24D7E
102
}
330
24D7E
100
AcDbXrecord
280
1
102
RTVSPost2010Prop28
280
0
102
RTVSPost2010PropOp28
 70
1
102
RTVSPost2010Prop29
280
1
102
RTVSPost2010PropOp29
 70
1
102
RTVSPost2010Prop30
280
1
102
RTVSPost2010PropOp30
 70
1
102
RTVSPost2010Prop31
280
0
102
RTVSPost2010PropOp31
 70
1
102
RTVSPost2010Prop32
280
0
102
RTVSPost2010PropOp32
 70
1
102
RTVSPost2010Prop33
280
0
102
RTVSPost2010PropOp33
 70
1
102
RTVSPost2010Prop34
280
0
102
RTVSPost2010PropOp34
 70
1
102
RTVSPost2010Prop35
280
0
102
RTVSPost2010PropOp35
 70
1
102
RTVSPost2010Prop36
280
0
102
RTVSPost2010PropOp36
 70
1
102
RTVSPost2010Prop37
 90
50
102
RTVSPost2010PropOp37
 70
1
102
RTVSPost2010Prop38
140
0.0
102
RTVSPost2010PropOp38
 70
1
102
RTVSPost2010Prop39
140
1.0
102
RTVSPost2010PropOp39
 70
1
102
RTVSPost2010Prop40
 90
0
102
RTVSPost2010PropOp40
 70
1
102
RTVSPost2010Prop41ColorIndex
 90
18
102
RTVSPost2010Prop41ColorRGB
 90
0
102
RTVSPost2010PropOp41
 70
1
102
RTVSPost2010Prop42
 90
50
102
RTVSPost2010PropOp42
 70
1
102
RTVSPost2010Prop43
 90
3
102
RTVSPost2010PropOp43
 70
1
102
RTVSPost2010Prop44ColorIndex
 90
5
102
RTVSPost2010Prop44ColorRGB
 90
255
102
RTVSPost2010PropOp44
 70
1
102
RTVSPost2010Prop45
280
0
102
RTVSPost2010PropOp45
 70
1
102
RTVSPost2010Prop46
 90
50
102
RTVSPost2010PropOp46
 70
1
102
RTVSPost2010Prop47
 90
50
102
RTVSPost2010PropOp47
 70
1
102
RTVSPost2010Prop48
 90
50
102
RTVSPost2010PropOp48
 70
1
102
RTVSPost2010Prop49
280
0
102
RTVSPost2010PropOp49
 70
1
102
RTVSPost2010Prop50
 90
50
102
RTVSPost2010PropOp50
 70
1
102
RTVSPost2010Prop51ColorIndex
 90
256
102
RTVSPost2010Prop51ColorRGB
 90
-16777216
102
RTVSPost2010PropOp51
 70
0
102
RTVSPost2010Prop52
140
1.0
102
RTVSPost2010PropOp52
 70
0
102
RTVSPost2010Prop53
 90
2
102
RTVSPost2010PropOp53
 70
1
102
RTVSPost2010Prop54
  1
strokes_ogs.tif
102
RTVSPost2010PropOp54
 70
1
102
RTVSPost2010Prop55
280
0
102
RTVSPost2010PropOp55
 70
1
102
RTVSPost2010Prop56
140
1.0
102
RTVSPost2010PropOp56
 70
1
102
RTVSPost2010Prop57
140
1.0
102
RTVSPost2010PropOp57
 70
1
  0
XRECORD
  5
24D63
102
{ACAD_REACTORS
330
24D62
102
}
330
24D62
100
AcDbXrecord
280
1
102
RTVSPost2010Prop28
280
0
102
RTVSPost2010PropOp28
 70
1
102
RTVSPost2010Prop29
280
1
102
RTVSPost2010PropOp29
 70
1
102
RTVSPost2010Prop30
280
1
102
RTVSPost2010PropOp30
 70
1
102
RTVSPost2010Prop31
280
0
102
RTVSPost2010PropOp31
 70
1
102
RTVSPost2010Prop32
280
0
102
RTVSPost2010PropOp32
 70
1
102
RTVSPost2010Prop33
280
0
102
RTVSPost2010PropOp33
 70
1
102
RTVSPost2010Prop34
280
0
102
RTVSPost2010PropOp34
 70
1
102
RTVSPost2010Prop35
280
0
102
RTVSPost2010PropOp35
 70
1
102
RTVSPost2010Prop36
280
0
102
RTVSPost2010PropOp36
 70
1
102
RTVSPost2010Prop37
 90
50
102
RTVSPost2010PropOp37
 70
1
102
RTVSPost2010Prop38
140
0.0
102
RTVSPost2010PropOp38
 70
1
102
RTVSPost2010Prop39
140
1.0
102
RTVSPost2010PropOp39
 70
1
102
RTVSPost2010Prop40
 90
0
102
RTVSPost2010PropOp40
 70
1
102
RTVSPost2010Prop41ColorIndex
 90
18
102
RTVSPost2010Prop41ColorRGB
 90
0
102
RTVSPost2010PropOp41
 70
1
102
RTVSPost2010Prop42
 90
50
102
RTVSPost2010PropOp42
 70
1
102
RTVSPost2010Prop43
 90
3
102
RTVSPost2010PropOp43
 70
1
102
RTVSPost2010Prop44ColorIndex
 90
5
102
RTVSPost2010Prop44ColorRGB
 90
255
102
RTVSPost2010PropOp44
 70
1
102
RTVSPost2010Prop45
280
0
102
RTVSPost2010PropOp45
 70
1
102
RTVSPost2010Prop46
 90
50
102
RTVSPost2010PropOp46
 70
1
102
RTVSPost2010Prop47
 90
50
102
RTVSPost2010PropOp47
 70
1
102
RTVSPost2010Prop48
 90
50
102
RTVSPost2010PropOp48
 70
1
102
RTVSPost2010Prop49
280
0
102
RTVSPost2010PropOp49
 70
1
102
RTVSPost2010Prop50
 90
50
102
RTVSPost2010PropOp50
 70
1
102
RTVSPost2010Prop51ColorIndex
 90
256
102
RTVSPost2010Prop51ColorRGB
 90
-16777216
102
RTVSPost2010PropOp51
 70
0
102
RTVSPost2010Prop52
140
1.0
102
RTVSPost2010PropOp52
 70
0
102
RTVSPost2010Prop53
 90
2
102
RTVSPost2010PropOp53
 70
1
102
RTVSPost2010Prop54
  1
strokes_ogs.tif
102
RTVSPost2010PropOp54
 70
1
102
RTVSPost2010Prop55
280
0
102
RTVSPost2010PropOp55
 70
1
102
RTVSPost2010Prop56
140
1.0
102
RTVSPost2010PropOp56
 70
1
102
RTVSPost2010Prop57
140
1.0
102
RTVSPost2010PropOp57
 70
1
  0
XRECORD
  5
24D65
102
{ACAD_REACTORS
330
24D64
102
}
330
24D64
100
AcDbXrecord
280
1
102
RTVSPost2010Prop28
280
0
102
RTVSPost2010PropOp28
 70
1
102
RTVSPost2010Prop29
280
1
102
RTVSPost2010PropOp29
 70
1
102
RTVSPost2010Prop30
280
1
102
RTVSPost2010PropOp30
 70
1
102
RTVSPost2010Prop31
280
0
102
RTVSPost2010PropOp31
 70
1
102
RTVSPost2010Prop32
280
0
102
RTVSPost2010PropOp32
 70
1
102
RTVSPost2010Prop33
280
0
102
RTVSPost2010PropOp33
 70
1
102
RTVSPost2010Prop34
280
0
102
RTVSPost2010PropOp34
 70
1
102
RTVSPost2010Prop35
280
0
102
RTVSPost2010PropOp35
 70
1
102
RTVSPost2010Prop36
280
0
102
RTVSPost2010PropOp36
 70
1
102
RTVSPost2010Prop37
 90
50
102
RTVSPost2010PropOp37
 70
1
102
RTVSPost2010Prop38
140
0.0
102
RTVSPost2010PropOp38
 70
1
102
RTVSPost2010Prop39
140
1.0
102
RTVSPost2010PropOp39
 70
1
102
RTVSPost2010Prop40
 90
0
102
RTVSPost2010PropOp40
 70
1
102
RTVSPost2010Prop41ColorIndex
 90
18
102
RTVSPost2010Prop41ColorRGB
 90
0
102
RTVSPost2010PropOp41
 70
1
102
RTVSPost2010Prop42
 90
50
102
RTVSPost2010PropOp42
 70
1
102
RTVSPost2010Prop43
 90
3
102
RTVSPost2010PropOp43
 70
1
102
RTVSPost2010Prop44ColorIndex
 90
5
102
RTVSPost2010Prop44ColorRGB
 90
255
102
RTVSPost2010PropOp44
 70
1
102
RTVSPost2010Prop45
280
0
102
RTVSPost2010PropOp45
 70
1
102
RTVSPost2010Prop46
 90
50
102
RTVSPost2010PropOp46
 70
1
102
RTVSPost2010Prop47
 90
50
102
RTVSPost2010PropOp47
 70
1
102
RTVSPost2010Prop48
 90
50
102
RTVSPost2010PropOp48
 70
1
102
RTVSPost2010Prop49
280
0
102
RTVSPost2010PropOp49
 70
1
102
RTVSPost2010Prop50
 90
50
102
RTVSPost2010PropOp50
 70
1
102
RTVSPost2010Prop51ColorIndex
 90
256
102
RTVSPost2010Prop51ColorRGB
 90
-16777216
102
RTVSPost2010PropOp51
 70
0
102
RTVSPost2010Prop52
140
1.0
102
RTVSPost2010PropOp52
 70
0
102
RTVSPost2010Prop53
 90
2
102
RTVSPost2010PropOp53
 70
1
102
RTVSPost2010Prop54
  1
strokes_ogs.tif
102
RTVSPost2010PropOp54
 70
1
102
RTVSPost2010Prop55
280
0
102
RTVSPost2010PropOp55
 70
1
102
RTVSPost2010Prop56
140
1.0
102
RTVSPost2010PropOp56
 70
1
102
RTVSPost2010Prop57
140
1.0
102
RTVSPost2010PropOp57
 70
1
  0
XRECORD
  5
24D67
102
{ACAD_REACTORS
330
24D66
102
}
330
24D66
100
AcDbXrecord
280
1
102
RTVSPost2010Prop28
280
0
102
RTVSPost2010PropOp28
 70
1
102
RTVSPost2010Prop29
280
1
102
RTVSPost2010PropOp29
 70
1
102
RTVSPost2010Prop30
280
1
102
RTVSPost2010PropOp30
 70
1
102
RTVSPost2010Prop31
280
0
102
RTVSPost2010PropOp31
 70
1
102
RTVSPost2010Prop32
280
0
102
RTVSPost2010PropOp32
 70
1
102
RTVSPost2010Prop33
280
0
102
RTVSPost2010PropOp33
 70
1
102
RTVSPost2010Prop34
280
0
102
RTVSPost2010PropOp34
 70
1
102
RTVSPost2010Prop35
280
0
102
RTVSPost2010PropOp35
 70
1
102
RTVSPost2010Prop36
280
0
102
RTVSPost2010PropOp36
 70
1
102
RTVSPost2010Prop37
 90
50
102
RTVSPost2010PropOp37
 70
1
102
RTVSPost2010Prop38
140
0.0
102
RTVSPost2010PropOp38
 70
1
102
RTVSPost2010Prop39
140
1.0
102
RTVSPost2010PropOp39
 70
1
102
RTVSPost2010Prop40
 90
0
102
RTVSPost2010PropOp40
 70
1
102
RTVSPost2010Prop41ColorIndex
 90
18
102
RTVSPost2010Prop41ColorRGB
 90
0
102
RTVSPost2010PropOp41
 70
1
102
RTVSPost2010Prop42
 90
50
102
RTVSPost2010PropOp42
 70
1
102
RTVSPost2010Prop43
 90
3
102
RTVSPost2010PropOp43
 70
1
102
RTVSPost2010Prop44ColorIndex
 90
5
102
RTVSPost2010Prop44ColorRGB
 90
255
102
RTVSPost2010PropOp44
 70
1
102
RTVSPost2010Prop45
280
0
102
RTVSPost2010PropOp45
 70
1
102
RTVSPost2010Prop46
 90
50
102
RTVSPost2010PropOp46
 70
1
102
RTVSPost2010Prop47
 90
50
102
RTVSPost2010PropOp47
 70
1
102
RTVSPost2010Prop48
 90
50
102
RTVSPost2010PropOp48
 70
1
102
RTVSPost2010Prop49
280
0
102
RTVSPost2010PropOp49
 70
1
102
RTVSPost2010Prop50
 90
50
102
RTVSPost2010PropOp50
 70
1
102
RTVSPost2010Prop51ColorIndex
 90
256
102
RTVSPost2010Prop51ColorRGB
 90
-16777216
102
RTVSPost2010PropOp51
 70
0
102
RTVSPost2010Prop52
140
1.0
102
RTVSPost2010PropOp52
 70
0
102
RTVSPost2010Prop53
 90
2
102
RTVSPost2010PropOp53
 70
1
102
RTVSPost2010Prop54
  1
strokes_ogs.tif
102
RTVSPost2010PropOp54
 70
1
102
RTVSPost2010Prop55
280
0
102
RTVSPost2010PropOp55
 70
1
102
RTVSPost2010Prop56
140
1.0
102
RTVSPost2010PropOp56
 70
1
102
RTVSPost2010Prop57
140
1.0
102
RTVSPost2010PropOp57
 70
1
  0
XRECORD
  5
24D69
102
{ACAD_REACTORS
330
24D68
102
}
330
24D68
100
AcDbXrecord
280
1
102
RTVSPost2010Prop28
280
0
102
RTVSPost2010PropOp28
 70
1
102
RTVSPost2010Prop29
280
1
102
RTVSPost2010PropOp29
 70
1
102
RTVSPost2010Prop30
280
1
102
RTVSPost2010PropOp30
 70
1
102
RTVSPost2010Prop31
280
0
102
RTVSPost2010PropOp31
 70
1
102
RTVSPost2010Prop32
280
0
102
RTVSPost2010PropOp32
 70
1
102
RTVSPost2010Prop33
280
0
102
RTVSPost2010PropOp33
 70
1
102
RTVSPost2010Prop34
280
0
102
RTVSPost2010PropOp34
 70
1
102
RTVSPost2010Prop35
280
0
102
RTVSPost2010PropOp35
 70
1
102
RTVSPost2010Prop36
280
0
102
RTVSPost2010PropOp36
 70
1
102
RTVSPost2010Prop37
 90
50
102
RTVSPost2010PropOp37
 70
1
102
RTVSPost2010Prop38
140
0.0
102
RTVSPost2010PropOp38
 70
1
102
RTVSPost2010Prop39
140
1.0
102
RTVSPost2010PropOp39
 70
1
102
RTVSPost2010Prop40
 90
0
102
RTVSPost2010PropOp40
 70
1
102
RTVSPost2010Prop41ColorIndex
 90
18
102
RTVSPost2010Prop41ColorRGB
 90
0
102
RTVSPost2010PropOp41
 70
1
102
RTVSPost2010Prop42
 90
50
102
RTVSPost2010PropOp42
 70
1
102
RTVSPost2010Prop43
 90
3
102
RTVSPost2010PropOp43
 70
1
102
RTVSPost2010Prop44ColorIndex
 90
5
102
RTVSPost2010Prop44ColorRGB
 90
255
102
RTVSPost2010PropOp44
 70
1
102
RTVSPost2010Prop45
280
0
102
RTVSPost2010PropOp45
 70
1
102
RTVSPost2010Prop46
 90
50
102
RTVSPost2010PropOp46
 70
1
102
RTVSPost2010Prop47
 90
50
102
RTVSPost2010PropOp47
 70
1
102
RTVSPost2010Prop48
 90
50
102
RTVSPost2010PropOp48
 70
1
102
RTVSPost2010Prop49
280
0
102
RTVSPost2010PropOp49
 70
1
102
RTVSPost2010Prop50
 90
50
102
RTVSPost2010PropOp50
 70
1
102
RTVSPost2010Prop51ColorIndex
 90
256
102
RTVSPost2010Prop51ColorRGB
 90
-16777216
102
RTVSPost2010PropOp51
 70
0
102
RTVSPost2010Prop52
140
1.0
102
RTVSPost2010PropOp52
 70
0
102
RTVSPost2010Prop53
 90
2
102
RTVSPost2010PropOp53
 70
1
102
RTVSPost2010Prop54
  1
strokes_ogs.tif
102
RTVSPost2010PropOp54
 70
1
102
RTVSPost2010Prop55
280
0
102
RTVSPost2010PropOp55
 70
1
102
RTVSPost2010Prop56
140
1.0
102
RTVSPost2010PropOp56
 70
1
102
RTVSPost2010Prop57
140
1.0
102
RTVSPost2010PropOp57
 70
1
  0
XRECORD
  5
24D8B
102
{ACAD_REACTORS
330
24D8A
102
}
330
24D8A
100
AcDbXrecord
280
1
102
RTVSPost2010Prop28
280
0
102
RTVSPost2010PropOp28
 70
1
102
RTVSPost2010Prop29
280
1
102
RTVSPost2010PropOp29
 70
1
102
RTVSPost2010Prop30
280
1
102
RTVSPost2010PropOp30
 70
1
102
RTVSPost2010Prop31
280
0
102
RTVSPost2010PropOp31
 70
1
102
RTVSPost2010Prop32
280
0
102
RTVSPost2010PropOp32
 70
1
102
RTVSPost2010Prop33
280
0
102
RTVSPost2010PropOp33
 70
1
102
RTVSPost2010Prop34
280
0
102
RTVSPost2010PropOp34
 70
1
102
RTVSPost2010Prop35
280
0
102
RTVSPost2010PropOp35
 70
1
102
RTVSPost2010Prop36
280
0
102
RTVSPost2010PropOp36
 70
1
102
RTVSPost2010Prop37
 90
50
102
RTVSPost2010PropOp37
 70
1
102
RTVSPost2010Prop38
140
0.0
102
RTVSPost2010PropOp38
 70
1
102
RTVSPost2010Prop39
140
1.0
102
RTVSPost2010PropOp39
 70
1
102
RTVSPost2010Prop40
 90
0
102
RTVSPost2010PropOp40
 70
1
102
RTVSPost2010Prop41ColorIndex
 90
18
102
RTVSPost2010Prop41ColorRGB
 90
0
102
RTVSPost2010PropOp41
 70
1
102
RTVSPost2010Prop42
 90
50
102
RTVSPost2010PropOp42
 70
1
102
RTVSPost2010Prop43
 90
3
102
RTVSPost2010PropOp43
 70
1
102
RTVSPost2010Prop44ColorIndex
 90
5
102
RTVSPost2010Prop44ColorRGB
 90
255
102
RTVSPost2010PropOp44
 70
1
102
RTVSPost2010Prop45
280
0
102
RTVSPost2010PropOp45
 70
1
102
RTVSPost2010Prop46
 90
50
102
RTVSPost2010PropOp46
 70
1
102
RTVSPost2010Prop47
 90
50
102
RTVSPost2010PropOp47
 70
1
102
RTVSPost2010Prop48
 90
50
102
RTVSPost2010PropOp48
 70
1
102
RTVSPost2010Prop49
280
0
102
RTVSPost2010PropOp49
 70
1
102
RTVSPost2010Prop50
 90
50
102
RTVSPost2010PropOp50
 70
1
102
RTVSPost2010Prop51ColorIndex
 90
256
102
RTVSPost2010Prop51ColorRGB
 90
-16777216
102
RTVSPost2010PropOp51
 70
0
102
RTVSPost2010Prop52
140
1.0
102
RTVSPost2010PropOp52
 70
0
102
RTVSPost2010Prop53
 90
2
102
RTVSPost2010PropOp53
 70
1
102
RTVSPost2010Prop54
  1
strokes_ogs.tif
102
RTVSPost2010PropOp54
 70
1
102
RTVSPost2010Prop55
280
0
102
RTVSPost2010PropOp55
 70
1
102
RTVSPost2010Prop56
140
1.0
102
RTVSPost2010PropOp56
 70
1
102
RTVSPost2010Prop57
140
1.0
102
RTVSPost2010PropOp57
 70
1
  0
XRECORD
  5
24D83
102
{ACAD_REACTORS
330
24D82
102
}
330
24D82
100
AcDbXrecord
280
1
102
RTVSPost2010Prop28
280
0
102
RTVSPost2010PropOp28
 70
1
102
RTVSPost2010Prop29
280
1
102
RTVSPost2010PropOp29
 70
1
102
RTVSPost2010Prop30
280
1
102
RTVSPost2010PropOp30
 70
1
102
RTVSPost2010Prop31
280
0
102
RTVSPost2010PropOp31
 70
1
102
RTVSPost2010Prop32
280
0
102
RTVSPost2010PropOp32
 70
1
102
RTVSPost2010Prop33
280
0
102
RTVSPost2010PropOp33
 70
1
102
RTVSPost2010Prop34
280
0
102
RTVSPost2010PropOp34
 70
1
102
RTVSPost2010Prop35
280
0
102
RTVSPost2010PropOp35
 70
1
102
RTVSPost2010Prop36
280
0
102
RTVSPost2010PropOp36
 70
1
102
RTVSPost2010Prop37
 90
50
102
RTVSPost2010PropOp37
 70
1
102
RTVSPost2010Prop38
140
0.0
102
RTVSPost2010PropOp38
 70
1
102
RTVSPost2010Prop39
140
1.0
102
RTVSPost2010PropOp39
 70
1
102
RTVSPost2010Prop40
 90
0
102
RTVSPost2010PropOp40
 70
1
102
RTVSPost2010Prop41ColorIndex
 90
18
102
RTVSPost2010Prop41ColorRGB
 90
0
102
RTVSPost2010PropOp41
 70
1
102
RTVSPost2010Prop42
 90
50
102
RTVSPost2010PropOp42
 70
1
102
RTVSPost2010Prop43
 90
3
102
RTVSPost2010PropOp43
 70
1
102
RTVSPost2010Prop44ColorIndex
 90
5
102
RTVSPost2010Prop44ColorRGB
 90
255
102
RTVSPost2010PropOp44
 70
1
102
RTVSPost2010Prop45
280
0
102
RTVSPost2010PropOp45
 70
1
102
RTVSPost2010Prop46
 90
50
102
RTVSPost2010PropOp46
 70
1
102
RTVSPost2010Prop47
 90
50
102
RTVSPost2010PropOp47
 70
1
102
RTVSPost2010Prop48
 90
50
102
RTVSPost2010PropOp48
 70
1
102
RTVSPost2010Prop49
280
0
102
RTVSPost2010PropOp49
 70
1
102
RTVSPost2010Prop50
 90
50
102
RTVSPost2010PropOp50
 70
1
102
RTVSPost2010Prop51ColorIndex
 90
256
102
RTVSPost2010Prop51ColorRGB
 90
-16777216
102
RTVSPost2010PropOp51
 70
0
102
RTVSPost2010Prop52
140
1.0
102
RTVSPost2010PropOp52
 70
0
102
RTVSPost2010Prop53
 90
2
102
RTVSPost2010PropOp53
 70
1
102
RTVSPost2010Prop54
  1
strokes_ogs.tif
102
RTVSPost2010PropOp54
 70
1
102
RTVSPost2010Prop55
280
0
102
RTVSPost2010PropOp55
 70
1
102
RTVSPost2010Prop56
140
1.0
102
RTVSPost2010PropOp56
 70
1
102
RTVSPost2010Prop57
140
1.0
102
RTVSPost2010PropOp57
 70
1
  0
XRECORD
  5
24D7D
102
{ACAD_REACTORS
330
24D7C
102
}
330
24D7C
100
AcDbXrecord
280
1
102
RTVSPost2010Prop28
280
0
102
RTVSPost2010PropOp28
 70
1
102
RTVSPost2010Prop29
280
1
102
RTVSPost2010PropOp29
 70
1
102
RTVSPost2010Prop30
280
1
102
RTVSPost2010PropOp30
 70
1
102
RTVSPost2010Prop31
280
0
102
RTVSPost2010PropOp31
 70
1
102
RTVSPost2010Prop32
280
0
102
RTVSPost2010PropOp32
 70
1
102
RTVSPost2010Prop33
280
0
102
RTVSPost2010PropOp33
 70
1
102
RTVSPost2010Prop34
280
0
102
RTVSPost2010PropOp34
 70
1
102
RTVSPost2010Prop35
280
0
102
RTVSPost2010PropOp35
 70
1
102
RTVSPost2010Prop36
280
0
102
RTVSPost2010PropOp36
 70
1
102
RTVSPost2010Prop37
 90
50
102
RTVSPost2010PropOp37
 70
1
102
RTVSPost2010Prop38
140
0.0
102
RTVSPost2010PropOp38
 70
1
102
RTVSPost2010Prop39
140
1.0
102
RTVSPost2010PropOp39
 70
1
102
RTVSPost2010Prop40
 90
0
102
RTVSPost2010PropOp40
 70
1
102
RTVSPost2010Prop41ColorIndex
 90
18
102
RTVSPost2010Prop41ColorRGB
 90
0
102
RTVSPost2010PropOp41
 70
1
102
RTVSPost2010Prop42
 90
50
102
RTVSPost2010PropOp42
 70
1
102
RTVSPost2010Prop43
 90
3
102
RTVSPost2010PropOp43
 70
1
102
RTVSPost2010Prop44ColorIndex
 90
5
102
RTVSPost2010Prop44ColorRGB
 90
255
102
RTVSPost2010PropOp44
 70
1
102
RTVSPost2010Prop45
280
0
102
RTVSPost2010PropOp45
 70
1
102
RTVSPost2010Prop46
 90
50
102
RTVSPost2010PropOp46
 70
1
102
RTVSPost2010Prop47
 90
50
102
RTVSPost2010PropOp47
 70
1
102
RTVSPost2010Prop48
 90
50
102
RTVSPost2010PropOp48
 70
1
102
RTVSPost2010Prop49
280
0
102
RTVSPost2010PropOp49
 70
1
102
RTVSPost2010Prop50
 90
50
102
RTVSPost2010PropOp50
 70
1
102
RTVSPost2010Prop51ColorIndex
 90
256
102
RTVSPost2010Prop51ColorRGB
 90
-16777216
102
RTVSPost2010PropOp51
 70
0
102
RTVSPost2010Prop52
140
1.0
102
RTVSPost2010PropOp52
 70
0
102
RTVSPost2010Prop53
 90
2
102
RTVSPost2010PropOp53
 70
1
102
RTVSPost2010Prop54
  1
strokes_ogs.tif
102
RTVSPost2010PropOp54
 70
1
102
RTVSPost2010Prop55
280
0
102
RTVSPost2010PropOp55
 70
1
102
RTVSPost2010Prop56
140
1.0
102
RTVSPost2010PropOp56
 70
1
102
RTVSPost2010Prop57
140
1.0
102
RTVSPost2010PropOp57
 70
1
  0
XRECORD
  5
24D85
102
{ACAD_REACTORS
330
24D84
102
}
330
24D84
100
AcDbXrecord
280
1
102
RTVSPost2010Prop28
280
0
102
RTVSPost2010PropOp28
 70
1
102
RTVSPost2010Prop29
280
1
102
RTVSPost2010PropOp29
 70
1
102
RTVSPost2010Prop30
280
1
102
RTVSPost2010PropOp30
 70
1
102
RTVSPost2010Prop31
280
0
102
RTVSPost2010PropOp31
 70
1
102
RTVSPost2010Prop32
280
0
102
RTVSPost2010PropOp32
 70
1
102
RTVSPost2010Prop33
280
0
102
RTVSPost2010PropOp33
 70
1
102
RTVSPost2010Prop34
280
0
102
RTVSPost2010PropOp34
 70
1
102
RTVSPost2010Prop35
280
0
102
RTVSPost2010PropOp35
 70
1
102
RTVSPost2010Prop36
280
0
102
RTVSPost2010PropOp36
 70
1
102
RTVSPost2010Prop37
 90
50
102
RTVSPost2010PropOp37
 70
1
102
RTVSPost2010Prop38
140
0.0
102
RTVSPost2010PropOp38
 70
1
102
RTVSPost2010Prop39
140
1.0
102
RTVSPost2010PropOp39
 70
1
102
RTVSPost2010Prop40
 90
0
102
RTVSPost2010PropOp40
 70
1
102
RTVSPost2010Prop41ColorIndex
 90
18
102
RTVSPost2010Prop41ColorRGB
 90
0
102
RTVSPost2010PropOp41
 70
1
102
RTVSPost2010Prop42
 90
50
102
RTVSPost2010PropOp42
 70
1
102
RTVSPost2010Prop43
 90
3
102
RTVSPost2010PropOp43
 70
1
102
RTVSPost2010Prop44ColorIndex
 90
5
102
RTVSPost2010Prop44ColorRGB
 90
255
102
RTVSPost2010PropOp44
 70
1
102
RTVSPost2010Prop45
280
0
102
RTVSPost2010PropOp45
 70
1
102
RTVSPost2010Prop46
 90
50
102
RTVSPost2010PropOp46
 70
1
102
RTVSPost2010Prop47
 90
50
102
RTVSPost2010PropOp47
 70
1
102
RTVSPost2010Prop48
 90
50
102
RTVSPost2010PropOp48
 70
1
102
RTVSPost2010Prop49
280
0
102
RTVSPost2010PropOp49
 70
1
102
RTVSPost2010Prop50
 90
50
102
RTVSPost2010PropOp50
 70
1
102
RTVSPost2010Prop51ColorIndex
 90
256
102
RTVSPost2010Prop51ColorRGB
 90
-16777216
102
RTVSPost2010PropOp51
 70
0
102
RTVSPost2010Prop52
140
1.0
102
RTVSPost2010PropOp52
 70
0
102
RTVSPost2010Prop53
 90
2
102
RTVSPost2010PropOp53
 70
1
102
RTVSPost2010Prop54
  1
strokes_ogs.tif
102
RTVSPost2010PropOp54
 70
1
102
RTVSPost2010Prop55
280
0
102
RTVSPost2010PropOp55
 70
1
102
RTVSPost2010Prop56
140
1.0
102
RTVSPost2010PropOp56
 70
1
102
RTVSPost2010Prop57
140
1.0
102
RTVSPost2010PropOp57
 70
1
  0
XRECORD
  5
24D75
102
{ACAD_REACTORS
330
24D74
102
}
330
24D74
100
AcDbXrecord
280
1
102
RTVSPost2010Prop28
280
0
102
RTVSPost2010PropOp28
 70
1
102
RTVSPost2010Prop29
280
1
102
RTVSPost2010PropOp29
 70
1
102
RTVSPost2010Prop30
280
1
102
RTVSPost2010PropOp30
 70
1
102
RTVSPost2010Prop31
280
0
102
RTVSPost2010PropOp31
 70
1
102
RTVSPost2010Prop32
280
0
102
RTVSPost2010PropOp32
 70
1
102
RTVSPost2010Prop33
280
0
102
RTVSPost2010PropOp33
 70
1
102
RTVSPost2010Prop34
280
0
102
RTVSPost2010PropOp34
 70
1
102
RTVSPost2010Prop35
280
0
102
RTVSPost2010PropOp35
 70
1
102
RTVSPost2010Prop36
280
0
102
RTVSPost2010PropOp36
 70
1
102
RTVSPost2010Prop37
 90
50
102
RTVSPost2010PropOp37
 70
1
102
RTVSPost2010Prop38
140
0.0
102
RTVSPost2010PropOp38
 70
1
102
RTVSPost2010Prop39
140
1.0
102
RTVSPost2010PropOp39
 70
1
102
RTVSPost2010Prop40
 90
0
102
RTVSPost2010PropOp40
 70
1
102
RTVSPost2010Prop41ColorIndex
 90
18
102
RTVSPost2010Prop41ColorRGB
 90
0
102
RTVSPost2010PropOp41
 70
1
102
RTVSPost2010Prop42
 90
50
102
RTVSPost2010PropOp42
 70
1
102
RTVSPost2010Prop43
 90
3
102
RTVSPost2010PropOp43
 70
1
102
RTVSPost2010Prop44ColorIndex
 90
5
102
RTVSPost2010Prop44ColorRGB
 90
255
102
RTVSPost2010PropOp44
 70
1
102
RTVSPost2010Prop45
280
0
102
RTVSPost2010PropOp45
 70
1
102
RTVSPost2010Prop46
 90
50
102
RTVSPost2010PropOp46
 70
1
102
RTVSPost2010Prop47
 90
50
102
RTVSPost2010PropOp47
 70
1
102
RTVSPost2010Prop48
 90
50
102
RTVSPost2010PropOp48
 70
1
102
RTVSPost2010Prop49
280
0
102
RTVSPost2010PropOp49
 70
1
102
RTVSPost2010Prop50
 90
50
102
RTVSPost2010PropOp50
 70
1
102
RTVSPost2010Prop51ColorIndex
 90
256
102
RTVSPost2010Prop51ColorRGB
 90
-16777216
102
RTVSPost2010PropOp51
 70
0
102
RTVSPost2010Prop52
140
1.0
102
RTVSPost2010PropOp52
 70
0
102
RTVSPost2010Prop53
 90
2
102
RTVSPost2010PropOp53
 70
1
102
RTVSPost2010Prop54
  1
strokes_ogs.tif
102
RTVSPost2010PropOp54
 70
1
102
RTVSPost2010Prop55
280
0
102
RTVSPost2010PropOp55
 70
1
102
RTVSPost2010Prop56
140
1.0
102
RTVSPost2010PropOp56
 70
1
102
RTVSPost2010Prop57
140
1.0
102
RTVSPost2010PropOp57
 70
1
  0
XRECORD
  5
24D95
102
{ACAD_REACTORS
330
24D94
102
}
330
24D94
100
AcDbXrecord
280
1
102
RTVSPost2010Prop28
280
0
102
RTVSPost2010PropOp28
 70
1
102
RTVSPost2010Prop29
280
1
102
RTVSPost2010PropOp29
 70
1
102
RTVSPost2010Prop30
280
1
102
RTVSPost2010PropOp30
 70
1
102
RTVSPost2010Prop31
280
0
102
RTVSPost2010PropOp31
 70
1
102
RTVSPost2010Prop32
280
0
102
RTVSPost2010PropOp32
 70
1
102
RTVSPost2010Prop33
280
0
102
RTVSPost2010PropOp33
 70
1
102
RTVSPost2010Prop34
280
0
102
RTVSPost2010PropOp34
 70
1
102
RTVSPost2010Prop35
280
0
102
RTVSPost2010PropOp35
 70
1
102
RTVSPost2010Prop36
280
0
102
RTVSPost2010PropOp36
 70
1
102
RTVSPost2010Prop37
 90
50
102
RTVSPost2010PropOp37
 70
1
102
RTVSPost2010Prop38
140
0.0
102
RTVSPost2010PropOp38
 70
1
102
RTVSPost2010Prop39
140
1.0
102
RTVSPost2010PropOp39
 70
1
102
RTVSPost2010Prop40
 90
0
102
RTVSPost2010PropOp40
 70
1
102
RTVSPost2010Prop41ColorIndex
 90
18
102
RTVSPost2010Prop41ColorRGB
 90
0
102
RTVSPost2010PropOp41
 70
1
102
RTVSPost2010Prop42
 90
50
102
RTVSPost2010PropOp42
 70
1
102
RTVSPost2010Prop43
 90
3
102
RTVSPost2010PropOp43
 70
1
102
RTVSPost2010Prop44ColorIndex
 90
5
102
RTVSPost2010Prop44ColorRGB
 90
255
102
RTVSPost2010PropOp44
 70
1
102
RTVSPost2010Prop45
280
0
102
RTVSPost2010PropOp45
 70
1
102
RTVSPost2010Prop46
 90
50
102
RTVSPost2010PropOp46
 70
1
102
RTVSPost2010Prop47
 90
50
102
RTVSPost2010PropOp47
 70
1
102
RTVSPost2010Prop48
 90
50
102
RTVSPost2010PropOp48
 70
1
102
RTVSPost2010Prop49
280
0
102
RTVSPost2010PropOp49
 70
1
102
RTVSPost2010Prop50
 90
50
102
RTVSPost2010PropOp50
 70
1
102
RTVSPost2010Prop51ColorIndex
 90
256
102
RTVSPost2010Prop51ColorRGB
 90
-16777216
102
RTVSPost2010PropOp51
 70
0
102
RTVSPost2010Prop52
140
1.0
102
RTVSPost2010PropOp52
 70
0
102
RTVSPost2010Prop53
 90
2
102
RTVSPost2010PropOp53
 70
1
102
RTVSPost2010Prop54
  1
strokes_ogs.tif
102
RTVSPost2010PropOp54
 70
1
102
RTVSPost2010Prop55
280
0
102
RTVSPost2010PropOp55
 70
1
102
RTVSPost2010Prop56
140
1.0
102
RTVSPost2010PropOp56
 70
1
102
RTVSPost2010Prop57
140
1.0
102
RTVSPost2010PropOp57
 70
1
  0
XRECORD
  5
24D93
102
{ACAD_REACTORS
330
24D92
102
}
330
24D92
100
AcDbXrecord
280
1
102
RTVSPost2010Prop28
280
0
102
RTVSPost2010PropOp28
 70
1
102
RTVSPost2010Prop29
280
1
102
RTVSPost2010PropOp29
 70
1
102
RTVSPost2010Prop30
280
1
102
RTVSPost2010PropOp30
 70
1
102
RTVSPost2010Prop31
280
0
102
RTVSPost2010PropOp31
 70
1
102
RTVSPost2010Prop32
280
0
102
RTVSPost2010PropOp32
 70
1
102
RTVSPost2010Prop33
280
0
102
RTVSPost2010PropOp33
 70
1
102
RTVSPost2010Prop34
280
0
102
RTVSPost2010PropOp34
 70
1
102
RTVSPost2010Prop35
280
0
102
RTVSPost2010PropOp35
 70
1
102
RTVSPost2010Prop36
280
0
102
RTVSPost2010PropOp36
 70
1
102
RTVSPost2010Prop37
 90
50
102
RTVSPost2010PropOp37
 70
1
102
RTVSPost2010Prop38
140
0.0
102
RTVSPost2010PropOp38
 70
1
102
RTVSPost2010Prop39
140
1.0
102
RTVSPost2010PropOp39
 70
1
102
RTVSPost2010Prop40
 90
0
102
RTVSPost2010PropOp40
 70
1
102
RTVSPost2010Prop41ColorIndex
 90
18
102
RTVSPost2010Prop41ColorRGB
 90
0
102
RTVSPost2010PropOp41
 70
1
102
RTVSPost2010Prop42
 90
50
102
RTVSPost2010PropOp42
 70
1
102
RTVSPost2010Prop43
 90
3
102
RTVSPost2010PropOp43
 70
1
102
RTVSPost2010Prop44ColorIndex
 90
5
102
RTVSPost2010Prop44ColorRGB
 90
255
102
RTVSPost2010PropOp44
 70
1
102
RTVSPost2010Prop45
280
0
102
RTVSPost2010PropOp45
 70
1
102
RTVSPost2010Prop46
 90
50
102
RTVSPost2010PropOp46
 70
1
102
RTVSPost2010Prop47
 90
50
102
RTVSPost2010PropOp47
 70
1
102
RTVSPost2010Prop48
 90
50
102
RTVSPost2010PropOp48
 70
1
102
RTVSPost2010Prop49
280
0
102
RTVSPost2010PropOp49
 70
1
102
RTVSPost2010Prop50
 90
50
102
RTVSPost2010PropOp50
 70
1
102
RTVSPost2010Prop51ColorIndex
 90
256
102
RTVSPost2010Prop51ColorRGB
 90
-16777216
102
RTVSPost2010PropOp51
 70
0
102
RTVSPost2010Prop52
140
1.0
102
RTVSPost2010PropOp52
 70
0
102
RTVSPost2010Prop53
 90
2
102
RTVSPost2010PropOp53
 70
1
102
RTVSPost2010Prop54
  1
strokes_ogs.tif
102
RTVSPost2010PropOp54
 70
1
102
RTVSPost2010Prop55
280
0
102
RTVSPost2010PropOp55
 70
1
102
RTVSPost2010Prop56
140
1.0
102
RTVSPost2010PropOp56
 70
1
102
RTVSPost2010Prop57
140
1.0
102
RTVSPost2010PropOp57
 70
1
  0
XRECORD
  5
24D8D
102
{ACAD_REACTORS
330
24D8C
102
}
330
24D8C
100
AcDbXrecord
280
1
102
RTVSPost2010Prop28
280
0
102
RTVSPost2010PropOp28
 70
1
102
RTVSPost2010Prop29
280
1
102
RTVSPost2010PropOp29
 70
1
102
RTVSPost2010Prop30
280
1
102
RTVSPost2010PropOp30
 70
1
102
RTVSPost2010Prop31
280
0
102
RTVSPost2010PropOp31
 70
1
102
RTVSPost2010Prop32
280
0
102
RTVSPost2010PropOp32
 70
1
102
RTVSPost2010Prop33
280
0
102
RTVSPost2010PropOp33
 70
1
102
RTVSPost2010Prop34
280
0
102
RTVSPost2010PropOp34
 70
1
102
RTVSPost2010Prop35
280
0
102
RTVSPost2010PropOp35
 70
1
102
RTVSPost2010Prop36
280
0
102
RTVSPost2010PropOp36
 70
1
102
RTVSPost2010Prop37
 90
50
102
RTVSPost2010PropOp37
 70
1
102
RTVSPost2010Prop38
140
0.0
102
RTVSPost2010PropOp38
 70
1
102
RTVSPost2010Prop39
140
1.0
102
RTVSPost2010PropOp39
 70
1
102
RTVSPost2010Prop40
 90
0
102
RTVSPost2010PropOp40
 70
1
102
RTVSPost2010Prop41ColorIndex
 90
18
102
RTVSPost2010Prop41ColorRGB
 90
0
102
RTVSPost2010PropOp41
 70
1
102
RTVSPost2010Prop42
 90
50
102
RTVSPost2010PropOp42
 70
1
102
RTVSPost2010Prop43
 90
3
102
RTVSPost2010PropOp43
 70
1
102
RTVSPost2010Prop44ColorIndex
 90
5
102
RTVSPost2010Prop44ColorRGB
 90
255
102
RTVSPost2010PropOp44
 70
1
102
RTVSPost2010Prop45
280
0
102
RTVSPost2010PropOp45
 70
1
102
RTVSPost2010Prop46
 90
50
102
RTVSPost2010PropOp46
 70
1
102
RTVSPost2010Prop47
 90
50
102
RTVSPost2010PropOp47
 70
1
102
RTVSPost2010Prop48
 90
50
102
RTVSPost2010PropOp48
 70
1
102
RTVSPost2010Prop49
280
0
102
RTVSPost2010PropOp49
 70
1
102
RTVSPost2010Prop50
 90
50
102
RTVSPost2010PropOp50
 70
1
102
RTVSPost2010Prop51ColorIndex
 90
256
102
RTVSPost2010Prop51ColorRGB
 90
-16777216
102
RTVSPost2010PropOp51
 70
0
102
RTVSPost2010Prop52
140
1.0
102
RTVSPost2010PropOp52
 70
0
102
RTVSPost2010Prop53
 90
2
102
RTVSPost2010PropOp53
 70
1
102
RTVSPost2010Prop54
  1
strokes_ogs.tif
102
RTVSPost2010PropOp54
 70
1
102
RTVSPost2010Prop55
280
0
102
RTVSPost2010PropOp55
 70
1
102
RTVSPost2010Prop56
140
1.0
102
RTVSPost2010PropOp56
 70
1
102
RTVSPost2010Prop57
140
1.0
102
RTVSPost2010PropOp57
 70
1
  0
XRECORD
  5
24D8F
102
{ACAD_REACTORS
330
24D8E
102
}
330
24D8E
100
AcDbXrecord
280
1
102
RTVSPost2010Prop28
280
0
102
RTVSPost2010PropOp28
 70
1
102
RTVSPost2010Prop29
280
1
102
RTVSPost2010PropOp29
 70
1
102
RTVSPost2010Prop30
280
1
102
RTVSPost2010PropOp30
 70
1
102
RTVSPost2010Prop31
280
0
102
RTVSPost2010PropOp31
 70
1
102
RTVSPost2010Prop32
280
0
102
RTVSPost2010PropOp32
 70
1
102
RTVSPost2010Prop33
280
0
102
RTVSPost2010PropOp33
 70
1
102
RTVSPost2010Prop34
280
0
102
RTVSPost2010PropOp34
 70
1
102
RTVSPost2010Prop35
280
0
102
RTVSPost2010PropOp35
 70
1
102
RTVSPost2010Prop36
280
0
102
RTVSPost2010PropOp36
 70
1
102
RTVSPost2010Prop37
 90
50
102
RTVSPost2010PropOp37
 70
1
102
RTVSPost2010Prop38
140
0.0
102
RTVSPost2010PropOp38
 70
1
102
RTVSPost2010Prop39
140
1.0
102
RTVSPost2010PropOp39
 70
1
102
RTVSPost2010Prop40
 90
0
102
RTVSPost2010PropOp40
 70
1
102
RTVSPost2010Prop41ColorIndex
 90
18
102
RTVSPost2010Prop41ColorRGB
 90
0
102
RTVSPost2010PropOp41
 70
1
102
RTVSPost2010Prop42
 90
50
102
RTVSPost2010PropOp42
 70
1
102
RTVSPost2010Prop43
 90
3
102
RTVSPost2010PropOp43
 70
1
102
RTVSPost2010Prop44ColorIndex
 90
5
102
RTVSPost2010Prop44ColorRGB
 90
255
102
RTVSPost2010PropOp44
 70
1
102
RTVSPost2010Prop45
280
0
102
RTVSPost2010PropOp45
 70
1
102
RTVSPost2010Prop46
 90
50
102
RTVSPost2010PropOp46
 70
1
102
RTVSPost2010Prop47
 90
50
102
RTVSPost2010PropOp47
 70
1
102
RTVSPost2010Prop48
 90
50
102
RTVSPost2010PropOp48
 70
1
102
RTVSPost2010Prop49
280
0
102
RTVSPost2010PropOp49
 70
1
102
RTVSPost2010Prop50
 90
50
102
RTVSPost2010PropOp50
 70
1
102
RTVSPost2010Prop51ColorIndex
 90
256
102
RTVSPost2010Prop51ColorRGB
 90
-16777216
102
RTVSPost2010PropOp51
 70
0
102
RTVSPost2010Prop52
140
1.0
102
RTVSPost2010PropOp52
 70
0
102
RTVSPost2010Prop53
 90
2
102
RTVSPost2010PropOp53
 70
1
102
RTVSPost2010Prop54
  1
strokes_ogs.tif
102
RTVSPost2010PropOp54
 70
1
102
RTVSPost2010Prop55
280
0
102
RTVSPost2010PropOp55
 70
1
102
RTVSPost2010Prop56
140
1.0
102
RTVSPost2010PropOp56
 70
1
102
RTVSPost2010Prop57
140
1.0
102
RTVSPost2010PropOp57
 70
1
  0
XRECORD
  5
24D7B
102
{ACAD_REACTORS
330
24D7A
102
}
330
24D7A
100
AcDbXrecord
280
1
102
RTVSPost2010Prop28
280
0
102
RTVSPost2010PropOp28
 70
1
102
RTVSPost2010Prop29
280
1
102
RTVSPost2010PropOp29
 70
1
102
RTVSPost2010Prop30
280
1
102
RTVSPost2010PropOp30
 70
1
102
RTVSPost2010Prop31
280
0
102
RTVSPost2010PropOp31
 70
1
102
RTVSPost2010Prop32
280
0
102
RTVSPost2010PropOp32
 70
1
102
RTVSPost2010Prop33
280
0
102
RTVSPost2010PropOp33
 70
1
102
RTVSPost2010Prop34
280
0
102
RTVSPost2010PropOp34
 70
1
102
RTVSPost2010Prop35
280
0
102
RTVSPost2010PropOp35
 70
1
102
RTVSPost2010Prop36
280
0
102
RTVSPost2010PropOp36
 70
1
102
RTVSPost2010Prop37
 90
50
102
RTVSPost2010PropOp37
 70
1
102
RTVSPost2010Prop38
140
0.0
102
RTVSPost2010PropOp38
 70
1
102
RTVSPost2010Prop39
140
1.0
102
RTVSPost2010PropOp39
 70
1
102
RTVSPost2010Prop40
 90
0
102
RTVSPost2010PropOp40
 70
1
102
RTVSPost2010Prop41ColorIndex
 90
18
102
RTVSPost2010Prop41ColorRGB
 90
0
102
RTVSPost2010PropOp41
 70
1
102
RTVSPost2010Prop42
 90
50
102
RTVSPost2010PropOp42
 70
1
102
RTVSPost2010Prop43
 90
3
102
RTVSPost2010PropOp43
 70
1
102
RTVSPost2010Prop44ColorIndex
 90
5
102
RTVSPost2010Prop44ColorRGB
 90
255
102
RTVSPost2010PropOp44
 70
1
102
RTVSPost2010Prop45
280
0
102
RTVSPost2010PropOp45
 70
1
102
RTVSPost2010Prop46
 90
50
102
RTVSPost2010PropOp46
 70
1
102
RTVSPost2010Prop47
 90
50
102
RTVSPost2010PropOp47
 70
1
102
RTVSPost2010Prop48
 90
50
102
RTVSPost2010PropOp48
 70
1
102
RTVSPost2010Prop49
280
0
102
RTVSPost2010PropOp49
 70
1
102
RTVSPost2010Prop50
 90
50
102
RTVSPost2010PropOp50
 70
1
102
RTVSPost2010Prop51ColorIndex
 90
256
102
RTVSPost2010Prop51ColorRGB
 90
-16777216
102
RTVSPost2010PropOp51
 70
0
102
RTVSPost2010Prop52
140
1.0
102
RTVSPost2010PropOp52
 70
0
102
RTVSPost2010Prop53
 90
2
102
RTVSPost2010PropOp53
 70
1
102
RTVSPost2010Prop54
  1
strokes_ogs.tif
102
RTVSPost2010PropOp54
 70
1
102
RTVSPost2010Prop55
280
0
102
RTVSPost2010PropOp55
 70
1
102
RTVSPost2010Prop56
140
1.0
102
RTVSPost2010PropOp56
 70
1
102
RTVSPost2010Prop57
140
1.0
102
RTVSPost2010PropOp57
 70
1
  0
XRECORD
  5
24D89
102
{ACAD_REACTORS
330
24D88
102
}
330
24D88
100
AcDbXrecord
280
1
102
RTVSPost2010Prop28
280
0
102
RTVSPost2010PropOp28
 70
1
102
RTVSPost2010Prop29
280
1
102
RTVSPost2010PropOp29
 70
1
102
RTVSPost2010Prop30
280
1
102
RTVSPost2010PropOp30
 70
1
102
RTVSPost2010Prop31
280
0
102
RTVSPost2010PropOp31
 70
1
102
RTVSPost2010Prop32
280
0
102
RTVSPost2010PropOp32
 70
1
102
RTVSPost2010Prop33
280
0
102
RTVSPost2010PropOp33
 70
1
102
RTVSPost2010Prop34
280
0
102
RTVSPost2010PropOp34
 70
1
102
RTVSPost2010Prop35
280
0
102
RTVSPost2010PropOp35
 70
1
102
RTVSPost2010Prop36
280
0
102
RTVSPost2010PropOp36
 70
1
102
RTVSPost2010Prop37
 90
50
102
RTVSPost2010PropOp37
 70
1
102
RTVSPost2010Prop38
140
0.0
102
RTVSPost2010PropOp38
 70
1
102
RTVSPost2010Prop39
140
1.0
102
RTVSPost2010PropOp39
 70
1
102
RTVSPost2010Prop40
 90
0
102
RTVSPost2010PropOp40
 70
1
102
RTVSPost2010Prop41ColorIndex
 90
18
102
RTVSPost2010Prop41ColorRGB
 90
0
102
RTVSPost2010PropOp41
 70
1
102
RTVSPost2010Prop42
 90
50
102
RTVSPost2010PropOp42
 70
1
102
RTVSPost2010Prop43
 90
3
102
RTVSPost2010PropOp43
 70
1
102
RTVSPost2010Prop44ColorIndex
 90
5
102
RTVSPost2010Prop44ColorRGB
 90
255
102
RTVSPost2010PropOp44
 70
1
102
RTVSPost2010Prop45
280
0
102
RTVSPost2010PropOp45
 70
1
102
RTVSPost2010Prop46
 90
50
102
RTVSPost2010PropOp46
 70
1
102
RTVSPost2010Prop47
 90
50
102
RTVSPost2010PropOp47
 70
1
102
RTVSPost2010Prop48
 90
50
102
RTVSPost2010PropOp48
 70
1
102
RTVSPost2010Prop49
280
0
102
RTVSPost2010PropOp49
 70
1
102
RTVSPost2010Prop50
 90
50
102
RTVSPost2010PropOp50
 70
1
102
RTVSPost2010Prop51ColorIndex
 90
256
102
RTVSPost2010Prop51ColorRGB
 90
-16777216
102
RTVSPost2010PropOp51
 70
0
102
RTVSPost2010Prop52
140
1.0
102
RTVSPost2010PropOp52
 70
0
102
RTVSPost2010Prop53
 90
2
102
RTVSPost2010PropOp53
 70
1
102
RTVSPost2010Prop54
  1
strokes_ogs.tif
102
RTVSPost2010PropOp54
 70
1
102
RTVSPost2010Prop55
280
0
102
RTVSPost2010PropOp55
 70
1
102
RTVSPost2010Prop56
140
1.0
102
RTVSPost2010PropOp56
 70
1
102
RTVSPost2010Prop57
140
1.0
102
RTVSPost2010PropOp57
 70
1
  0
XRECORD
  5
24D91
102
{ACAD_REACTORS
330
24D90
102
}
330
24D90
100
AcDbXrecord
280
1
102
RTVSPost2010Prop28
280
0
102
RTVSPost2010PropOp28
 70
1
102
RTVSPost2010Prop29
280
1
102
RTVSPost2010PropOp29
 70
1
102
RTVSPost2010Prop30
280
1
102
RTVSPost2010PropOp30
 70
1
102
RTVSPost2010Prop31
280
0
102
RTVSPost2010PropOp31
 70
1
102
RTVSPost2010Prop32
280
0
102
RTVSPost2010PropOp32
 70
1
102
RTVSPost2010Prop33
280
0
102
RTVSPost2010PropOp33
 70
1
102
RTVSPost2010Prop34
280
0
102
RTVSPost2010PropOp34
 70
1
102
RTVSPost2010Prop35
280
0
102
RTVSPost2010PropOp35
 70
1
102
RTVSPost2010Prop36
280
0
102
RTVSPost2010PropOp36
 70
1
102
RTVSPost2010Prop37
 90
50
102
RTVSPost2010PropOp37
 70
1
102
RTVSPost2010Prop38
140
0.0
102
RTVSPost2010PropOp38
 70
1
102
RTVSPost2010Prop39
140
1.0
102
RTVSPost2010PropOp39
 70
1
102
RTVSPost2010Prop40
 90
0
102
RTVSPost2010PropOp40
 70
1
102
RTVSPost2010Prop41ColorIndex
 90
18
102
RTVSPost2010Prop41ColorRGB
 90
0
102
RTVSPost2010PropOp41
 70
1
102
RTVSPost2010Prop42
 90
50
102
RTVSPost2010PropOp42
 70
1
102
RTVSPost2010Prop43
 90
3
102
RTVSPost2010PropOp43
 70
1
102
RTVSPost2010Prop44ColorIndex
 90
5
102
RTVSPost2010Prop44ColorRGB
 90
255
102
RTVSPost2010PropOp44
 70
1
102
RTVSPost2010Prop45
280
0
102
RTVSPost2010PropOp45
 70
1
102
RTVSPost2010Prop46
 90
50
102
RTVSPost2010PropOp46
 70
1
102
RTVSPost2010Prop47
 90
50
102
RTVSPost2010PropOp47
 70
1
102
RTVSPost2010Prop48
 90
50
102
RTVSPost2010PropOp48
 70
1
102
RTVSPost2010Prop49
280
0
102
RTVSPost2010PropOp49
 70
1
102
RTVSPost2010Prop50
 90
50
102
RTVSPost2010PropOp50
 70
1
102
RTVSPost2010Prop51ColorIndex
 90
256
102
RTVSPost2010Prop51ColorRGB
 90
-16777216
102
RTVSPost2010PropOp51
 70
0
102
RTVSPost2010Prop52
140
1.0
102
RTVSPost2010PropOp52
 70
0
102
RTVSPost2010Prop53
 90
2
102
RTVSPost2010PropOp53
 70
1
102
RTVSPost2010Prop54
  1
strokes_ogs.tif
102
RTVSPost2010PropOp54
 70
1
102
RTVSPost2010Prop55
280
0
102
RTVSPost2010PropOp55
 70
1
102
RTVSPost2010Prop56
140
1.0
102
RTVSPost2010PropOp56
 70
1
102
RTVSPost2010Prop57
140
1.0
102
RTVSPost2010PropOp57
 70
1
  0
DICTIONARY
  5
24DA8
330
C
100
AcDbDictionary
280
1
281
1
  3
WRITTEN_BY_EZDXF
350
24DA9
  0
DICTIONARYVAR
  5
24DA9
330
24DA8
100
DictionaryVariables
280
0
  1
1.4.4 @ 2026-10-06T02:42:35.049076+00:00
  0
ENDSEC
  0
EOF
